ImageID,Subset,OriginalURL,OriginalLandingURL,License,AuthorProfileURL,Author,Title,OriginalSize,OriginalMD5,Thumbnail300KURL,Rotation,ClassName,valid_image
59769b08b04dc97b,train,https://c4.staticflickr.com/5/4148/4995410910_4c8693e199_o.jpg,https://www.flickr.com/photos/kurtxio/4995410910,https://creativecommons.org/licenses/by/2.0/,https://www.flickr.com/people/kurtxio/,Roberto Latxaga,Grrrrrrrrrrr,459462,v2hHXY9EcT02E+ZqmqHDkA==,https://c3.staticflickr.com/5/4148/4995410910_bf92c982b6_z.jpg,0.0,Bear,True
f4c5f0088898d6c9,train,https://c2.staticflickr.com/6/5302/5611194447_6257fd5fee_o.jpg,https://www.flickr.com/photos/koyaanisgatsi/5611194447,https://creativecommons.org/licenses/by/2.0/,https://www.flickr.com/people/koyaanisgatsi/,Flashy Soup Can,"Martini in a Blanket, 101/365",473453,Xnq+knEuYBjUfhSk2REKyA==,https://c4.staticflickr.com/6/5302/5611194447_80c4605c9f_z.jpg,,Bear,True
42eb489d302c4d6a,train,https://c3.staticflickr.com/1/200/463009439_c6955ee555_o.jpg,https://www.flickr.com/photos/vroig/463009439,https://creativecommons.org/licenses/by/2.0/,https://www.flickr.com/people/vroig/,VRoig,llunaw9,118034,G/j5vK0EZ5KKQrlraBiiGw==,,,Bear,True
10879e4e73ce08d6,train,https://farm7.staticflickr.com/2555/3709497201_3d2b74b048_o.jpg,https://www.flickr.com/photos/frank-wouters/3709497201,https://creativecommons.org/licenses/by/2.0/,https://www.flickr.com/people/frank-wouters/,belgianchocolate,baby reuzenmiereneter,1027280,L8vOgfjz9ecRMWNrqrBWfg==,https://c8.staticflickr.com/3/2555/3709497201_0f8f9c05f9_z.jpg,0.0,Bear,True
003ad398625cf21c,train,https://c5.staticflickr.com/2/1052/3269607623_37d0317efd_o.jpg,https://www.flickr.com/photos/steveganz/3269607623,https://creativecommons.org/licenses/by/2.0/,https://www.flickr.com/people/steveganz/,Steve Ganz,He Found His Tribe,130151,UCMw014YCFFIjNt5FSRJtg==,https://c8.staticflickr.com/2/1052/3269607623_ec5d45b116_z.jpg?zz=1,0.0,Bear,True
04e539e9824975eb,train,https://c4.staticflickr.com/3/2607/4088711979_d657c95427_o.jpg,https://www.flickr.com/photos/emmeffe6/4088711979,https://creativecommons.org/licenses/by/2.0/,https://www.flickr.com/people/emmeffe6/,emmeffe6,Arthur Rackham - English Fairy Tales,36872,FeHxs1X89RwnulOIPWIahg==,,,Bear,True
5a9b222a4171f7e9,train,https://c2.staticflickr.com/4/3425/3281120512_eec2859502_o.jpg,https://www.flickr.com/photos/dplanet/3281120512,https://creativecommons.org/licenses/by/2.0/,https://www.flickr.com/people/dplanet/,Dplanet::,Amina's Birthday Cake,444703,ChbaPr+Iw9Mh4BIGidOLQQ==,https://c7.staticflickr.com/4/3425/3281120512_a11287590d_z.jpg?zz=1,0.0,Bear,True
1aa1ff24b8e00fc1,train,https://farm2.staticflickr.com/3730/10720387025_24c18c852d_o.jpg,https://www.flickr.com/photos/25949441@N02/10720387025,https://creativecommons.org/licenses/by/2.0/,https://www.flickr.com/people/25949441@N02/,Andrew E. Russell,Wild Black Bear at Anan Bear Observatory,8500949,umaVI9XFr3Yd8o/CRiqDhA==,https://c7.staticflickr.com/4/3730/10720387025_75b9d93dc2_z.jpg,0.0,Bear,True
10fadfb978b4cf08,train,https://c1.staticflickr.com/8/7665/17146471818_36366dbd02_o.jpg,https://www.flickr.com/photos/tjc/17146471818,https://creativecommons.org/licenses/by/2.0/,https://www.flickr.com/people/tjc/,TimothyJ,_260,2443705,zBIz+7j7cn6nj7XZ7Q5Kfw==,https://c3.staticflickr.com/8/7665/17146471818_10fdf4fdfc_z.jpg,0.0,Bear,True
313f58d42179f718,train,https://c1.staticflickr.com/4/3946/15415886987_22ee565afb_o.jpg,https://www.flickr.com/photos/alainalele/15415886987,https://creativecommons.org/licenses/by/2.0/,https://www.flickr.com/people/alainalele/,alainalele,347#atroce#,5610205,H3z35W1SZWnNc+7oqfbw6Q==,https://c1.staticflickr.com/4/3946/15415886987_e63b149d63_z.jpg,0.0,Bear,True
205eb7f34fc6c31a,train,https://c3.staticflickr.com/7/6002/5896899572_00e747ff3a_o.jpg,https://www.flickr.com/photos/spencer77/5896899572,https://creativecommons.org/licenses/by/2.0/,https://www.flickr.com/people/spencer77/,Spencer Wright,"Dancing Bear, Legoland Windsor",1632930,bb93DVeNf83BSwO/ZjgVNA==,https://c3.staticflickr.com/7/6002/5896899572_7374886864_z.jpg,,Bear,True
300c1b5a395595f2,train,https://farm3.staticflickr.com/7292/16454934899_076d253870_o.jpg,https://www.flickr.com/photos/129753316@N04/16454934899,https://creativecommons.org/licenses/by/2.0/,https://www.flickr.com/people/129753316@N04/,aniqueazam,February CPM Art Challenge &quot;Storytime&quot; #1502,1171115,JDVz1i18sAGiUZB5DJKLWw==,https://c1.staticflickr.com/8/7292/16454934899_4ceffc05d6_z.jpg,0.0,Bear,True
9441e63f5782c3bf,train,https://c8.staticflickr.com/4/3520/3460702997_6b008c298f_o.jpg,https://www.flickr.com/photos/wackyvorlon/3460702997,https://creativecommons.org/licenses/by/2.0/,https://www.flickr.com/people/wackyvorlon/,Paul Anderson,IMG_1222,498595,E6EYPz/9jnhQgYhfpFOzCA==,https://c3.staticflickr.com/4/3520/3460702997_5acdd97617_z.jpg,0.0,Bear,True
8d7409a115ec0791,train,https://farm2.staticflickr.com/3673/13678829703_724d268fc9_o.jpg,https://www.flickr.com/photos/27892629@N04/13678829703,https://creativecommons.org/licenses/by/2.0/,https://www.flickr.com/people/27892629@N04/,Caroline Léna Becker,Ours à lunettes (Tremarctos ornatus),1717029,UWCyG/FxuIb2jf6nTjxBKg==,https://c3.staticflickr.com/4/3673/13678829703_287bcc77d3_z.jpg,0.0,Bear,True
02ac5096c2dfb38c,train,https://c5.staticflickr.com/6/5347/7415876188_37d79df0d5_o.jpg,https://www.flickr.com/photos/khalidalbaih/7415876188,https://creativecommons.org/licenses/by/2.0/,https://www.flickr.com/people/khalidalbaih/,Khalid Albaih,الفروق,119879,jx5n3fGpKDXGK2otwRqmwA==,https://c7.staticflickr.com/6/5347/7415876188_2dec7ece48_z.jpg,0.0,Bear,True
0cdeaf5a73782688,train,https://c1.staticflickr.com/1/133/354605845_e668f8c6c0_o.jpg,https://www.flickr.com/photos/henley24/354605845,https://creativecommons.org/licenses/by/2.0/,https://www.flickr.com/people/henley24/,Andrew Henley,Playing with a bucket,1477338,mELl6lFkyrFJ1yrRsYzyrQ==,https://c5.staticflickr.com/1/133/354605845_e668f8c6c0_z.jpg,0.0,Bear,True
9a663969742ef91e,train,https://c7.staticflickr.com/8/7372/8714931901_0b378cab8a_o.jpg,https://www.flickr.com/photos/gotovan/8714931901,https://creativecommons.org/licenses/by/2.0/,https://www.flickr.com/people/gotovan/,GoToVan,Black bears in Whistler Olympic Park,5518048,kK8FFoGTzCuHb6zsx3zM9A==,https://c4.staticflickr.com/8/7372/8714931901_0cc2d9efa1_z.jpg,0.0,Bear,True
2fd937006cb2f9b5,train,https://farm6.staticflickr.com/20/72256306_73a85a068a_o.jpg,https://www.flickr.com/photos/sneezypb/72256306,https://creativecommons.org/licenses/by/2.0/,https://www.flickr.com/people/sneezypb/,Ezra S F,Polar Bear,116237,d8BNBqzvrYzO0Vyr50lbpg==,https://c3.staticflickr.com/1/20/72256306_73a85a068a_z.jpg?zz=1,0.0,Bear,True
098552869822d246,train,https://farm7.staticflickr.com/6005/5934644567_55b82c4fcc_o.jpg,https://www.flickr.com/photos/polapix/5934644567,https://creativecommons.org/licenses/by/2.0/,https://www.flickr.com/people/polapix/,Georg Holderied,Childhood Friends: BRUMMLI,4334680,DIVVaL11SbJS4HCyzCXB3A==,https://c4.staticflickr.com/7/6005/5934644567_e257160fca_z.jpg,0.0,Bear,True
000505f393de23e1,train,https://farm2.staticflickr.com/8035/7961319582_a1817108ff_o.jpg,https://www.flickr.com/photos/immortel/7961319582,https://creativecommons.org/licenses/by/2.0/,https://www.flickr.com/people/immortel/,Immortel,Big kitty at Ähtäri zoo,7368654,tcTe0Iju0ThlrkgM8gRLZA==,https://c1.staticflickr.com/9/8035/7961319582_2efa5bb0b2_z.jpg,0.0,Bear,True
042438aef8cf1ae7,train,https://farm8.staticflickr.com/5043/5360117638_7325e0f6b6_o.jpg,https://www.flickr.com/photos/31031835@N08/5360117638,https://creativecommons.org/licenses/by/2.0/,https://www.flickr.com/people/31031835@N08/,John Tann,fly on blackberry,1453343,KydJM/ZQVcBqL2g7Hr8PHg==,https://c7.staticflickr.com/6/5043/5360117638_41c10b63d0_z.jpg,0.0,Bear,True
d8d9d61e0ef7fdd2,train,https://farm3.staticflickr.com/5496/12044921733_836a33205b_o.jpg,https://www.flickr.com/photos/jeepersmedia/12044921733,https://creativecommons.org/licenses/by/2.0/,https://www.flickr.com/people/jeepersmedia/,Mike Mozart,Valentines Bears Target,137346,eaMf8c5Z6OXkXSHp1Xh/yQ==,https://c7.staticflickr.com/6/5496/12044921733_2f0c860e00_z.jpg,0.0,Bear,True
06bbaa9815e3f5ed,train,https://c6.staticflickr.com/9/8197/8241270861_5a1191cf3e_o.jpg,https://www.flickr.com/photos/julianortegam/8241270861,https://creativecommons.org/licenses/by/2.0/,https://www.flickr.com/people/julianortegam/,Julián Ortega Martínez,Penélope y Tomás,2184801,2CYwB+66xujNtNNO74in/g==,https://c1.staticflickr.com/9/8197/8241270861_0518096348_z.jpg,0.0,Bear,True
0a6515c9d7a1db3c,train,https://c5.staticflickr.com/1/424/19653867859_54827872c9_o.jpg,https://www.flickr.com/photos/cmichel67/19653867859,https://creativecommons.org/licenses/by/2.0/,https://www.flickr.com/people/cmichel67/,Christopher Michel,Polar Bears on Thin Ice,14357038,pJJAxEzUnrqTeoVZi6s/sQ==,https://c8.staticflickr.com/1/424/19653867859_488182da27_z.jpg,0.0,Bear,True
04ab57deeaa84383,train,https://farm4.staticflickr.com/6117/6318670528_bcabf40a9f_o.jpg,https://www.flickr.com/photos/wrtchy/6318670528,https://creativecommons.org/licenses/by/2.0/,https://www.flickr.com/people/wrtchy/,Wrtchy,"Stay with me, please?",522544,x/40vrBbWsxrcJdbp6JXRg==,https://c4.staticflickr.com/7/6117/6318670528_19d0bb347f_z.jpg,,Bear,True
042b59446ba04a67,train,https://farm8.staticflickr.com/7432/13899258447_4d5ac8bdba_o.jpg,https://www.flickr.com/photos/jeffchristiansen/13899258447,https://creativecommons.org/licenses/by/2.0/,https://www.flickr.com/people/jeffchristiansen/,JeffChristiansen,Lioness on Kilimanjaro Safari - Animal Kingdom - Walt Disney World,2592291,HJIkITGotc0bNT/8i/hLPw==,https://c4.staticflickr.com/8/7432/13899258447_0a3214aabf_z.jpg,0.0,Bear,True
e41562e6ddf205f7,train,https://farm8.staticflickr.com/8375/8465091692_acdff7050e_o.jpg,https://www.flickr.com/photos/frauschnatterliese/8465091692,https://creativecommons.org/licenses/by/2.0/,https://www.flickr.com/people/frauschnatterliese/,Sabine Bresser,Knut,393568,VNul69QS3SyWLbBVsfOelw==,https://c6.staticflickr.com/9/8375/8465091692_bcf21d8da0_z.jpg,0.0,Bear,True
f15e651dad7cf3d4,train,https://farm5.staticflickr.com/7235/7375044402_f4099b791e_o.jpg,https://www.flickr.com/photos/byshafiu/7375044402,https://creativecommons.org/licenses/by/2.0/,https://www.flickr.com/people/byshafiu/,Shafiu Hussain,Even Panda crew,9012332,ixVG3eFLtSV2rbuQGH0vdw==,https://c7.staticflickr.com/8/7235/7375044402_18ce5d948f_z.jpg,0.0,Bear,True
386b2f1bcdc4cfca,train,https://c3.staticflickr.com/4/3157/2611668230_d74550d771_o.jpg,https://www.flickr.com/photos/bdwaydiva1/2611668230,https://creativecommons.org/licenses/by/2.0/,https://www.flickr.com/people/bdwaydiva1/,BdwayDiva1,Abandoned Teddy Bear,387075,mxuRbOKtwvxAofNNMoCINw==,https://c7.staticflickr.com/4/3157/2611668230_0de0705635_z.jpg?zz=1,0.0,Bear,True
001adadbd7f62bbd,train,https://c6.staticflickr.com/3/2849/9596507610_4d653accb0_o.jpg,https://www.flickr.com/photos/mbowler/9596507610,https://creativecommons.org/licenses/by/2.0/,https://www.flickr.com/people/mbowler/,Mike Bowler,IMG_3474,3388304,5geO6R/bCGev+286UzZA/g==,https://c6.staticflickr.com/3/2849/9596507610_e64089492f_z.jpg,0.0,Bear,True
9479f9b4e4645ce2,train,https://farm3.staticflickr.com/113/299684424_ced5d5a196_o.jpg,https://www.flickr.com/photos/hisgett/299684424,https://creativecommons.org/licenses/by/2.0/,https://www.flickr.com/people/hisgett/,Tony Hisgett,Red Panda,3289407,iF0M/HL6Ws/dvQlLCxMA1Q==,https://c3.staticflickr.com/1/113/299684424_ced5d5a196_z.jpg,0.0,Bear,True
4014d892f8223b78,train,https://c1.staticflickr.com/1/47/107504399_57dcd8f9ac_o.jpg,https://www.flickr.com/photos/anniemole/107504399,https://creativecommons.org/licenses/by/2.0/,https://www.flickr.com/people/anniemole/,Annie Mole,Going Underground Teddy Bear,148793,GgtIVxRZHRkqaehpHTl0Aw==,,,Bear,True
5c39072bca328a1c,train,https://c5.staticflickr.com/2/1430/746425177_0e230d3fb9_o.jpg,https://www.flickr.com/photos/matthijskoster/746425177,https://creativecommons.org/licenses/by/2.0/,https://www.flickr.com/people/matthijskoster/,Matthijs Koster,Panda statue,109377,7DWVB1gmFfun6/1zIEfGCA==,https://c7.staticflickr.com/2/1430/746425177_a82611d3c9_z.jpg?zz=1,0.0,Bear,True
3b06ba38b7c8a2d6,train,https://farm7.staticflickr.com/79/253119897_db804ef61a_o.jpg,https://www.flickr.com/photos/peterbecker/253119897,https://creativecommons.org/licenses/by/2.0/,https://www.flickr.com/people/peterbecker/,Peter Becker,Polar bear,75372,tmep8RrPSfuERHg0P+7/Hg==,https://c4.staticflickr.com/1/79/253119897_db804ef61a_z.jpg?zz=1,0.0,Bear,True
0356c4824edc964d,train,https://c6.staticflickr.com/9/8541/8641748042_c870465798_o.jpg,https://www.flickr.com/photos/katerha/8641748042,https://creativecommons.org/licenses/by/2.0/,https://www.flickr.com/people/katerha/,Kate Ter Haar,Sequoia,162189,3lo4slUbAcSuYQ261A92pQ==,https://c2.staticflickr.com/9/8541/8641748042_0535cbab68_z.jpg,0.0,Bear,True
4223beb61e16b132,train,https://farm3.staticflickr.com/3699/11632898065_081e2b158c_o.jpg,https://www.flickr.com/photos/emilygracephotography/11632898065,https://creativecommons.org/licenses/by/2.0/,https://www.flickr.com/people/emilygracephotography/,Emily Burnett,Bear,4875766,ZQ3V6VzU2FeQ+NpbPvu9Hw==,https://c8.staticflickr.com/4/3699/11632898065_b68f1cbf7a_z.jpg,0.0,Bear,True
00bd324b33e72e43,train,https://farm4.staticflickr.com/33/36573310_32decb2bcd_o.jpg,https://www.flickr.com/photos/richardkelly/36573310/,https://creativecommons.org/licenses/by/2.0/,https://www.flickr.com/people/richardkelly/,Richard Kelly,"Culzean Castle, detail above main entance arch",923139,9k5WHP3DU0KiaGq8ts3G5A==,https://c8.staticflickr.com/1/33/36573310_32decb2bcd_z.jpg,,Bear,True
8ad35abaa419faa1,train,https://farm2.staticflickr.com/5294/5512622014_671572e4da_o.jpg,https://www.flickr.com/photos/mariadelao2011/5512622014,https://creativecommons.org/licenses/by/2.0/,https://www.flickr.com/people/mariadelao2011/,María Marín,juguetes,97474,0hV2RboIeQcIu540sgpdEQ==,https://c7.staticflickr.com/6/5294/5512622014_82c7062d9a_z.jpg,0.0,Bear,True
06a2f3687c7cbe56,train,https://farm7.staticflickr.com/3882/14999151709_db37714a03_o.jpg,https://www.flickr.com/photos/london/14999151709,https://creativecommons.org/licenses/by/2.0/,https://www.flickr.com/people/london/,Jon Rawlinson,Another shot of the #SpiritBear in the #GreatBearRainforest,129992,GlhNrw8AmnXw3DZVxkTzhA==,https://c6.staticflickr.com/4/3882/14999151709_900dc66c8c_z.jpg,0.0,Bear,True
3ae2eeaea4a59dd6,train,https://farm7.staticflickr.com/8447/7744759824_75dd020d1e_o.jpg,https://www.flickr.com/photos/stepa/7744759824,https://creativecommons.org/licenses/by/2.0/,https://www.flickr.com/people/stepa/,Dmitriy Stepanov,IMG_8120,3021715,xdX99bAPMfbV+BiP1HB1SQ==,https://c7.staticflickr.com/9/8447/7744759824_5cd97b4a37_z.jpg,0.0,Bear,True
4774ec0b3fa620b6,train,https://farm7.staticflickr.com/3843/14796219847_9f7cd11e64_o.jpg,https://www.flickr.com/photos/dannydansoy/14796219847,https://creativecommons.org/licenses/by/2.0/,https://www.flickr.com/people/dannydansoy/,Dan G,Giant Panda Nap Time,9763566,TVNEt6KeU+/kp7k2fUBwkQ==,https://c2.staticflickr.com/4/3843/14796219847_2c79d52c11_z.jpg,0.0,Bear,True
ef72b8511b655153,train,https://farm4.staticflickr.com/2661/4114457095_61fb71b8d4_o.jpg,https://www.flickr.com/photos/mutomasa/4114457095,https://creativecommons.org/licenses/by/2.0/,https://www.flickr.com/people/mutomasa/,Masao Mutoh,Shanghai Zoo,2929629,6KjVtG9iOUNlBtgQZuS6nw==,https://c4.staticflickr.com/3/2661/4114457095_c6f4e206bd_z.jpg,0.0,Bear,True
0357bec0a59b8161,train,https://farm2.staticflickr.com/165/340939732_e39e6b8dd3_o.jpg,https://www.flickr.com/photos/frogbelly/340939732,https://creativecommons.org/licenses/by/2.0/,https://www.flickr.com/people/frogbelly/,The_Gut,Knoxville zoo trip,1810154,kOXR7xIjAZiGXPm1mEfGPw==,https://c8.staticflickr.com/1/165/340939732_e39e6b8dd3_z.jpg,0.0,Bear,True
0eee4ccfefaa6b65,train,https://farm6.staticflickr.com/7086/7239784410_df46d5c4a5_o.jpg,https://www.flickr.com/photos/gotovan/7239784410,https://creativecommons.org/licenses/by/2.0/,https://www.flickr.com/people/gotovan/,GoToVan,Black bears in Whistler Olympic Park,9643657,sWQs+2ZRlzeuld6zYFWjmg==,https://c5.staticflickr.com/8/7086/7239784410_deed71c831_z.jpg,0.0,Bear,True
3210bcb2d79a67e5,train,https://farm6.staticflickr.com/2627/4205509809_763afaacc3_o.jpg,https://www.flickr.com/photos/widehaus/4205509809,https://creativecommons.org/licenses/by/2.0/,https://www.flickr.com/people/widehaus/,WIDEHAUS,Old Friends,1533013,1lTqvAKEciRmbN3B+2UWGg==,https://c3.staticflickr.com/3/2627/4205509809_0d7422ce2e_z.jpg,0.0,Bear,True
c8a142f7497ce3ad,train,https://c6.staticflickr.com/1/14/14288095_840da7d595_o.jpg,https://www.flickr.com/photos/tallchris/14288095,https://creativecommons.org/licenses/by/2.0/,https://www.flickr.com/people/tallchris/,Tall Chris,bear,138333,sbWquWDSNkOzsLc8YyKY0g==,https://c7.staticflickr.com/1/14/14288095_840da7d595_z.jpg?zz=1,0.0,Bear,True
1ae6c3366d69ed44,train,https://farm5.staticflickr.com/4102/4739810943_2856410686_o.jpg,https://www.flickr.com/photos/merajchhaya/4739810943,https://creativecommons.org/licenses/by/2.0/,https://www.flickr.com/people/merajchhaya/,Meraj Chhaya,Lion Park Safari Krugersdorp South Africa-511,1908412,OQ414o8MH/d8YytCkORs6w==,https://c2.staticflickr.com/5/4102/4739810943_c78945e400_z.jpg,0.0,Bear,True
c3a42fd8c3271f9c,train,https://c5.staticflickr.com/6/5464/9406121731_affb29c965_o.jpg,https://www.flickr.com/photos/bcplphoto/9406121731,https://creativecommons.org/licenses/by/2.0/,https://www.flickr.com/people/bcplphoto/,Baltimore County Public Library,Stuffed Animal Sleepover iPad 2 098,1527291,43ITyJWcbqKXcyUs+TnJGg==,https://c8.staticflickr.com/6/5464/9406121731_119e381337_z.jpg,0.0,Bear,True
012bd58296461b43,train,https://farm4.staticflickr.com/3488/3743584087_9c8e27921d_o.jpg,https://www.flickr.com/photos/london/3743584087,https://creativecommons.org/licenses/by/2.0/,https://www.flickr.com/people/london/,Jon Rawlinson,IMG_7505,5099080,e6hfgmLViaeyZDKNUzIgGQ==,https://c3.staticflickr.com/4/3488/3743584087_cf73904341_z.jpg,0.0,Bear,True
6158bb88354df332,train,https://farm3.staticflickr.com/8366/8394035056_37506b6840_o.jpg,https://www.flickr.com/photos/realestatezebra/8394035056,https://creativecommons.org/licenses/by/2.0/,https://www.flickr.com/people/realestatezebra/,Daniel Rothamel,"Saw this fella sleeping an thought, &quot;that's true, @therealbigboi really IS cooler than his toenails.&quot; ;-)",92068,NierAyCnpmaon6aHnpRA9A==,https://c1.staticflickr.com/9/8366/8394035056_3412323a94_z.jpg,,Bear,True
e71c298bda9854d9,train,https://c2.staticflickr.com/9/8174/8066024052_78eedc53b1_o.jpg,https://www.flickr.com/photos/blackwing_de/8066024052,https://creativecommons.org/licenses/by/2.0/,https://www.flickr.com/people/blackwing_de/,Sebastian Werner,Bear!,2793341,dqiC9TJPr30b5xJ3eqUu2w==,https://c1.staticflickr.com/9/8174/8066024052_25154b60ef_z.jpg,0.0,Bear,True
7830799614904d9b,train,https://c4.staticflickr.com/5/4071/4333773193_fdd97ccef5_o.jpg,https://www.flickr.com/photos/httpwwwflickrcomphotostopend/4333773193,https://creativecommons.org/licenses/by/2.0/,https://www.flickr.com/people/httpwwwflickrcomphotostopend/,Stephen Michael Barnett,Funi Panda at Adelaide Zoo,2445559,jXw+zm3bVdjYFB6i6Fy2Fg==,https://c5.staticflickr.com/5/4071/4333773193_ec5e1773b5_z.jpg,0.0,Bear,True
1ebd3caef1ce1468,train,https://c1.staticflickr.com/5/4078/4976186758_ffe2c790a9_o.jpg,https://www.flickr.com/photos/53328988@N05/4976186758,https://creativecommons.org/licenses/by/2.0/,https://www.flickr.com/people/53328988@N05/,Bede Jackson,Fashion Girl,102053,GM6j4Yo583Y+HbVMYng4XQ==,https://c1.staticflickr.com/5/4078/4976186758_e49dd2bce5_z.jpg,0.0,Bear,True
286468a43f2aa4a0,train,https://farm1.staticflickr.com/1237/1391579464_2044d888f7_o.jpg,https://www.flickr.com/photos/nagillum/1391579464,https://creativecommons.org/licenses/by/2.0/,https://www.flickr.com/people/nagillum/,Peter Mulligan,Sea otter,765076,9fZNutYVqGL1FUGnhrEvtA==,https://c1.staticflickr.com/2/1237/1391579464_733c3a68a9_z.jpg,0.0,Bear,True
01461338eac4586a,train,https://c3.staticflickr.com/5/4103/5041141056_ec69866f34_o.jpg,https://www.flickr.com/photos/icaudiovisual/5041141056,https://creativecommons.org/licenses/by/2.0/,https://www.flickr.com/people/icaudiovisual/,Charlie  Cordero Peña,Marimonda Negra,6843717,VItmSB+EZP3HayKBYcGkTw==,https://c5.staticflickr.com/5/4103/5041141056_48d7693546_z.jpg,0.0,Bear,True
f05591981a14749e,train,https://c7.staticflickr.com/1/410/19438003538_5da24b0b35_o.jpg,https://www.flickr.com/photos/cmichel67/19438003538,https://creativecommons.org/licenses/by/2.0/,https://www.flickr.com/people/cmichel67/,Christopher Michel,Polar Bears near the North Pole,2246416,5cGqxc7nfpjopKTfjiYRLw==,https://c5.staticflickr.com/1/410/19438003538_6e5801f69c_z.jpg,0.0,Bear,True
d8fcb802bd574ec2,train,https://farm3.staticflickr.com/7125/7033290979_49ec1f88de_o.jpg,https://www.flickr.com/photos/angryjuliemonday/7033290979,https://creativecommons.org/licenses/by/2.0/,https://www.flickr.com/people/angryjuliemonday/,AngryJulieMonday,Snoopy Cupcakes at Knott's Berry Farm,426771,xaIN4bRFTn03IwTZwfyuGA==,https://c1.staticflickr.com/8/7125/7033290979_5d092eecac_z.jpg,0.0,Bear,True
000aadc350c9ae93,train,https://farm4.staticflickr.com/3434/3732153854_5e0837cbe0_o.jpg,https://www.flickr.com/photos/mycael/3732153854,https://creativecommons.org/licenses/by/2.0/,https://www.flickr.com/people/mycael/,Michael Hensmann,Fit of Anger,289432,SSVE/xETwc4/Rdd1Hpnzbg==,https://c5.staticflickr.com/4/3434/3732153854_b07f2ba0ab_z.jpg?zz=1,0.0,Bear,True
0549ed2225094cd1,train,https://farm2.staticflickr.com/3588/3777980550_aae2ef6eb8_o.jpg,https://www.flickr.com/photos/kalinagoenglish/3777980550,https://creativecommons.org/licenses/by/2.0/,https://www.flickr.com/people/kalinagoenglish/,Karenne Sylvester,grouchy-bear,2089491,jsSmVBcdQogJLYTNvj4goQ==,https://c1.staticflickr.com/4/3588/3777980550_5eb6b8814c_z.jpg,0.0,Bear,True
d3d9f1dee7109f4c,train,https://c5.staticflickr.com/6/5102/5659625864_ec3cc1019b_o.jpg,https://www.flickr.com/photos/picsoflife/5659625864,https://creativecommons.org/licenses/by/2.0/,https://www.flickr.com/people/picsoflife/,Ari Helminen,"Easter Sunday at 東京ディズニーランド, Tokyo Disneyland",2282815,qjnFAV9S5/0RRX0EiDoa/A==,https://c2.staticflickr.com/6/5102/5659625864_59ddae3d52_z.jpg,,Bear,True
430329664e0c91b3,train,https://farm4.staticflickr.com/3112/3092880006_f645705ebb_o.jpg,https://www.flickr.com/photos/andrepax/3092880006,https://creativecommons.org/licenses/by/2.0/,https://www.flickr.com/people/andrepax/,Andrea Passoni,Odio Winnie,3623515,e3hAdgepHWc13LATrNgUjQ==,https://c2.staticflickr.com/4/3112/3092880006_8f2625e7db_z.jpg,0.0,Bear,True
015a01aa0bd321c3,train,https://farm4.staticflickr.com/5582/14602276501_054e9c959b_o.jpg,https://www.flickr.com/photos/alaska_region/14602276501,https://creativecommons.org/licenses/by/2.0/,https://www.flickr.com/people/alaska_region/,USDA Forest Service Alaska Region,DSC_0032,5659786,xvVXQeOVngxm8gx39tq17g==,https://c5.staticflickr.com/6/5582/14602276501_f518a04b5f_z.jpg,0.0,Bear,True
c096063fc338a795,train,https://farm6.staticflickr.com/6208/6068244726_6cecd46fd3_o.jpg,https://www.flickr.com/photos/paulofdx/6068244726,https://creativecommons.org/licenses/by/2.0/,https://www.flickr.com/people/paulofdx/,PAULO,doggy paddle,241022,/yptUJg0la+rhnMoiXvwcQ==,https://c5.staticflickr.com/7/6208/6068244726_b5b4affcf0_z.jpg,0.0,Bear,True
f6b4d2fbdeea89d0,train,https://farm1.staticflickr.com/5487/9857687185_089a23260b_o.jpg,https://www.flickr.com/photos/probabilistic/9857687185,https://creativecommons.org/licenses/by/2.0/,https://www.flickr.com/people/probabilistic/,Erica,IMG_5655,3800453,H2Oab9dkfhblYlWm5pQxdA==,https://c1.staticflickr.com/6/5487/9857687185_98e5a39d7b_z.jpg,0.0,Bear,True
f65ecde981ae1f10,train,https://farm1.staticflickr.com/4094/4776010455_7a4a8e004f_o.jpg,https://www.flickr.com/photos/rukakuusamo/4776010455,https://creativecommons.org/licenses/by/2.0/,https://www.flickr.com/people/rukakuusamo/,Heather Sunderland,Bear Watching Kuusamo Lapland,1397562,g/IWERfRcJ96Sxie9QjMIg==,https://c2.staticflickr.com/5/4094/4776010455_9bf933227d_z.jpg,0.0,Bear,True
045f8f9583ecdfaf,train,https://c8.staticflickr.com/3/2388/2207800831_36bf72e578_o.jpg,https://www.flickr.com/photos/mccord/2207800831,https://creativecommons.org/licenses/by/2.0/,https://www.flickr.com/people/mccord/,Lance McCord,Where Can You See Lions?,3388567,vFQKiKCFA8PACVsH5Vi3Ng==,https://c2.staticflickr.com/3/2388/2207800831_27461cae01_z.jpg,0.0,Bear,True
079d58694eaa837d,train,https://c6.staticflickr.com/8/7694/16985580397_8a40540938_o.jpg,https://www.flickr.com/photos/westoneyes/16985580397,https://creativecommons.org/licenses/by/2.0/,https://www.flickr.com/people/westoneyes/,Durant Weston,Stalker,622378,AI1FAy9g6PLWtckpuIYwKQ==,https://c3.staticflickr.com/8/7694/16985580397_f0100c7bf9_z.jpg,0.0,Bear,True
04c0e4bd538331ae,train,https://c7.staticflickr.com/4/3134/2506042692_5aa67617c8_o.jpg,https://www.flickr.com/photos/-cavin-/2506042692,https://creativecommons.org/licenses/by/2.0/,https://www.flickr.com/people/-cavin-/,Andrew Kuznetsov,Exit,210218,x36BQuQbHioaQXoz9V5K+Q==,https://c6.staticflickr.com/4/3134/2506042692_f9ed1a9766_z.jpg?zz=1,0.0,Bear,True
4f728a76da124c84,train,https://farm5.staticflickr.com/5288/5336411833_04146218b0_o.jpg,https://www.flickr.com/photos/thelivingroominkenmore/5336411833,https://creativecommons.org/licenses/by/2.0/,https://www.flickr.com/people/thelivingroominkenmore/,The Living Room,Gund bear,796842,PsB0ELLxnZiU6JkOblpGAQ==,https://c3.staticflickr.com/6/5288/5336411833_84a3d78490_z.jpg,0.0,Bear,True
0070cc63b93fec24,train,https://farm5.staticflickr.com/8377/8553857908_b76c251fa5_o.jpg,https://www.flickr.com/photos/aurorayorcliffe/8553857908,https://creativecommons.org/licenses/by/2.0/,https://www.flickr.com/people/aurorayorcliffe/,Rora,Some Bunny s me.,159678,o3cfdFMNeIkUyGr/tNuZjw==,https://c4.staticflickr.com/9/8377/8553857908_4bd59ddefe_z.jpg,0.0,Bear,True
d24b86df47ec301e,train,https://c7.staticflickr.com/4/3421/3367603372_1452fee920_o.jpg,https://www.flickr.com/photos/rahuljyoung/3367603372,https://creativecommons.org/licenses/by/2.0/,https://www.flickr.com/people/rahuljyoung/,meg and rahul,Mother and child.,1376951,CY0GbhGVkcsXDLfA5L9gUg==,https://c3.staticflickr.com/4/3421/3367603372_a3cdea86bb_z.jpg,0.0,Bear,True
1c675c0841b1e3fd,train,https://c6.staticflickr.com/9/8659/16389070597_baeec05438_o.jpg,https://www.flickr.com/photos/katmainps/16389070597,https://creativecommons.org/licenses/by/2.0/,https://www.flickr.com/people/katmainps/,Katmai National Park and Preserve,DSC_0203 (2) Cropped,696146,MGQkZ81xOSVlQi1EYq6Lww==,https://c6.staticflickr.com/9/8659/16389070597_3ebc4c8ecc_z.jpg,0.0,Bear,True
2d54727e92188695,train,https://farm6.staticflickr.com/33/64745545_5ad1a777cb_o.jpg,https://www.flickr.com/photos/bootbearwdc/64745545,https://creativecommons.org/licenses/by/2.0/,https://www.flickr.com/people/bootbearwdc/,David,274_7444,407577,SDuJT63kLp3b8yAX7YymrA==,https://c5.staticflickr.com/1/33/64745545_5ad1a777cb_z.jpg?zz=1,0.0,Bear,True
9209444be6560517,train,https://farm8.staticflickr.com/1102/526274916_ea527bad33_o.jpg,https://www.flickr.com/photos/yvonne_n_1968/526274916,https://creativecommons.org/licenses/by/2.0/,https://www.flickr.com/people/yvonne_n_1968/,yvonne n,100_0137,82163,G8YatdXVXsdParl7ciAlUA==,https://c7.staticflickr.com/2/1102/526274916_b79dd66af4_z.jpg?zz=1,0.0,Bear,True
92ced2b013fd6e87,train,https://farm8.staticflickr.com/4024/4484078529_9c2f155ce0_o.jpg,https://www.flickr.com/photos/smemon/4484078529,https://creativecommons.org/licenses/by/2.0/,https://www.flickr.com/people/smemon/,Sean MacEntee,Barcelona Trip,786432,YxW+SvjZWld4WrekA91T2A==,https://c5.staticflickr.com/5/4024/4484078529_0c64705470_z.jpg,0.0,Bear,True
036dd11e1be032cb,train,https://c4.staticflickr.com/9/8002/7165633102_c98cfbc1e4_o.jpg,https://www.flickr.com/photos/francapicc/7165633102,https://creativecommons.org/licenses/by/2.0/,https://www.flickr.com/people/francapicc/,jespahjoy,Paw on foot ...,1449564,j6nB1x4fluj1OP7t7/sfxQ==,https://c1.staticflickr.com/9/8002/7165633102_28901396de_z.jpg,0.0,Bear,True
000b168e791f591d,train,https://c6.staticflickr.com/6/5234/14107523909_49e549c044_o.jpg,https://www.flickr.com/photos/coolmikeol/14107523909,https://creativecommons.org/licenses/by/2.0/,https://www.flickr.com/people/coolmikeol/,Michael Ocampo,Fanime 2014 217,5823118,fkh+sYiak9siBlVaLVzhIg==,https://c5.staticflickr.com/6/5234/14107523909_212d73af6c_z.jpg,0.0,Bear,True
6ec6d8ddcce0de4f,train,https://c8.staticflickr.com/9/8457/8046872146_5cc08ec235_o.jpg,https://www.flickr.com/photos/gwp57/8046872146,https://creativecommons.org/licenses/by/2.0/,https://www.flickr.com/people/gwp57/,George Pankewytch,IMG_4572f,15216912,AEG0nwx3vcDxksxz2EJ42Q==,https://c6.staticflickr.com/9/8457/8046872146_eb0677fcec_z.jpg,0.0,Bear,True
63566ad7285d1766,train,https://farm7.staticflickr.com/51/189689572_104763877c_o.jpg,https://www.flickr.com/photos/robertnyman/189689572,https://creativecommons.org/licenses/by/2.0/,https://www.flickr.com/people/robertnyman/,Robert Nyman,Beijing Zoo,720443,325+NnmHfWlFIV5mXZ6DgA==,https://c4.staticflickr.com/1/51/189689572_104763877c_z.jpg,0.0,Bear,True
75d80c98d344b28f,train,https://c8.staticflickr.com/5/4036/4300676855_ffa23659e5_o.jpg,https://www.flickr.com/photos/alainlm/4300676855,https://creativecommons.org/licenses/by/2.0/,https://www.flickr.com/people/alainlm/,alainlm,at the museum,431643,wdtPNYtxGApbYF6hKEropQ==,https://c5.staticflickr.com/5/4036/4300676855_6f7b5a979a_z.jpg,0.0,Bear,True
0105363b531022db,train,https://c4.staticflickr.com/6/5598/15238625008_4af6c908eb_o.jpg,https://www.flickr.com/photos/noger/15238625008,https://creativecommons.org/licenses/by/2.0/,https://www.flickr.com/people/noger/,Noger Chen,2013_Godzilla 1973(Xplus),687629,ILb//MBjOS6uX4H/sSg4SA==,https://c6.staticflickr.com/6/5598/15238625008_d89845a822_z.jpg,0.0,Bear,True
0fc37c33b7766c66,train,https://farm7.staticflickr.com/3543/3366990562_dea238dcc3_o.jpg,https://www.flickr.com/photos/underpants/3366990562,https://creativecommons.org/licenses/by/2.0/,https://www.flickr.com/people/underpants/,Jason Rosenberg,Obama in Orange County,959074,l90YYVtI9HuxQJzpsx5N2Q==,https://c4.staticflickr.com/4/3543/3366990562_16ea297759_z.jpg,0.0,Bear,True
0240020e25c7e3cf,train,https://c8.staticflickr.com/5/4080/4896664649_66ca2bffa1_o.jpg,https://www.flickr.com/photos/evhead/4896664649,https://creativecommons.org/licenses/by/2.0/,https://www.flickr.com/people/evhead/,Evan Williams,Fat bear,112468,wEHZrhV9VhsPkzXQUVaX0Q==,https://c5.staticflickr.com/5/4080/4896664649_81ed8ab5b5_z.jpg,0.0,Bear,True
0b44aaac63609712,train,https://farm3.staticflickr.com/3809/11258989926_97af662292_o.jpg,https://www.flickr.com/photos/notionscapital/11258989926,https://creativecommons.org/licenses/by/2.0/,https://www.flickr.com/people/notionscapital/,Mike Licht,Polar Bears,5376235,8gmcf3z2R1No5sYB1QOxRA==,https://c8.staticflickr.com/4/3809/11258989926_1e6624da86_z.jpg,0.0,Bear,True
003bd08625dfc14a,train,https://c3.staticflickr.com/4/3089/3737644641_90c0603243_o.jpg,https://www.flickr.com/photos/peterdickinson/3737644641,https://creativecommons.org/licenses/by/2.0/,https://www.flickr.com/people/peterdickinson/,Peter Dickinson,"Shark Hunting Aquarium, Pattaya",2955493,etBkimk5N2W9qbJrkhqjSA==,https://c7.staticflickr.com/4/3089/3737644641_c627f89c78_z.jpg,,Bear,True
0335144bc8deea8b,train,https://c4.staticflickr.com/3/2635/4115224270_172b0e7956_o.jpg,https://www.flickr.com/photos/mutomasa/4115224270,https://creativecommons.org/licenses/by/2.0/,https://www.flickr.com/people/mutomasa/,Masao Mutoh,Shanghai Zoo,3093475,ZazQuC08aWe2mYaP4P2KqA==,https://c8.staticflickr.com/3/2635/4115224270_38db835001_z.jpg,0.0,Bear,True
e06de0f36c2186f4,train,https://farm5.staticflickr.com/5457/8906160739_1280e1116d_o.jpg,https://www.flickr.com/photos/mom2sofia/8906160739,https://creativecommons.org/licenses/by/2.0/,https://www.flickr.com/people/mom2sofia/,Elena Roussakis,"same bear, new look",297273,TduT8Ob6q5FGqG6TTtncig==,https://c1.staticflickr.com/6/5457/8906160739_d7ea9657d7_z.jpg,,Bear,True
36783b5b3b6259aa,train,https://c3.staticflickr.com/1/51/189689469_4973274fc9_o.jpg,https://www.flickr.com/photos/robertnyman/189689469/,https://creativecommons.org/licenses/by/2.0/,https://www.flickr.com/people/robertnyman/,Robert Nyman,Beijing Zoo,624916,MtH0uskSi59YZ7+VUzLWOg==,https://c4.staticflickr.com/1/51/189689469_4973274fc9_z.jpg,0.0,Bear,True
db57a9cf321ee7ba,train,https://c3.staticflickr.com/4/3843/14699025628_d7dd42ed35_o.jpg,https://www.flickr.com/photos/soham_pablo/14699025628,https://creativecommons.org/licenses/by/2.0/,https://www.flickr.com/people/soham_pablo/,Soham Banerjee,Grizzly Bear,708188,tiyDOUgzdj44ceE7oPIUbg==,https://c5.staticflickr.com/4/3843/14699025628_e56104a0e6_z.jpg,0.0,Bear,True
0033c4b3ce23faba,train,https://c3.staticflickr.com/6/5688/21171086238_9975b63d4e_o.jpg,https://www.flickr.com/photos/rjbailey/21171086238,https://creativecommons.org/licenses/by/2.0/,https://www.flickr.com/people/rjbailey/,Ron Bailey,A year ago today from #Timehop.   #outdoors #ohio #AthensCountyOhio #AthensOhio #ohiogram #ohioigers #like #like4like #l4l #likes4likes #photooftheday #love #likeforlike #likesforlikes #liketeam #likeback #likebackteam #instagood #likeall #likealways #lik,34344,ym0FFdnQJR89HI7bMjAx8A==,,,Bear,True
584a6be7c1454434,train,https://farm5.staticflickr.com/3567/3392825031_1aedb1d37d_o.jpg,https://www.flickr.com/photos/binaryape/3392825031,https://creativecommons.org/licenses/by/2.0/,https://www.flickr.com/people/binaryape/,Pete Birkinshaw,Lion in the library,2196617,BLN1IFQ65nho6TSuxO6Mwg==,https://c2.staticflickr.com/4/3567/3392825031_9a788862a7_z.jpg,0.0,Bear,True
ba5b1b09f2300d8b,train,https://c4.staticflickr.com/1/425/19647196369_5e9314f4f6_o.jpg,https://www.flickr.com/photos/cmichel67/19647196369,https://creativecommons.org/licenses/by/2.0/,https://www.flickr.com/people/cmichel67/,Christopher Michel,The real fortress of solitude..,120129,Idk1hCDS3964ISxRoY6o9w==,https://c7.staticflickr.com/1/425/19647196369_d3eefbf857_z.jpg,0.0,Bear,True
e778a7e89bb081c3,train,https://farm4.staticflickr.com/3389/4557187192_c31ee329a0_o.jpg,https://www.flickr.com/photos/sarahbaker/4557187192,https://creativecommons.org/licenses/by/2.0/,https://www.flickr.com/people/sarahbaker/,S B,IMG_3139,205318,ik7PIG4BTCBB4XF8S7CGJw==,https://c1.staticflickr.com/4/3389/4557187192_f4063eaea4_z.jpg,0.0,Bear,True
8083dd0eb75090ca,train,https://c3.staticflickr.com/8/7507/15629166300_85c1b9b264_o.jpg,https://www.flickr.com/photos/vaneeesab/15629166300,https://creativecommons.org/licenses/by/2.0/,https://www.flickr.com/people/vaneeesab/,Vanessa Blaylock,Act11-41-Kannonji-Zen-Retreat,446963,jbChyRmGw3t7b+ZzgZEK+w==,https://c6.staticflickr.com/8/7507/15629166300_18aa4d701c_z.jpg,0.0,Bear,True
47cbec8b9661be90,train,https://farm1.staticflickr.com/3824/19847554960_e0e3f4b777_o.jpg,https://www.flickr.com/photos/ethanhein/19847554960,https://creativecommons.org/licenses/by/2.0/,https://www.flickr.com/people/ethanhein/,Ethan Hein,"Ice Age, full moon",209633,CcEgS0LCVl8gqO7d/LpGvA==,https://c7.staticflickr.com/4/3824/19847554960_99ee03ef8d_z.jpg,,Bear,True
0063f91fbc5d3d0f,train,https://c8.staticflickr.com/4/3904/14911963182_42cb732cd2_o.jpg,https://www.flickr.com/photos/johnragai/14911963182,https://creativecommons.org/licenses/by/2.0/,https://www.flickr.com/people/johnragai/,John Ragai,Passing Moment | Street Patterns | Hat Yai Street 2014,3846611,BY9+mZyT1NqJRftpwshxjQ==,https://c1.staticflickr.com/4/3904/14911963182_f201fb64f7_z.jpg,0.0,Bear,True
0871695be6cde98c,train,https://c5.staticflickr.com/9/8228/8414658452_509406cd03_o.jpg,https://www.flickr.com/photos/59523088@N04/8414658452,https://creativecommons.org/licenses/by/2.0/,https://www.flickr.com/people/59523088@N04/,Poot The dutch,Hay pose,624694,VlFjmqItOgsbTyiPDXQVsQ==,https://c7.staticflickr.com/9/8228/8414658452_3c39b911ef_z.jpg,270.0,Bear,True
61431b6f12dea5b0,train,https://farm1.staticflickr.com/4050/4684044312_f0c7175cb3_o.jpg,https://www.flickr.com/photos/polarphotos/4684044312,https://creativecommons.org/licenses/by/2.0/,https://www.flickr.com/people/polarphotos/,Polar Cruises,Untitled,200490,ujX75rhscLgUkZ2G+QEkdg==,https://c2.staticflickr.com/5/4050/4684044312_df7fabdc9d_z.jpg,0.0,Bear,True
8129d5f65c1cc407,train,https://farm8.staticflickr.com/3307/3274874670_ab7b650aa8_o.jpg,https://www.flickr.com/photos/danielvoyager/3274874670,https://creativecommons.org/licenses/by/2.0/,https://www.flickr.com/people/danielvoyager/,Daniel  Voyager,Sweetheart Bear and the Rabbit,66262,T+ggWWbXEilbVZ2r5suIHQ==,https://c1.staticflickr.com/4/3307/3274874670_ceb0e8af6d_z.jpg?zz=1,0.0,Bear,True
6c8b6688ef2f1c1a,train,https://c3.staticflickr.com/9/8671/15336294144_01b99e7c02_o.jpg,https://www.flickr.com/photos/mdpettitt/15336294144,https://creativecommons.org/licenses/by/2.0/,https://www.flickr.com/people/mdpettitt/,Martin Pettitt,Paddington Bear by Stephen Fry,106271,V3HI68YT8oMuOj+wHndbLw==,https://c5.staticflickr.com/9/8671/15336294144_cec0847bf7_z.jpg,0.0,Bear,True
e9558699736d5f89,train,https://c2.staticflickr.com/4/3914/14943901848_e6b4eb15b6_o.jpg,https://www.flickr.com/photos/bazardelbizzarro/14943901848,https://creativecommons.org/licenses/by/2.0/,https://www.flickr.com/people/bazardelbizzarro/,prof. Bizzarro,boars#cinghiali-49252#,6646282,hEADBYSzK/YZ+HW2aFtTVQ==,https://c4.staticflickr.com/4/3914/14943901848_f9e87dc464_z.jpg,0.0,Bear,True
0928f142af8d5130,train,https://farm1.staticflickr.com/8118/8605152255_47240b4c1f_o.jpg,https://www.flickr.com/photos/mujitra/8605152255,https://creativecommons.org/licenses/by/2.0/,https://www.flickr.com/people/mujitra/,MIKI Yoshihito,Thalarctos maritimus.,3606948,WQmkuxyyGxJTS+3HCG6Bzg==,https://c4.staticflickr.com/9/8118/8605152255_77c13c34b1_z.jpg,0.0,Bear,True
3eaf6474b3985821,train,https://farm2.staticflickr.com/2657/4086912669_961de4b316_o.jpg,https://www.flickr.com/photos/biscotte/4086912669,https://creativecommons.org/licenses/by/2.0/,https://www.flickr.com/people/biscotte/,sophie &amp; cie,fais-moi un câlin...,541115,OKoBU4bCM1pumBiFGGp30g==,https://c5.staticflickr.com/3/2657/4086912669_2301b2d170_z.jpg,0.0,Bear,True
0155b267ade95d1e,train,https://c7.staticflickr.com/4/3246/2876862567_0de2ae063f_o.jpg,https://www.flickr.com/photos/nostri-imago/2876862567/,https://creativecommons.org/licenses/by/2.0/,https://www.flickr.com/people/nostri-imago/,Cliff,Clark's Trading Post Bear Show,265364,Ao1Dd/ETQRmJaiJIS+9sMw==,https://c5.staticflickr.com/4/3246/2876862567_f193f32b6a_z.jpg?zz=1,0.0,Bear,True
04af0dc0511cb98d,train,https://c6.staticflickr.com/9/8099/8557382008_63913c84be_o.jpg,https://www.flickr.com/photos/biodivlibrary/8557382008,https://creativecommons.org/licenses/by/2.0/,https://www.flickr.com/people/biodivlibrary/,Biodiversity Heritage Library,n258_w1150,282869,IsjXa2fIHtfW69jqOFOqzA==,https://c3.staticflickr.com/9/8099/8557382008_cd22f0ffc2_z.jpg,0.0,Bear,True
119211aad0be8b86,train,https://farm7.staticflickr.com/2771/4222605511_4a42fa4e00_o.jpg,https://www.flickr.com/photos/jinterwas/4222605511,https://creativecommons.org/licenses/by/2.0/,https://www.flickr.com/people/jinterwas/,jinterwas,Kleine panda #1,2840802,7RPSICKSjznajR4WWj/hTg==,https://c2.staticflickr.com/3/2771/4222605511_48c1c9f0c9_z.jpg,0.0,Bear,True
0022c7a0b82db4b7,train,https://farm8.staticflickr.com/2023/2107842701_5f74b20124_o.jpg,https://www.flickr.com/photos/arcticroute/2107842701,https://creativecommons.org/licenses/by/2.0/,https://www.flickr.com/people/arcticroute/,arcticroute.com,bar di ghiaccio 003,2885966,jYhidRamhPlulVxmhqavPg==,https://c8.staticflickr.com/3/2023/2107842701_58d72fc8fa_z.jpg,0.0,Bear,True
8246d5ea5949a937,train,https://farm8.staticflickr.com/3106/2522009427_c211647b5c_o.jpg,https://www.flickr.com/photos/7866478@N03/2522009427,https://creativecommons.org/licenses/by/2.0/,https://www.flickr.com/people/thegreatnanners/,the_great_nanners,Sloth Bear,3679190,ZNv+7BP3KGQlNC6mUwZsqw==,https://c4.staticflickr.com/4/3106/2522009427_5da2ab1534_z.jpg,0.0,Bear,True
d78e4c1b41b8ecc3,train,https://farm4.staticflickr.com/8683/16104760974_28b684a42a_o.jpg,https://www.flickr.com/photos/cmichel67/16104760974,https://creativecommons.org/licenses/by/2.0/,https://www.flickr.com/people/cmichel67/,Christopher Michel,The New California.,535183,4NT575/daF8LCdRdFNdPeg==,https://c4.staticflickr.com/9/8683/16104760974_49f45f7e6d_z.jpg,0.0,Bear,True
c8138c4ca7bf5166,train,https://farm7.staticflickr.com/3100/2876874311_dca9d8727f_o.jpg,https://www.flickr.com/photos/nostri-imago/2876874311,https://creativecommons.org/licenses/by/2.0/,https://www.flickr.com/people/nostri-imago/,Cliff,Clark's Trading Post Bear Show,356541,YurCAXdfVs6zqAiuSXGBUw==,https://c7.staticflickr.com/4/3100/2876874311_b161b20c67_z.jpg?zz=1,0.0,Bear,True
49b27a4c80bd355e,train,https://c7.staticflickr.com/9/8673/16042348794_ac56c94223_o.jpg,https://www.flickr.com/photos/fredrte/16042348794,https://creativecommons.org/licenses/by/2.0/,https://www.flickr.com/people/fredrte/,~Ealasaid~,DSC_0118,7516747,oXo04DMUhNPQxG3ZGFMuGw==,https://c1.staticflickr.com/9/8673/16042348794_76d59d85f9_z.jpg,0.0,Bear,True
46a4a9982664c030,train,https://farm1.staticflickr.com/3375/3195595700_ed9c7e0f65_o.jpg,https://www.flickr.com/photos/kylejameson/3195595700,https://creativecommons.org/licenses/by/2.0/,https://www.flickr.com/people/kylejameson/,Kyle Jameson,Lincoln Park Zoo Polar Bear Plaza,404884,g3rwm1Q1JLGOyqwD3tkI3w==,https://c5.staticflickr.com/4/3375/3195595700_d22839c939_z.jpg,0.0,Bear,True
00226ef91e0db41f,train,https://c8.staticflickr.com/5/4028/5157383326_933350c873_o.jpg,https://www.flickr.com/photos/soukup/5157383326,https://creativecommons.org/licenses/by/2.0/,https://www.flickr.com/people/soukup/,Martha Soukup,I H8 Crowds,123694,ybFOyMDfgdn/icsyL25EFQ==,https://c4.staticflickr.com/5/4028/5157383326_1fed5d1ab9_z.jpg,0.0,Bear,True
d27b609beed832ea,train,https://c3.staticflickr.com/8/7158/6605914947_37506dd28f_o.jpg,https://www.flickr.com/photos/15016964@N02/6605914947,https://creativecommons.org/licenses/by/2.0/,https://www.flickr.com/people/15016964@N02/,Marie Hale,Brown-nosed (ring-tailed) coati,1544821,IVcSmsDuerZPUbOTcHfuvw==,https://c1.staticflickr.com/8/7158/6605914947_40643c01e8_z.jpg,0.0,Bear,True
b554e6b6baf7346d,train,https://c6.staticflickr.com/4/3784/13475248975_11e41db90d_o.jpg,https://www.flickr.com/photos/spider4sum/13475248975,https://creativecommons.org/licenses/by/2.0/,https://www.flickr.com/people/spider4sum/,Bucky4Pearls,Molly - Version 2,24634,ABV0qgurAKUgTpZr7z1EMA==,,,Bear,True
26b2d2e1b272be70,train,https://farm1.staticflickr.com/7436/13649835045_a66492c2e9_o.jpg,https://www.flickr.com/photos/dkeats/13649835045,https://creativecommons.org/licenses/by/2.0/,https://www.flickr.com/people/dkeats/,Derek Keats,"Southern Ground Hornbill, Bucorvus leadbeater at Kruger Park",1319022,AbUThFdKFbeUhArM5oATkw==,https://c3.staticflickr.com/8/7436/13649835045_ab56764fd0_z.jpg,,Bear,True
f0e348d80245fcc9,train,https://c2.staticflickr.com/1/43/120733415_98f884f252_o.jpg,https://www.flickr.com/photos/12567713@N00/120733415,https://creativecommons.org/licenses/by/2.0/,https://www.flickr.com/people/12567713@N00/,born1945,"Happy Furry Friday, A Bear Fishing at Grand Teton National Park",99372,xIxuKyjmdx0uGJmUzpzILw==,https://c2.staticflickr.com/1/43/120733415_98f884f252_z.jpg?zz=1,,Bear,True
aa162089efb85adc,train,https://c5.staticflickr.com/3/2399/2520050737_37aca8b797_o.jpg,https://www.flickr.com/photos/edwin11/2520050737,https://creativecommons.org/licenses/by/2.0/,https://www.flickr.com/people/edwin11/,edwin.11,Barengraben in Bern,3417331,ixuXS3S+px+I3pF+YmJWQw==,https://c1.staticflickr.com/3/2399/2520050737_d49cb8e520_z.jpg,0.0,Bear,True
882bea43e9c930a5,train,https://farm6.staticflickr.com/1351/1311664876_965c1e8939_o.jpg,https://www.flickr.com/photos/merec0/1311664876,https://creativecommons.org/licenses/by/2.0/,https://www.flickr.com/people/merec0/,merec0,P9022812,1237188,emsUf7KdfGJ3ihMXzh4vkg==,https://c4.staticflickr.com/2/1351/1311664876_ffe3d592c4_z.jpg,0.0,Bear,True
0ab49e8e5b1241f6,train,https://farm7.staticflickr.com/4055/4289100735_9bfd20a3e0_o.jpg,https://www.flickr.com/photos/misskei/4289100735,https://creativecommons.org/licenses/by/2.0/,https://www.flickr.com/people/misskei/,benketaro,the wind-up,5559386,rZfmz0+Uou1P0XRGuh1zfg==,https://c8.staticflickr.com/5/4055/4289100735_0c2ea5e68c_z.jpg,0.0,Bear,True
b0de8267e16ccfe1,train,https://farm2.staticflickr.com/1325/1441588768_243a6e0332_o.jpg,https://www.flickr.com/photos/26786061@N00/1441588768,https://creativecommons.org/licenses/by/2.0/,https://www.flickr.com/people/26786061@N00/,kcxd,P1010054,53699,xxm1nH/BnsQdWny+Zpi8Ng==,https://c7.staticflickr.com/2/1325/1441588768_a0059212f2_z.jpg?zz=1,0.0,Bear,True
ca4290613441ddad,train,https://c6.staticflickr.com/3/2576/3905209377_7303f78dcd_o.jpg,https://www.flickr.com/photos/arthur_chapman/3905209377,https://creativecommons.org/licenses/by/2.0/,https://www.flickr.com/people/arthur_chapman/,Arthur Chapman,"Bear cutouts near Tok, Alaska",2167602,bqZsBwct/McMtHwmJQIEjw==,https://c2.staticflickr.com/3/2576/3905209377_7b72599254_z.jpg,,Bear,True
9532a520df009caa,train,https://c3.staticflickr.com/1/203/462500055_41c96943b1_o.jpg,https://www.flickr.com/photos/mikebaird/462500055,https://creativecommons.org/licenses/by/2.0/,https://www.flickr.com/people/mikebaird/,Mike Baird,Romp of Otters. Sea Otter Mom with NOT Two Pups but ONE sea-otter-mom-and-pup-4-16-07_2,4622184,btMH3pSXsGjOfnm9T4O7Ug==,https://c5.staticflickr.com/1/203/462500055_9a6af4003f_z.jpg,0.0,Bear,True
07b4c8f7f50d6b0d,train,https://c6.staticflickr.com/3/2491/3982025462_74f1255891_o.jpg,https://www.flickr.com/photos/tomislavmedak/3982025462,https://creativecommons.org/licenses/by/2.0/,https://www.flickr.com/people/tomislavmedak/,tomislav medak,Tromsø's cable car (Fjellheisen),986296,4FSOCzY15mokvvHYF5QY0Q==,https://c7.staticflickr.com/3/2491/3982025462_973b975ff4_z.jpg,0.0,Bear,True
7f882f626387f507,train,https://farm8.staticflickr.com/3069/2804387737_67cb9054ac_o.jpg,https://www.flickr.com/photos/tylerbell/2804387737/,https://creativecommons.org/licenses/by/2.0/,https://www.flickr.com/people/tylerbell/,Tyler Bell,P8050064,1541317,squjG9TW0tIm9UpZsz1dsQ==,https://c8.staticflickr.com/4/3069/2804387737_16f42213e2_z.jpg,0.0,Bear,True
e2bb2528342ab2da,train,https://c3.staticflickr.com/1/251/517628596_1f6b6d7549_o.jpg,https://www.flickr.com/photos/joelrivlin/517628596,https://creativecommons.org/licenses/by/2.0/,https://www.flickr.com/people/joelrivlin/,joelrivlin,Baby panda,540018,DGsYxNr8oKw8K4htUlmJDw==,https://c5.staticflickr.com/1/251/517628596_481d3b4c71_z.jpg,0.0,Bear,True
0067f7b85acc92bd,train,https://c6.staticflickr.com/1/45/120745211_4b56906875_o.jpg,https://www.flickr.com/photos/rzuranski/120745211,https://creativecommons.org/licenses/by/2.0/,https://www.flickr.com/people/rzuranski/,Ralph Zuranski,mandossian alex head shot,25676,ffS13m5IB7AovghjJMYNBw==,,,Bear,True
02939a55009f4288,train,https://c1.staticflickr.com/8/7356/9758662192_a9eacf97bc_o.jpg,https://www.flickr.com/photos/cmichel67/9758662192,https://creativecommons.org/licenses/by/2.0/,https://www.flickr.com/people/cmichel67/,Christopher Michel,Masai Mara,331619,cVbtEfKgSGnFzeqi1zup6g==,https://c8.staticflickr.com/8/7356/9758662192_9ebe4dfaea_z.jpg,0.0,Bear,True
68c183ec30152630,train,https://farm1.staticflickr.com/3814/19756813563_0bee300824_o.jpg,https://www.flickr.com/photos/moondance38/19756813563,https://creativecommons.org/licenses/by/2.0/,https://www.flickr.com/people/moondance38/,sailn1,20150801animalsanc-17.jpg,620382,vcFl86IEekaAJcLSiex+JQ==,https://c1.staticflickr.com/4/3814/19756813563_6c0cbac3a2_z.jpg,0.0,Bear,True
00ce44590d02a7d4,train,https://farm5.staticflickr.com/1110/1217357262_f1fa22bb66_o.jpg,https://www.flickr.com/photos/matthijskoster/1217357262,https://creativecommons.org/licenses/by/2.0/,https://www.flickr.com/people/matthijskoster/,Matthijs Koster,Rhino,117935,GKSb3Aif8iyyh+8XbFHQEw==,https://c1.staticflickr.com/2/1110/1217357262_fc49c4fc16_z.jpg?zz=1,0.0,Bear,True
00eb830f6b216e4c,train,https://c5.staticflickr.com/5/4134/4787912874_82daa3775e_o.jpg,https://www.flickr.com/photos/cjmartin/4787912874,https://creativecommons.org/licenses/by/2.0/,https://www.flickr.com/people/cjmartin/,Chris Martin,P1020031.JPG,5279053,h9QGuO7ahfdiKtATrzpxtQ==,https://c4.staticflickr.com/5/4134/4787912874_10be38fb85_z.jpg,0.0,Bear,True
00b8268b232b6d70,train,https://farm1.staticflickr.com/5083/5256812575_5be3567e7d_o.jpg,https://www.flickr.com/photos/orangeaurochs/5256812575,https://creativecommons.org/licenses/by/2.0/,https://www.flickr.com/people/orangeaurochs/,Orangeaurochs,Cat in a Christmas tree,2718397,Q6AOatfpWAHZpoIeD1zNxQ==,https://c1.staticflickr.com/6/5083/5256812575_0e1efb3e7d_z.jpg,0.0,Bear,True
dfe5dc86785c7afc,train,https://c5.staticflickr.com/9/8248/8490663612_09863539f9_o.jpg,https://www.flickr.com/photos/radarsmum67/8490663612,https://creativecommons.org/licenses/by/2.0/,https://www.flickr.com/people/radarsmum67/,Radarsmum67,At the Walker Art Gallery,1803318,sj0d3KcqITObCmiYIN43zg==,https://c8.staticflickr.com/9/8248/8490663612_85aedef62b_z.jpg,0.0,Bear,True
040076eba4fc15cd,train,https://c6.staticflickr.com/8/7343/15748353204_23f6e13eb5_o.jpg,https://www.flickr.com/photos/eager/15748353204,https://creativecommons.org/licenses/by/2.0/,https://www.flickr.com/people/eager/,準建築人手札網站 Forgemind ArchiMedia,DSC03801 - 2015-0125 台中地景藝術節 迷失小熊,14063229,7MSDbvVIXx4hmCfNi7QPLA==,https://c5.staticflickr.com/8/7343/15748353204_6528509f6e_z.jpg,0.0,Bear,True
976ef191ecb1e641,train,https://farm2.staticflickr.com/8448/7984162187_8f2d4736df_o.jpg,https://www.flickr.com/photos/cletch/7984162187,https://creativecommons.org/licenses/by/2.0/,https://www.flickr.com/people/cletch/,Pat (Cletch) Williams,Montana Grizzly Encounter,76268,Bwa0cIG5bVXW7TRmCEV/ow==,https://c5.staticflickr.com/9/8448/7984162187_3f0b5d0c64_z.jpg,0.0,Bear,True
b2c3c29963e721c7,train,https://farm8.staticflickr.com/8444/7848171418_fbb76d29f4_o.jpg,https://www.flickr.com/photos/edenpictures/7848171418,https://creativecommons.org/licenses/by/2.0/,https://www.flickr.com/people/edenpictures/,"Eden, Janine and Jim",Fisher,5001296,26E5fXJ4M7WlCkLKHjborA==,https://c5.staticflickr.com/9/8444/7848171418_1838a9ba6b_z.jpg,,Bear,True
8b749568c2f633f4,train,https://farm5.staticflickr.com/2218/2367343316_c4f4971b9c_o.jpg,https://www.flickr.com/photos/_fxr/2367343316,https://creativecommons.org/licenses/by/2.0/,https://www.flickr.com/people/_fxr/,_FXR,Beware Bears... I'm coming !!!,2054115,NTro/2Ot9SfRANwFJQb3dw==,https://c5.staticflickr.com/3/2218/2367343316_87e9c6cdcb_z.jpg,0.0,Bear,True
2027b8f4d0856336,train,https://farm7.staticflickr.com/4057/5078643646_d040bfb64b_o.jpg,https://www.flickr.com/photos/triangulodelcafe/5078643646,https://creativecommons.org/licenses/by/2.0/,https://www.flickr.com/people/triangulodelcafe/,Triángulo del Café Travel,"León del Zoológico Matecaña de Pereira, Triángulo del Café",2047340,rwch9Sb0gdLdbC1m6xrxgA==,https://c1.staticflickr.com/5/4057/5078643646_292a104826_z.jpg,,Bear,True
068f3085bcf99f7b,train,https://c4.staticflickr.com/3/2383/1941529334_6741f7b58a_o.jpg,https://www.flickr.com/photos/shimelle/1941529334,https://creativecommons.org/licenses/by/2.0/,https://www.flickr.com/people/shimelle/,Shimelle Laine,sleepy,243075,xt2/8r6MCD0ibI9l5/5U4w==,https://c2.staticflickr.com/3/2383/1941529334_37db5c5a27_z.jpg?zz=1,0.0,Bear,True
63f844b12f3013e1,train,https://farm2.staticflickr.com/5499/9640584809_b67819ae28_o.jpg,https://www.flickr.com/photos/camay/9640584809,https://creativecommons.org/licenses/by/2.0/,https://www.flickr.com/people/camay/,camay,1272324038.jpg,66314,6YzlHprINJETlo5rA0Fq6w==,https://c4.staticflickr.com/6/5499/9640584809_52df6167ec_z.jpg,0.0,Bear,True
00b0e12f37878107,train,https://farm8.staticflickr.com/5222/5603537096_19b45c4099_o.jpg,https://www.flickr.com/photos/webtreatsetc/5603537096,https://creativecommons.org/licenses/by/2.0/,https://www.flickr.com/people/webtreatsetc/,webtreats,Black Inlay Crystal Clear Bubble Icons Animals | IconsEtc,35576,joHIXYMU29iCoct4yya/Hw==,https://c5.staticflickr.com/6/5222/5603537096_739d6d2ef0_z.jpg,0.0,Bear,True
39178643e1b10b80,train,https://farm1.staticflickr.com/4103/5019920865_39a81b2eb0_o.jpg,https://www.flickr.com/photos/noaaphotolib/5019920865,https://creativecommons.org/licenses/by/2.0/,https://www.flickr.com/people/noaaphotolib/,NOAA Photo Library,anim0349,3074420,6PCbw504TiyLssD6CX+mJw==,https://c8.staticflickr.com/5/4103/5019920865_390c8a96f8_z.jpg,0.0,Bear,True
4a881bef15a88dc0,train,https://farm1.staticflickr.com/8584/15419891703_769d5b2938_o.jpg,https://www.flickr.com/photos/t3rmin4t0r/15419891703,https://creativecommons.org/licenses/by/2.0/,https://www.flickr.com/people/t3rmin4t0r/,Gopal Vijayaraghavan,Cub Grizzly,6898031,9xGYgJvu66YEOHBaWcbcpw==,https://c8.staticflickr.com/9/8584/15419891703_b0797b2557_z.jpg,0.0,Bear,True
57394d6bc851c7d2,train,https://farm3.staticflickr.com/3900/14418978269_ceeecdd747_o.jpg,https://www.flickr.com/photos/shankaronline/14418978269,https://creativecommons.org/licenses/by/2.0/,https://www.flickr.com/people/shankaronline/,shankar s.,This bear looks more like a St. Bernard dog!,3097056,npV8x2xoR6NseuJL62jzXg==,https://c7.staticflickr.com/4/3900/14418978269_d84e31e0da_z.jpg,0.0,Bear,True
0069894ceadfee77,train,https://farm8.staticflickr.com/7358/9268816841_4095c0c2fa_o.jpg,https://www.flickr.com/photos/othree/9268816841,https://creativecommons.org/licenses/by/2.0/,https://www.flickr.com/people/othree/,othree,Monster University,6235289,pEXsyC0uL0WEU7J4DuX8RA==,https://c1.staticflickr.com/8/7358/9268816841_032ae00c90_z.jpg,0.0,Bear,True
358e115a6d30a738,train,https://c1.staticflickr.com/7/6018/5998434416_86953f4cf3_o.jpg,https://www.flickr.com/photos/smemon/5998434416,https://creativecommons.org/licenses/by/2.0/,https://www.flickr.com/people/smemon/,Sean MacEntee,Fota Wildlife Park,4654427,Jpyp5EN/UudZ4ACyG+p8lA==,https://c7.staticflickr.com/7/6018/5998434416_2da977ed5a_z.jpg,0.0,Bear,True
042352685fdadb9a,train,https://c3.staticflickr.com/1/3/5741837_54fc2f87a2_o.jpg,https://www.flickr.com/photos/casarico/5741837,https://creativecommons.org/licenses/by/2.0/,https://www.flickr.com/people/casarico/,rijk van kooy,snowman,624155,c6TIvwz80kM/PwVipiijBw==,https://c5.staticflickr.com/1/3/5741837_54fc2f87a2_z.jpg,90.0,Bear,True
00d5eb460eab4613,train,https://farm4.staticflickr.com/274/18515189816_169d0c678a_o.jpg,https://www.flickr.com/photos/astrangelyisolatedplace/18515189816,https://creativecommons.org/licenses/by/2.0/,https://www.flickr.com/people/astrangelyisolatedplace/,astrangelyisolatedplace,SUPing with Peanut.,94655,7I+BoJcP3QIynbnDWvzN/A==,https://c4.staticflickr.com/1/274/18515189816_3db90f4219_z.jpg,0.0,Bear,True
0182d3a6854ac4c2,train,https://farm3.staticflickr.com/7102/7312335586_17c95a8e76_o.jpg,https://www.flickr.com/photos/bontempscharly/7312335586,https://creativecommons.org/licenses/by/2.0/,https://www.flickr.com/people/bontempscharly/,Charles Barilleaux,Bored Lion,2009775,6lx8tGuAE7nAqC/J7v4VQw==,https://c4.staticflickr.com/8/7102/7312335586_a04bf19ac2_z.jpg,0.0,Bear,True
0a71cf8a967245d9,train,https://c2.staticflickr.com/9/8507/8447865039_0b6587cb3f_o.jpg,https://www.flickr.com/photos/blmnevada/8447865039,https://creativecommons.org/licenses/by/2.0/,https://www.flickr.com/people/blmnevada/,BLM Nevada,2-5-13 Diamond Gather,3033686,62Y8G54Cx4NYQIZH5xaFkQ==,https://c4.staticflickr.com/9/8507/8447865039_2b8b916f5c_z.jpg,0.0,Bear,True
72cb7fe029783d8c,train,https://c5.staticflickr.com/4/3001/5720682150_3dd90650c7_o.jpg,https://www.flickr.com/photos/igb/5720682150,https://creativecommons.org/licenses/by/2.0/,https://www.flickr.com/people/igb/,Ian Brown,A bear...in the woods. Sort of.,5324516,qweRmC23EcOl6gY4bAmUmw==,https://c6.staticflickr.com/4/3001/5720682150_02674ddfea_z.jpg,0.0,Bear,True
a9649d6e23551111,train,https://farm2.staticflickr.com/8430/7858000840_7f4433a4d9_o.jpg,https://www.flickr.com/photos/xavierwilkinson/7858000840,https://creativecommons.org/licenses/by/2.0/,https://www.flickr.com/people/xavierwilkinson/,Joshua Livingston,Giz Moe - necro asura,183061,HE5FQLwwuEXv2Ru9fD//lw==,https://c4.staticflickr.com/9/8430/7858000840_953f48e248_z.jpg,0.0,Bear,True
00fd4ce6505792a0,train,https://farm1.staticflickr.com/3427/3266029739_350b60b150_o.jpg,https://www.flickr.com/photos/dr-chuck/3266029739,https://creativecommons.org/licenses/by/2.0/,https://www.flickr.com/people/dr-chuck/,Charles Severance,Sakaiger with Noah on a Bus to the Airport!,44669,FVaEaVnhMTHzYrrGo77K0A==,https://c2.staticflickr.com/4/3427/3266029739_34bc642869_z.jpg?zz=1,0.0,Bear,True
000146c7049f4491,train,https://farm2.staticflickr.com/23/35069779_23b36594e5_o.jpg,https://www.flickr.com/photos/fhsu/35069779,https://creativecommons.org/licenses/by/2.0/,https://www.flickr.com/people/fhsu/,Fred Hsu,Grassy field,2436419,cfIVe+8Kl02U8JcYFqaLag==,https://c7.staticflickr.com/1/23/35069779_23b36594e5_z.jpg,0.0,Bear,True
ef0dce163ca60a38,train,https://c1.staticflickr.com/9/8737/16470556864_7f43de1a3a_o.jpg,https://www.flickr.com/photos/126737906@N08/16470556864,https://creativecommons.org/licenses/by/2.0/,https://www.flickr.com/people/126737906@N08/,Ben High,Waddle waddle,7557051,nZbYjxhmgVJTWCT2TnDHeQ==,https://c7.staticflickr.com/9/8737/16470556864_c1e2b316b8_z.jpg,0.0,Bear,True
ba7742db0fad1f8f,train,https://c8.staticflickr.com/5/4101/4820254265_c2ef894559_o.jpg,https://www.flickr.com/photos/edenpictures/4820254265,https://creativecommons.org/licenses/by/2.0/,https://www.flickr.com/people/edenpictures/,"Eden, Janine and Jim",Tree Kangaroo,2228976,evZb10CA+S8cu/wwXBg4Qw==,https://c2.staticflickr.com/5/4101/4820254265_1c80cc3b7d_z.jpg,,Bear,True
cbc10fe503a3c272,train,https://farm3.staticflickr.com/2736/4433133304_47a9850994_o.jpg,https://www.flickr.com/photos/lullaby_71/4433133304,https://creativecommons.org/licenses/by/2.0/,https://www.flickr.com/people/lullaby_71/,Giorgio Nicodemo,Orso andino,1749769,vcoS1J7pqN/+ELiZerYHrA==,https://c2.staticflickr.com/3/2736/4433133304_85db58935e_z.jpg,0.0,Bear,True
9e2f4b02a0f8fba4,train,https://farm5.staticflickr.com/753/20083894064_6ff0be2395_o.jpg,https://www.flickr.com/photos/usfwsmidwest/20083894064,https://creativecommons.org/licenses/by/2.0/,https://www.flickr.com/people/usfwsmidwest/,USFWSmidwest,Black Bear Family,12971249,Cp9hC1lwFMRFKBrUekQp1A==,https://c8.staticflickr.com/1/753/20083894064_4b99919d9f_z.jpg,0.0,Bear,True
2ed35221428e9874,train,https://farm5.staticflickr.com/3207/2823943565_18fa6deed9_o.jpg,https://www.flickr.com/photos/janetmck/2823943565,https://creativecommons.org/licenses/by/2.0/,https://www.flickr.com/people/janetmck/,Janet McKnight,OH HAI,497649,eFwwup69KsZ21aKzXy0Twg==,https://c4.staticflickr.com/4/3207/2823943565_4394138328_z.jpg,90.0,Bear,True
76ea6b1e055d93fa,train,https://c3.staticflickr.com/9/8244/8463993329_25064eb9d4_o.jpg,https://www.flickr.com/photos/frauschnatterliese/8463993329,https://creativecommons.org/licenses/by/2.0/,https://www.flickr.com/people/frauschnatterliese/,Sabine Bresser,Knut,361303,k5ZSkfQXgufVj5pQwoJe2g==,https://c7.staticflickr.com/9/8244/8463993329_49658045c6_z.jpg,0.0,Bear,True
ed4fedde68779724,train,https://farm5.staticflickr.com/3167/2550017682_c4361e7e5a_o.jpg,https://www.flickr.com/photos/eggnara/2550017682,https://creativecommons.org/licenses/by/2.0/,https://www.flickr.com/people/eggnara/,"egg (Hong, Yun Seon)",팬더,3582950,fLJrBGZbsxqj/7mFalzndg==,https://c4.staticflickr.com/4/3167/2550017682_5941f1c448_z.jpg,,Bear,True
17a2878f626868c5,train,https://farm6.staticflickr.com/7207/6993124699_7013ba7246_o.jpg,https://www.flickr.com/photos/mshehan/6993124699,https://creativecommons.org/licenses/by/2.0/,https://www.flickr.com/people/mshehan/,Michael Shehan Obeysekera,"Mom, 5 more minutes",256914,PXLt6XfFKi4mYaYV6P3M+Q==,https://c5.staticflickr.com/8/7207/6993124699_fe6e198176_z.jpg,,Bear,True
307905829a4ff5fb,train,https://c4.staticflickr.com/1/100/307983988_5a04e92251_o.jpg,https://www.flickr.com/photos/mikebaird/307983988,https://creativecommons.org/licenses/by/2.0/,https://www.flickr.com/people/mikebaird/,Mike Baird,rouvaishyana-bear-WOW-w,1384895,MfERlupp+X8DDKfRmGKZUw==,https://c2.staticflickr.com/1/100/307983988_5a04e92251_z.jpg,0.0,Bear,True
3a69e353567ca266,train,https://farm7.staticflickr.com/4035/4289909623_878837e1c2_o.jpg,https://www.flickr.com/photos/jumpyjodes/4289909623,https://creativecommons.org/licenses/by/2.0/,https://www.flickr.com/people/jumpyjodes/,Jodie Wilson,polar excursion,1360314,v9JKws5FJMDbnsn4KfV1AQ==,https://c1.staticflickr.com/5/4035/4289909623_e6cc8a784c_z.jpg,0.0,Bear,True
18f90224f41ac70f,train,https://c8.staticflickr.com/9/8108/8540919645_0d9364a074_o.jpg,https://www.flickr.com/photos/cogdog/8540919645,https://creativecommons.org/licenses/by/2.0/,https://www.flickr.com/people/cogdog/,Alan Levine,2013/365/68 Panda Contemplative,5002843,VVOUaB0OqrcWpN0tZElTeQ==,https://c3.staticflickr.com/9/8108/8540919645_eedcbbbb76_z.jpg,0.0,Bear,True
02ef37947289b861,train,https://farm2.staticflickr.com/2568/4190816582_e313ef5346_o.jpg,https://www.flickr.com/photos/markwoodbury/4190816582,https://creativecommons.org/licenses/by/2.0/,https://www.flickr.com/people/markwoodbury/,Mark Woodbury,DSC_1803,3091370,mNBatbjYf1KhrDYL6plnng==,https://c5.staticflickr.com/3/2568/4190816582_3c7c92f820_z.jpg,0.0,Bear,True
0b472209179f3b42,train,https://farm3.staticflickr.com/8204/8238680909_c8f99a7b26_o.jpg,https://www.flickr.com/photos/lennartt/8238680909,https://creativecommons.org/licenses/by/2.0/,https://www.flickr.com/people/lennartt/,Lennart Tange,Polar Bear at Bar,10156823,dlu47ZGxQvWrxm+f3sDh/g==,https://c6.staticflickr.com/9/8204/8238680909_b7e974c846_z.jpg,0.0,Bear,True
5908b56096cccd24,train,https://farm5.staticflickr.com/1134/962238920_cd08349b9d_o.jpg,https://www.flickr.com/photos/c32/962238920,https://creativecommons.org/licenses/by/2.0/,https://www.flickr.com/people/c32/,Carlos Varela,Untitled,888738,fnuAFgEIaVdwaIx1rvYREw==,https://c8.staticflickr.com/2/1134/962238920_2b3714c231_z.jpg,0.0,Bear,True
fb87f76487592286,train,https://farm7.staticflickr.com/8285/7765098472_789655ff40_o.jpg,https://www.flickr.com/photos/deischi/7765098472,https://creativecommons.org/licenses/by/2.0/,https://www.flickr.com/people/deischi/,Harald Deischinger,Bear Fishing,8716288,5Udh9SvSeWw2y03pIsVImQ==,https://c1.staticflickr.com/9/8285/7765098472_b5bb463ee9_z.jpg,0.0,Bear,True
8ea1bb2fea3c5b4d,train,https://c6.staticflickr.com/4/3591/3382416354_70095a8e94_o.jpg,https://www.flickr.com/photos/jenrab/3382416354,https://creativecommons.org/licenses/by/2.0/,https://www.flickr.com/people/jenrab/,Jen,Polar bear scratching his back,2859003,udAyyjJQGd3i384Ho2TsUA==,https://c6.staticflickr.com/4/3591/3382416354_3e1aaae6fd_z.jpg,0.0,Bear,True
020bb401b2c1532c,train,https://c5.staticflickr.com/8/7566/16096413819_4bf47227c8_o.jpg,https://www.flickr.com/photos/rikkis_refuge/16096413819,https://creativecommons.org/licenses/by/2.0/,https://www.flickr.com/people/rikkis_refuge/,Rikki&#x27;s  Refuge,Tiffy is looking for a forever home!,34494,cXd0EYBY4e1531CBbbXcDA==,https://c5.staticflickr.com/8/7566/16096413819_018610c3bc_z.jpg,0.0,Bear,True
886bc3daf324c85b,train,https://c4.staticflickr.com/2/1091/553955755_641b556c24_o.jpg,https://www.flickr.com/photos/chascar/553955755,https://creativecommons.org/licenses/by/2.0/,https://www.flickr.com/people/chascar/,chascar,Grizzly Bear,2567435,z03EJAyfvNyJ3pM1IRGUCA==,https://c8.staticflickr.com/2/1091/553955755_2ba3f4c7dd_z.jpg,0.0,Bear,True
0f93729f0f43a04f,train,https://c8.staticflickr.com/4/3233/2936809572_1232dbfbf3_o.jpg,https://www.flickr.com/photos/jetalone/2936809572,https://creativecommons.org/licenses/by/2.0/,https://www.flickr.com/people/jetalone/,Hajime NAKANO,Shishikurayama Trek (Okutama) 熊出没注意(鹿倉山トレッキング),170989,jV3OlHFGSG0CWB/iW5buhw==,https://c2.staticflickr.com/4/3233/2936809572_a712c160f1_z.jpg?zz=1,0.0,Bear,True
19ae56cc2d93a9bf,train,https://c8.staticflickr.com/3/2268/2187965565_1e3c237d8c_o.jpg,https://www.flickr.com/photos/tbisaacs/2187965565,https://creativecommons.org/licenses/by/2.0/,https://www.flickr.com/people/tbisaacs/,Travis Isaacs,zoo236,4712344,hy5agnM/GF5gdZDYepHQnA==,https://c5.staticflickr.com/3/2268/2187965565_34bf4e9522_z.jpg,0.0,Bear,True
1b538178d35300e0,train,https://farm1.staticflickr.com/3044/2958968192_8e7f00c343_o.jpg,https://www.flickr.com/photos/armyenvironmental/2958968192,https://creativecommons.org/licenses/by/2.0/,https://www.flickr.com/people/armyenvironmental/,U.S. Army Environmental Command,"Monday, October 6, 2008",718704,x0Ri4jr0rue9HSX2XCgCIQ==,https://c8.staticflickr.com/4/3044/2958968192_61d549fb19_z.jpg,,Bear,True
19b281a401885bfc,train,https://c5.staticflickr.com/6/5308/5661160665_c9eb9b659e_o.jpg,https://www.flickr.com/photos/26049404@N05/5661160665,https://creativecommons.org/licenses/by/2.0/,https://www.flickr.com/people/26049404@N05/,Rick Weiss,Pandas!,5697887,LnLThWgK0qW1IzvVbMhwRg==,https://c8.staticflickr.com/6/5308/5661160665_c61748e103_z.jpg,0.0,Bear,True
4e74ecc850ab7021,train,https://farm2.staticflickr.com/3350/3267392034_4b53e6e560_o.jpg,https://www.flickr.com/photos/wendypiersall/3267392034,https://creativecommons.org/licenses/by/2.0/,https://www.flickr.com/people/wendypiersall/,Wendy Piersall,SeaWorld Orlando Mommy Blogger Day!,2294171,sK2kZfZW+4xfUWJVKzGLAg==,https://c3.staticflickr.com/4/3350/3267392034_e76262242b_z.jpg,0.0,Bear,True
016fad0385ccfdff,train,https://c8.staticflickr.com/5/4094/4898703206_bd07a7f99d_o.jpg,https://www.flickr.com/photos/daquellamanera/4898703206/,https://creativecommons.org/licenses/by/2.0/,https://www.flickr.com/people/daquellamanera/,Daniel Lobo,Sabertooth Prairie Dog,1393599,R8Qu4S6S3wBnjme9N5wpeA==,https://c3.staticflickr.com/5/4094/4898703206_a5b98be498_z.jpg,0.0,Bear,True
01d15d88cbe349f2,train,https://farm3.staticflickr.com/2439/3760766532_cbf8a975ce_o.jpg,https://www.flickr.com/photos/srslyguys/3760766532,https://creativecommons.org/licenses/by/2.0/,https://www.flickr.com/people/srslyguys/,srslyguys,Polar Poop!,4059554,2ONATftcm4oD1FJJfbnAUA==,https://c8.staticflickr.com/3/2439/3760766532_1d6d1a02bc_z.jpg,0.0,Bear,True
005d4a1ec6d9af26,train,https://farm7.staticflickr.com/5794/20502122124_acef2cebc3_o.jpg,https://www.flickr.com/photos/78428166@N00/20502122124,https://creativecommons.org/licenses/by/2.0/,https://www.flickr.com/people/78428166@N00/,Tony Alter,I am washing all his other blankets.,107030,N3NDKiyYhjAnzymjZBxPrg==,https://c6.staticflickr.com/6/5794/20502122124_3e23211171_z.jpg,0.0,Bear,True
3f44b5c4986b4685,train,https://farm6.staticflickr.com/3273/2617018958_9736a5dffb_o.jpg,https://www.flickr.com/photos/zaskoda/2617018958,https://creativecommons.org/licenses/by/2.0/,https://www.flickr.com/people/zaskoda/,Zaskoda,The Mobile Office in AK,155355,YAlmy3d9Yo4yWMjH7Iyr7w==,https://c2.staticflickr.com/4/3273/2617018958_67c824df73_z.jpg?zz=1,0.0,Bear,True
8b5a404dee5e8a89,train,https://c2.staticflickr.com/1/398/19853406742_9228bb6a39_o.jpg,https://www.flickr.com/photos/cmichel67/19853406742,https://creativecommons.org/licenses/by/2.0/,https://www.flickr.com/people/cmichel67/,Christopher Michel,Polar Bear,125152,thC3ErB9W7srlM5+gbWqSA==,https://c4.staticflickr.com/1/398/19853406742_5313bdf279_z.jpg,0.0,Bear,True
8a70205b78fb707f,train,https://c8.staticflickr.com/1/117/365747505_148936ca2f_o.jpg,https://www.flickr.com/photos/shansby/365747505,https://creativecommons.org/licenses/by/2.0/,https://www.flickr.com/people/shansby/,shansby,Attenti al Gatto,2288087,I9vLQjrxg25h5bVaPZQO7A==,https://c7.staticflickr.com/1/117/365747505_148936ca2f_z.jpg,0.0,Bear,True
211027fb4ce253c0,train,https://farm1.staticflickr.com/6024/5930441397_041393701d_o.jpg,https://www.flickr.com/photos/karinjonsson/5930441397,https://creativecommons.org/licenses/by/2.0/,https://www.flickr.com/people/karinjonsson/,Karin Jonsson,Björn,809764,cWxLougNaZwVUOapLJmqBQ==,https://c8.staticflickr.com/7/6024/5930441397_4e06091b76_z.jpg,0.0,Bear,True
d42e70e493fcc504,train,https://farm5.staticflickr.com/5083/5242888153_e5a316a961_o.jpg,https://www.flickr.com/photos/junezel/5242888153,https://creativecommons.org/licenses/by/2.0/,https://www.flickr.com/people/junezel/,thomas park,Cafe Panda,4153285,14ilQ6n9xRjRTrTLtsqJQQ==,https://c8.staticflickr.com/6/5083/5242888153_a505af4a4f_z.jpg,0.0,Bear,True
02732515fe1f9dd0,train,https://farm1.staticflickr.com/8350/8229599099_8858b293a3_o.jpg,https://www.flickr.com/photos/usfwshq/8229599099,https://creativecommons.org/licenses/by/2.0/,https://www.flickr.com/people/usfwshq/,U.S. Fish and Wildlife Service Headquarters,"Polar bears snuggling, Arctic National Wildlife Refuge",69445,fGUOKKdO9Xt1jztFrjfeyw==,https://c5.staticflickr.com/9/8350/8229599099_259a7ba606_z.jpg,,Bear,True
aac5c8b00e2360eb,train,https://c4.staticflickr.com/3/2146/2396885437_ef3ec54948_o.jpg,https://www.flickr.com/photos/eflon/2396885437,https://creativecommons.org/licenses/by/2.0/,https://www.flickr.com/people/eflon/,eflon,Sad Bear,5727012,lU/KGNwLUXPHzDvMM42xpQ==,https://c2.staticflickr.com/3/2146/2396885437_33a54e0f27_z.jpg,0.0,Bear,True
01d349f395d91e43,train,https://farm4.staticflickr.com/2288/2495703676_e7d19dba7b_o.jpg,https://www.flickr.com/photos/sunnycentralflorida/2495703676,https://creativecommons.org/licenses/by/2.0/,https://www.flickr.com/people/sunnycentralflorida/,VisitCentralFL,2008 Tourism Luncheon and Awards 033,1363103,Y0V5mGc+kW/Cu/Ke62OYEA==,https://c5.staticflickr.com/3/2288/2495703676_9e6c6e4dc6_z.jpg,0.0,Bear,True
0291634fd88056a7,train,https://farm8.staticflickr.com/7168/6794696861_cf1296145d_o.jpg,https://www.flickr.com/photos/mbwa_pr/6794696861,https://creativecommons.org/licenses/by/2.0/,https://www.flickr.com/people/mbwa_pr/,MBWA PR,"Fred Schäfer, Geschäftsführer ECR-solutions",353115,7Iwtjy8mSXR1LBCmdhpdrQ==,https://c2.staticflickr.com/8/7168/6794696861_ca4f6661c9_z.jpg,,Bear,True
74e57884158f683a,train,https://c3.staticflickr.com/5/4060/4715543683_312a60cccf_o.jpg,https://www.flickr.com/photos/chucknado/4715543683,https://creativecommons.org/licenses/by/2.0/,https://www.flickr.com/people/chucknado/,Charles Nadeau,Dear dairy,178990,jj3oa/S3M6W27EmO75P+Qg==,https://c6.staticflickr.com/5/4060/4715543683_1ca20c3b6d_z.jpg,0.0,Bear,True
b6d54a08977fa13d,train,https://c6.staticflickr.com/2/1402/1388986172_e2aed6181b_o.jpg,https://www.flickr.com/photos/beamillion/1388986172,https://creativecommons.org/licenses/by/2.0/,https://www.flickr.com/people/beamillion/,Bea,Chinese-Dragon head,1079769,7nBqYQ3ar2/jLZlGj9dKLw==,https://c4.staticflickr.com/2/1402/1388986172_9c88e5cfe2_z.jpg,0.0,Bear,True
00604a0bb35c3877,train,https://farm8.staticflickr.com/8510/8454059411_30e56fd533_o.jpg,https://www.flickr.com/photos/nps_wear/8454059411,https://creativecommons.org/licenses/by/2.0/,https://www.flickr.com/people/nps_wear/,Western Arctic National Parklands,Take a Big Deep Breath,550986,s+D6YTttveTuxGHEL6zo+A==,https://c3.staticflickr.com/9/8510/8454059411_fac66e484f_z.jpg,0.0,Bear,True
44d122bec5830567,train,https://farm8.staticflickr.com/1058/557192925_7e88e1161a_o.jpg,https://www.flickr.com/photos/joshp/557192925,https://creativecommons.org/licenses/by/2.0/,https://www.flickr.com/people/joshp/,Josh Petersen,IMG_1685.JPG,149027,Wwkio7E3hdzJ+VIecCT6YA==,https://c3.staticflickr.com/2/1058/557192925_03c3b78e84_z.jpg?zz=1,0.0,Bear,True
007c51f1389e470e,train,https://c7.staticflickr.com/8/7588/17081456250_437f6c2078_o.jpg,https://www.flickr.com/photos/hugo90/17081456250,https://creativecommons.org/licenses/by/2.0/,https://www.flickr.com/people/hugo90/,JOHN LLOYD,1948 Kaiser,964864,bEN6G56FzHSZsEHprnTQ4A==,https://c3.staticflickr.com/8/7588/17081456250_1571eda80c_z.jpg,0.0,Bear,True
93ad58b6890d44fa,train,https://c3.staticflickr.com/3/2291/2520039921_31a00f6199_o.jpg,https://www.flickr.com/photos/edwin11/2520039921,https://creativecommons.org/licenses/by/2.0/,https://www.flickr.com/people/edwin11/,edwin.11,Barengraben in Bern,3430249,c3HchDOkgh6Qcgxs1B3GeA==,https://c7.staticflickr.com/3/2291/2520039921_7cd3b8a7dd_z.jpg,0.0,Bear,True
fd66c5e49d486f52,train,https://farm3.staticflickr.com/190/481063476_8d163bcddc_o.jpg,https://www.flickr.com/photos/wonderlane/481063476,https://creativecommons.org/licenses/by/2.0/,https://www.flickr.com/people/wonderlane/,Wonderlane,Laela's sheep (anteater looking goat sheep),182106,s0KM6a+VtE5x8wNO85vL2Q==,https://c7.staticflickr.com/1/190/481063476_ba3bd9e030_z.jpg?zz=1,0.0,Bear,True
53293f81b7489b94,train,https://farm5.staticflickr.com/2905/14505935431_f45da5c184_o.jpg,https://www.flickr.com/photos/ssipple/14505935431,https://creativecommons.org/licenses/by/2.0/,https://www.flickr.com/people/ssipple/,Sharon Sipple,SharonSipple_20140622_4174,10535058,ycylpVv/r9leT9W/pcicfA==,https://c6.staticflickr.com/3/2905/14505935431_1c50e8724a_z.jpg,0.0,Bear,True
0945ece2861553ce,train,https://c7.staticflickr.com/4/3804/12253238975_e04e9cc44d_o.jpg,https://www.flickr.com/photos/wildlife2wildplaces777/12253238975,https://creativecommons.org/licenses/by/2.0/,https://www.flickr.com/people/wildlife2wildplaces777/,juliejean bell,BIGBRUINS4ART1,1201724,8gVRQGqCglAH08ybtN7NGA==,https://c2.staticflickr.com/4/3804/12253238975_d40c43fcf2_z.jpg,0.0,Bear,True
5dedcc604a30ec32,train,https://farm3.staticflickr.com/388/18786021270_24405db200_o.jpg,https://www.flickr.com/photos/mamsy/18786021270,https://creativecommons.org/licenses/by/2.0/,https://www.flickr.com/people/mamsy/,bookfinch,P4041464,3536321,KcEcUmnKnBJ9nv+FaDBMrQ==,https://c7.staticflickr.com/1/388/18786021270_ff391c0318_z.jpg,0.0,Bear,True
f7afbd7337c34468,train,https://c1.staticflickr.com/2/1404/1052556676_22da3026a3_o.jpg,https://www.flickr.com/photos/austinevan/1052556676,https://creativecommons.org/licenses/by/2.0/,https://www.flickr.com/people/austinevan/,Evan Bench,bears in the 19th arrondissement,460337,d0hzskS7uKhQW+Ry4ongxA==,https://c6.staticflickr.com/2/1404/1052556676_9c50997961_z.jpg,0.0,Bear,True
4be18442d17215fd,train,https://c6.staticflickr.com/9/8635/16707880541_9b4942181d_o.jpg,https://www.flickr.com/photos/dlochlin/16707880541,https://creativecommons.org/licenses/by/2.0/,https://www.flickr.com/people/dlochlin/,David Lochlin,Sun Bear(Helarctos malayanus),4754111,iVXSsCko9TAHdkuiBEx6Mw==,https://c8.staticflickr.com/9/8635/16707880541_7c122eb4c3_z.jpg,0.0,Bear,True
3db7fb75b940ef18,train,https://c1.staticflickr.com/8/7635/16932845327_22d4cf8420_o.jpg,https://www.flickr.com/photos/chiefranger/16932845327,https://creativecommons.org/licenses/by/2.0/,https://www.flickr.com/people/chiefranger/,ChiefRanger,IMG_2645,3511905,mlCytypah5lK22jjP6EYug==,https://c2.staticflickr.com/8/7635/16932845327_685e3a53de_z.jpg,0.0,Bear,True
00ddfbe91c1deba7,train,https://farm8.staticflickr.com/2928/14134151750_69e0e10f5d_o.jpg,https://www.flickr.com/photos/harlequeen/14134151750,https://creativecommons.org/licenses/by/2.0/,https://www.flickr.com/people/harlequeen/,Neil McIntosh,DSC_3193_edited-1,4319353,EfZxEVahAqEm1E7YOm6FZg==,https://c2.staticflickr.com/3/2928/14134151750_2f026f3a0f_z.jpg,0.0,Bear,True
038b98eb997055ea,train,https://c3.staticflickr.com/9/8103/8508962668_5167698d6f_o.jpg,https://www.flickr.com/photos/yto/8508962668,https://creativecommons.org/licenses/by/2.0/,https://www.flickr.com/people/yto/,Tatsuo Yamashita,うちの子の大好きなタヌキの絵（まついのりこ あいうえおのほん より）,125822,Ub5Fs4tR7RrkDFrnYsqYpA==,https://c6.staticflickr.com/9/8103/8508962668_cec855653a_z.jpg,0.0,Bear,True
bb59e2fa4c36b0cc,train,https://c5.staticflickr.com/4/3719/9157766375_61d7a98b4d_o.jpg,https://www.flickr.com/photos/artiomgorgan/9157766375,https://creativecommons.org/licenses/by/2.0/,https://www.flickr.com/people/artiomgorgan/,Artiom Gorgan,Crazy Bear,1304465,8rVpp4q+uVFRcTADNrtg9w==,https://c7.staticflickr.com/4/3719/9157766375_c748b7a441_z.jpg,0.0,Bear,True
00007c2cfba2c489,train,https://c2.staticflickr.com/1/50/133067217_9c27664b97_o.jpg,https://www.flickr.com/photos/lyng883/133067217,https://creativecommons.org/licenses/by/2.0/,https://www.flickr.com/people/lyng883/,Lyn Gateley,"DSC02037, Panama Canal, Colon, Panama",165575,dZ4r6/dUl+sYw5x0yQlQAg==,https://c4.staticflickr.com/1/50/133067217_9c27664b97_z.jpg?zz=1,,Bear,True
1680236290eff77a,train,https://c3.staticflickr.com/1/666/20864211090_a7bd328f1f_o.jpg,https://www.flickr.com/photos/sanjoy/20864211090,https://creativecommons.org/licenses/by/2.0/,https://www.flickr.com/people/sanjoy/,Sanjoy Ghosh,Road to Toklat,1185542,DzELufLmIBs2tvuX1WCOUA==,https://c6.staticflickr.com/1/666/20864211090_4d71895de1_z.jpg,0.0,Bear,True
0889756b16620a80,train,https://farm1.staticflickr.com/6038/6213342169_e677e02e9f_o.jpg,https://www.flickr.com/photos/49511010@N08/6213342169,https://creativecommons.org/licenses/by/2.0/,https://www.flickr.com/people/49511010@N08/,Angela Marie,Vielfraß,3623860,WKrGjvNUelEXad46dxsCyw==,https://c7.staticflickr.com/7/6038/6213342169_1accb9aa79_z.jpg,0.0,Bear,True
05e2a5f4f3f0f402,train,https://farm3.staticflickr.com/2305/2064668047_cd4f7f7f14_o.jpg,https://www.flickr.com/photos/ssanyal/2064668047,https://creativecommons.org/licenses/by/2.0/,https://www.flickr.com/people/ssanyal/,Shayan (USA),Yosemite Valley - Mirror Lake Trail,934567,w8jOG+862/sP6ec81iypTg==,https://c1.staticflickr.com/3/2305/2064668047_815f3fe7d5_z.jpg,0.0,Bear,True
16b26f9b6ea38e87,train,https://farm8.staticflickr.com/6003/5939390362_2113bac250_o.jpg,https://www.flickr.com/photos/42119509@N07/5939390362,https://creativecommons.org/licenses/by/2.0/,https://www.flickr.com/people/42119509@N07/,efeikiss,Teddy guinea pigs,77285,JZZsp/OGQ64We45guoMaxw==,,,Bear,True
0178c388046539d6,train,https://farm7.staticflickr.com/1326/4599607427_15a055f0a6_o.jpg,https://www.flickr.com/photos/31038475@N04/4599607427,https://creativecommons.org/licenses/by/2.0/,https://www.flickr.com/people/31038475@N04/,Pierre Honeyman,Untitled,347938,BhVq6CaFNSw9VRqwgFHTHw==,https://c6.staticflickr.com/2/1326/4599607427_2b042e1ccd_z.jpg,0.0,Bear,True
00db8b107c833406,train,https://farm7.staticflickr.com/5624/21512839336_9d90ed4dfa_o.jpg,https://www.flickr.com/photos/gemma33/21512839336,https://creativecommons.org/licenses/by/2.0/,https://www.flickr.com/people/gemma33/,Grazia Fasano,IMGP6888,2090827,zeWCTIM9tvNA2sCcwaDwIg==,https://c7.staticflickr.com/6/5624/21512839336_c791f9e2f3_z.jpg,270.0,Bear,True
a04b0cc72f441714,train,https://farm5.staticflickr.com/3537/3341648781_24b8b485c9_o.jpg,https://www.flickr.com/photos/ralphandjenny/3341648781,https://creativecommons.org/licenses/by/2.0/,https://www.flickr.com/people/ralphandjenny/,Ralph Daily,Night Clothes,10420739,Fpvyy/Cr1U34KIgFVdIwhA==,https://c6.staticflickr.com/4/3537/3341648781_7140924f1c_z.jpg,0.0,Bear,True
c6217bbbcecc3520,train,https://farm1.staticflickr.com/7384/13002284785_42decae876_o.jpg,https://www.flickr.com/photos/tarralayne/13002284785,https://creativecommons.org/licenses/by/2.0/,https://www.flickr.com/people/tarralayne/,Tarra Layne,"The Yellow Couch Sessions are officially up on iTunes!Even cooler, I just received word that Pandora accepted the submission! Gonna be a few days, but arm your radio station folks!  Small steps, big smiles. #tarralayne #itunes #pandora #yellowcouchsession",155476,02hF+6NlecI2MtSXJ1OZFQ==,https://c5.staticflickr.com/8/7384/13002284785_2995ea3546_z.jpg,,Bear,True
d65a68bcd85e1c77,train,https://farm8.staticflickr.com/5616/15332665917_4879c302f6_o.jpg,https://www.flickr.com/photos/jsjgeology/15332665917,https://creativecommons.org/licenses/by/2.0/,https://www.flickr.com/people/jsjgeology/,James St. John,Spasmodic Geyser's southeastern pool (16 August 2014) 1,3459773,oiZY2jE7PtKRKcokLi8HUQ==,https://c8.staticflickr.com/6/5616/15332665917_4292463249_z.jpg,0.0,Bear,True
9fe896cb9d359842,train,https://farm3.staticflickr.com/7311/8875009711_45705a9568_o.jpg,https://www.flickr.com/photos/hikingmike/8875009711,https://creativecommons.org/licenses/by/2.0/,https://www.flickr.com/people/hikingmike/,HikingMike,"Mineral King Road, 25 miles (and 1.25 vertical miles) of ridiculous mountain goat road",1430457,Iy4t+laJK7OvXoIeIL/Ydw==,https://c4.staticflickr.com/8/7311/8875009711_5c0bbb9020_z.jpg,,Bear,True
01bbd343218e473b,train,https://c4.staticflickr.com/4/3675/9194378588_3ce9900ede_o.jpg,https://www.flickr.com/photos/pleia2/9194378588/,https://creativecommons.org/licenses/by/2.0/,https://www.flickr.com/people/pleia2/,Elizabeth Krumbach Joseph,DSC02128,5555745,vr5GJ0mhTqgF6cDBZCL3IQ==,https://c1.staticflickr.com/4/3675/9194378588_8852e51f48_z.jpg,0.0,Bear,True
5c46fc8b19dda14a,train,https://c3.staticflickr.com/4/3796/9078472088_552c58e0f5_o.jpg,https://www.flickr.com/photos/boogafrito/9078472088,https://creativecommons.org/licenses/by/2.0/,https://www.flickr.com/people/boogafrito/,David,Toronto Zoo - Polar Bear Swim 3D Stereogram,218946,b4ToMsUGiqZqwdBIFz9E0g==,https://c8.staticflickr.com/4/3796/9078472088_c2d6b5ae3f_z.jpg,0.0,Bear,True
54439ac90417f71d,train,https://c6.staticflickr.com/4/3254/3092587497_3f54de1769_o.jpg,https://www.flickr.com/photos/andreaprave/3092587497,https://creativecommons.org/licenses/by/2.0/,https://www.flickr.com/people/andreaprave/,Andrea Pravettoni,Lontre,918873,7kG95PSXaozmXaqyurfvGQ==,https://c1.staticflickr.com/4/3254/3092587497_77b78b5c4a_z.jpg?zz=1,0.0,Bear,True
fe889250c3b30003,train,https://farm4.staticflickr.com/8072/8299930056_a21d55795d_o.jpg,https://www.flickr.com/photos/dakiny/8299930056/,https://creativecommons.org/licenses/by/2.0/,https://www.flickr.com/people/dakiny/,Toshihiro Gamo,ゴールデンターキンの子供 (Golden Takin children),6581778,UIKMEPZFbiuJ2rn4CIjYnQ==,https://c7.staticflickr.com/9/8072/8299930056_15a2ede56a_z.jpg,0.0,Bear,True
001b4f6d9aedff6f,train,https://c8.staticflickr.com/4/3102/3141210698_218f9d5c1b_o.jpg,https://www.flickr.com/photos/spinkney/3141210698,https://creativecommons.org/licenses/by/2.0/,https://www.flickr.com/people/spinkney/,S J Pinkney,Sri Lanka,2216802,xeAMBx9nc4ssf67cII5BWw==,https://c1.staticflickr.com/4/3102/3141210698_ec3357cae0_z.jpg,0.0,Bear,True
e9f44d1397992da1,train,https://farm2.staticflickr.com/4112/5054776941_19513e548e_o.jpg,https://www.flickr.com/photos/11872189@N00/5054776941,https://creativecommons.org/licenses/by/2.0/,https://www.flickr.com/people/11872189@N00/,Alex Garcia,Day 136/365,338759,X20ZsT/BDhjduB/4xSFRBw==,https://c3.staticflickr.com/5/4112/5054776941_961d96138b_z.jpg,0.0,Bear,True
cf8c65403bb84ae0,train,https://farm1.staticflickr.com/8713/16198515543_2676cec61e_o.jpg,https://www.flickr.com/photos/animalsculpture/16198515543,https://creativecommons.org/licenses/by/2.0/,https://www.flickr.com/people/animalsculpture/,Eunjeong Heo,Polarbears,2165622,gBeKnnSqY9OSxoKkWcQrPw==,https://c8.staticflickr.com/9/8713/16198515543_9ae2c6a80a_z.jpg,0.0,Bear,True
1c6122a3cd42d298,train,https://c1.staticflickr.com/6/5161/5256229255_b374119bb6_o.jpg,https://www.flickr.com/photos/edenpictures/5256229255,https://creativecommons.org/licenses/by/2.0/,https://www.flickr.com/people/edenpictures/,"Eden, Janine and Jim",Annual Fund Drive,659531,RZ9+L50PUWWzGazXOqmpTw==,https://c4.staticflickr.com/6/5161/5256229255_a1840221d2_z.jpg,,Bear,True
dd81cd5c91c336cf,train,https://c8.staticflickr.com/3/2640/3768616860_938702e722_o.jpg,https://www.flickr.com/photos/andreweick/3768616860,https://creativecommons.org/licenses/by/2.0/,https://www.flickr.com/people/andreweick/,Andy Eick,Panda bear waiting for bugs to eat....,1329653,+T+4HN+BgU6KCBnp32faLA==,https://c4.staticflickr.com/3/2640/3768616860_ca96ba1d68_z.jpg,0.0,Bear,True
fc4667a7d985b683,train,https://farm4.staticflickr.com/3257/5817871489_f72d11b0cd_o.jpg,https://www.flickr.com/photos/kabacchi/5817871489,https://creativecommons.org/licenses/by/2.0/,https://www.flickr.com/people/kabacchi/,Kabacchi,Polar Bear - 29,434916,ZZnK7BJ7V3MxxT2x0M2TRA==,https://c8.staticflickr.com/4/3257/5817871489_662ce13c1e_z.jpg,0.0,Bear,True
1b6a0e26cc906308,train,https://c1.staticflickr.com/2/1133/4733116279_d41edac20a_o.jpg,https://www.flickr.com/photos/29074894@N05/4733116279,https://creativecommons.org/licenses/by/2.0/,https://www.flickr.com/people/29074894@N05/,22Lauren,the three bears,2879773,B9/3ZfVvz44J5jJnL2c6mg==,https://c1.staticflickr.com/2/1133/4733116279_2eea0db6e6_z.jpg,0.0,Bear,True
01bace6c9e411e90,train,https://farm1.staticflickr.com/5448/8809872511_89a9d395d3_o.jpg,https://www.flickr.com/photos/tuchodi/8809872511,https://creativecommons.org/licenses/by/2.0/,https://www.flickr.com/people/tuchodi/,tuchodi,Mother Bear,501017,WGPmeRvCvbRL15gAcXNEOQ==,https://c5.staticflickr.com/6/5448/8809872511_2b0566d247_z.jpg,0.0,Bear,True
0057a7bfc4dc8dfd,train,https://c6.staticflickr.com/9/8012/7361377584_35fe281b0e_o.jpg,https://www.flickr.com/photos/qubodup/7361377584,https://creativecommons.org/licenses/by/2.0/,https://www.flickr.com/people/qubodup/,Iwan Gabovitch,BMJ28,102648,DE3/UcTXQN/nMQ5APEP3iQ==,https://c8.staticflickr.com/9/8012/7361377584_05e5f48e6e_z.jpg,0.0,Bear,True
43046615ed290d4d,train,https://c6.staticflickr.com/3/2777/4180557726_61b130ab90_o.jpg,https://www.flickr.com/photos/qole/4180557726,https://creativecommons.org/licenses/by/2.0/,https://www.flickr.com/people/qole/,Alan Bruce,Elephant Poo Poo Paper,138446,rCHHVI7LqD5vTNYgAD28XQ==,https://c7.staticflickr.com/3/2777/4180557726_75fd07e1c1_z.jpg,0.0,Bear,True
3bd9539dc19f54ce,train,https://c7.staticflickr.com/6/5497/11146889116_d923804dc3_o.jpg,https://www.flickr.com/photos/21218849@N03/11146889116,https://creativecommons.org/licenses/by/2.0/,https://www.flickr.com/people/21218849@N03/,Samuel Mann,Dunedin Santa Parade 2013,2220982,DMjALn5dllAkv+Tn4LbSfg==,https://c7.staticflickr.com/6/5497/11146889116_9d6417b177_z.jpg,0.0,Bear,True
0033aee72996ed2c,train,https://c5.staticflickr.com/3/2550/3880221719_5344a680bc_o.jpg,https://www.flickr.com/photos/hermanusbackpackers/3880221719,https://creativecommons.org/licenses/by/2.0/,https://www.flickr.com/people/hermanusbackpackers/,Hermanus Backpackers,Raw00104,5373952,C9DoRFpq3hYZwt52/6rVZw==,https://c6.staticflickr.com/3/2550/3880221719_fd00cda5d4_z.jpg,0.0,Bear,True
338f4b6f394c8ead,train,https://c6.staticflickr.com/9/8463/8104680205_1283c344a7_o.jpg,https://www.flickr.com/photos/jakubsolovsky/8104680205,https://creativecommons.org/licenses/by/2.0/,https://www.flickr.com/people/jakubsolovsky/,Jakub Solovský,Kitten,546144,8fFq31e1QWE9GX0jVhJwSw==,https://c1.staticflickr.com/9/8463/8104680205_b48babe37e_z.jpg,0.0,Bear,True
5747d457808901ef,train,https://c8.staticflickr.com/4/3200/2400463795_e3326ea955_o.jpg,https://www.flickr.com/photos/cytech/2400463795,https://creativecommons.org/licenses/by/2.0/,https://www.flickr.com/people/cytech/,Kazuhisa OTSUBO,ぬいぐるみ,3640538,H8Kn+k/P1Yh3T7AGReJcVg==,https://c2.staticflickr.com/4/3200/2400463795_192ac71120_z.jpg,0.0,Bear,True
73d046c375a365f6,train,https://farm7.staticflickr.com/3705/9521398853_2f0476b2c8_o.jpg,https://www.flickr.com/photos/kakutani/9521398853,https://creativecommons.org/licenses/by/2.0/,https://www.flickr.com/people/kakutani/,Shintaro Kakutani,Panda,5768544,4V1E/A4K787pi1u1pBX0xA==,https://c5.staticflickr.com/4/3705/9521398853_6fceb90441_z.jpg,0.0,Bear,True
062a80330a9d0978,train,https://c1.staticflickr.com/5/4004/4428952123_0735ee9217_o.jpg,https://www.flickr.com/photos/veganfeast/4428952123,https://creativecommons.org/licenses/by/2.0/,https://www.flickr.com/people/veganfeast/,Vegan Feast Catering,My Dog Likes Strawberry Cakes,2288615,k4f3jMXq8GURgHeBTign+Q==,https://c2.staticflickr.com/5/4004/4428952123_5ce650438c_z.jpg,0.0,Bear,True
a6b2762de077c9a7,train,https://farm8.staticflickr.com/89/250552031_4ebdd3a832_o.jpg,https://www.flickr.com/photos/57096438@N00/250552031,https://creativecommons.org/licenses/by/2.0/,https://www.flickr.com/people/nadadenovo/,Naíza Vieira,Untitled,94291,jmhv+iT7+JHBY41binmCgQ==,https://c2.staticflickr.com/1/89/250552031_4ebdd3a832_z.jpg?zz=1,0.0,Bear,True
7c2c73cb165bf888,train,https://c1.staticflickr.com/5/4015/4283266280_95de5d607d_o.jpg,https://www.flickr.com/photos/sweetlikepete/4283266280,https://creativecommons.org/licenses/by/2.0/,https://www.flickr.com/people/sweetlikepete/,Peter Bodechtel,IMG_2098,5166602,zPKUeF0QqSu/C2ReeSuWDQ==,https://c4.staticflickr.com/5/4015/4283266280_356376f2fa_z.jpg,0.0,Bear,True
f1d3f331f5d1b018,train,https://c1.staticflickr.com/1/448/20047822308_1b7c63321e_o.jpg,https://www.flickr.com/photos/photographingtravis/20047822308,https://creativecommons.org/licenses/by/2.0/,https://www.flickr.com/people/photographingtravis/,Travis Wise,Pandas,577788,Zkb9I8MKOA8vNzw5eh2vWw==,https://c4.staticflickr.com/1/448/20047822308_f2ca32923f_z.jpg,0.0,Bear,True
071240c7bc3b8ecc,train,https://c5.staticflickr.com/5/4009/4307882735_8fbb27f343_o.jpg,https://www.flickr.com/photos/enixii/4307882735,https://creativecommons.org/licenses/by/2.0/,https://www.flickr.com/people/enixii/,chia ying Yang,誰是團團??誰是圓圓??,6719788,apKu+CI4GrXd8p1tb4ZxyQ==,https://c1.staticflickr.com/5/4009/4307882735_efd4e205f7_z.jpg,0.0,Bear,True
4d1977612ed2a013,train,https://farm4.staticflickr.com/28/59403003_1fbc372b46_o.jpg,https://www.flickr.com/photos/karent/59403003,https://creativecommons.org/licenses/by/2.0/,https://www.flickr.com/people/karent/,Karen,Meagan,1305919,GIbvL1nVKlJOVFtjvJUYwg==,https://c3.staticflickr.com/1/28/59403003_1fbc372b46_z.jpg,0.0,Bear,True
008469f0df521c28,train,https://c1.staticflickr.com/7/6071/6041181510_4d0edfb450_o.jpg,https://www.flickr.com/photos/maxpfandl/6041181510,https://creativecommons.org/licenses/by/2.0/,https://www.flickr.com/people/maxpfandl/,Max Pfandl,Baby Seal,1593074,K4B9NNJngxWR91c+BS8sNQ==,https://c4.staticflickr.com/7/6071/6041181510_5b689a2c5a_z.jpg,0.0,Bear,True
4ebb4c26df1db880,train,https://farm1.staticflickr.com/4069/4717746212_6c0f5cbb81_o.jpg,https://www.flickr.com/photos/pallina60loon/4717746212,https://creativecommons.org/licenses/by/2.0/,https://www.flickr.com/people/pallina60loon/,pallina60 Loon,HB Second Life :-),182673,Gk5rZl8hYWJUdqrwlcnAkw==,https://c1.staticflickr.com/5/4069/4717746212_e0c86809e9_z.jpg,0.0,Bear,True
00c5e5f5b30e7f38,train,https://c1.staticflickr.com/8/7252/7819536724_3609d96ca1_o.jpg,https://www.flickr.com/photos/donhomer/7819536724,https://creativecommons.org/licenses/by/2.0/,https://www.flickr.com/people/donhomer/,Michael Bentley,Lion Enjoying Fresh Air,6369612,uV1AbBNsHXz6nDkQu7dafw==,https://c3.staticflickr.com/8/7252/7819536724_2153bf85d0_z.jpg,0.0,Bear,True
6799a1912dca3e77,train,https://farm8.staticflickr.com/6110/6264978279_8e324efac9_o.jpg,https://www.flickr.com/photos/42409752@N07/6264978279,https://creativecommons.org/licenses/by/2.0/,https://www.flickr.com/people/42409752@N07/,amareta kelly,anteater-giant,57089,QA091vDdIVQ7AJTp09meaQ==,https://c3.staticflickr.com/7/6110/6264978279_dbf8286fcc_z.jpg,0.0,Bear,True
011c6425c03d027c,train,https://c5.staticflickr.com/4/3011/2695216508_009c1d7ddc_o.jpg,https://www.flickr.com/photos/wm_archiv/2695216508,https://creativecommons.org/licenses/by/2.0/,https://www.flickr.com/people/wm_archiv/,Allie_Caulfield,2007-03-24 04-01 Cloppenburg 032 Tierpark Thüle,3293589,zlrG1qD77KPTGNo9x427DA==,https://c3.staticflickr.com/4/3011/2695216508_fd4c9d25f0_z.jpg,0.0,Bear,True
017575a7e2462a4d,train,https://c6.staticflickr.com/4/3071/2852743884_88b1254e1b_o.jpg,https://www.flickr.com/photos/teddyllovet/2852743884,https://creativecommons.org/licenses/by/2.0/,https://www.flickr.com/people/teddyllovet/,Teddy Llovet,Sea Lions,3102026,WWKvsEC7eHNGFPwjCNQzuw==,https://c1.staticflickr.com/4/3071/2852743884_a6bf37d8e7_z.jpg,0.0,Bear,True
0281515b9f40aee4,train,https://farm5.staticflickr.com/5622/22052693556_ca0be879a6_o.jpg,https://www.flickr.com/photos/deel/22052693556,https://creativecommons.org/licenses/by/2.0/,https://www.flickr.com/people/deel/,dee &amp; tula monstah,Seacrow at the 🎃patch #puppygram #cattledogmix #rescuedogsofinstagram #fallishere #dogdaysoffun #scarecrow,120042,lOBPmuMdvKvQAk3pJeb6hw==,https://c3.staticflickr.com/6/5622/22052693556_bb0f918da1_z.jpg,0.0,Bear,True
f3bf66385b864089,train,https://c2.staticflickr.com/9/8618/16627952335_d03dcfab57_o.jpg,https://www.flickr.com/photos/rodeime/16627952335,https://creativecommons.org/licenses/by/2.0/,https://www.flickr.com/people/rodeime/,Roderick Eime,Polar Bear in the Arctic - Chris van Hove - Aurora Expeditions,7342457,nXKWon7Mg4S7Rvyfsv9+SQ==,https://c6.staticflickr.com/9/8618/16627952335_518c7e739d_z.jpg,0.0,Bear,True
41385f32793ece64,train,https://farm5.staticflickr.com/5544/10120964323_29d627dd23_o.jpg,https://www.flickr.com/photos/jaffathecake/10120964323,https://creativecommons.org/licenses/by/2.0/,https://www.flickr.com/people/jaffathecake/,Jake Archibald,DSC_0151,1626450,T7/W28b/eY6uUWo+mGhCuA==,https://c5.staticflickr.com/6/5544/10120964323_7c37f0081b_z.jpg,0.0,Bear,True
050161c9fb552aef,train,https://c8.staticflickr.com/4/3072/2575725530_d54138968b_o.jpg,https://www.flickr.com/photos/ruthanddave/2575725530,https://creativecommons.org/licenses/by/2.0/,https://www.flickr.com/people/ruthanddave/,Ruth Hartnup,"Yearling black bears, Whistler",3462701,Or+SthPfg0b+//IKQI7OWw==,https://c5.staticflickr.com/4/3072/2575725530_46b7dda8ca_z.jpg,,Bear,True
00574360e3de6cbb,train,https://c4.staticflickr.com/1/3/4220472_bcde736d23_o.jpg,https://www.flickr.com/photos/thinkdraw/4220472,https://creativecommons.org/licenses/by/2.0/,https://www.flickr.com/people/thinkdraw/,Think Draw,Dubai Bears,217322,2UWNjRo/uxLO50qT8lYobw==,https://c3.staticflickr.com/1/3/4220472_bcde736d23_z.jpg?zz=1,0.0,Bear,True
1a843a9296c305f8,train,https://c1.staticflickr.com/8/7094/7193252304_41d0214400_o.jpg,https://www.flickr.com/photos/kim_carpenter_nj/7193252304,https://creativecommons.org/licenses/by/2.0/,https://www.flickr.com/people/kim_carpenter_nj/,Kim Carpenter,SweetBrookFarm_5-13-12_4243,1614848,HdWZDJMknr+Zj3Nkt5FAhw==,https://c3.staticflickr.com/8/7094/7193252304_9f9a084b98_z.jpg,0.0,Bear,True
488359f1549c7127,train,https://farm8.staticflickr.com/7201/6843212792_f3f49c2c91_o.jpg,https://www.flickr.com/photos/fussyonion/6843212792,https://creativecommons.org/licenses/by/2.0/,https://www.flickr.com/people/fussyonion/,Rachel Docherty,Frank Sidebottom,1546819,dl/f6RI+6vMQUaR26z2QEw==,https://c2.staticflickr.com/8/7201/6843212792_ca140aa205_z.jpg,0.0,Bear,True
0c8853e58301fee4,train,https://farm5.staticflickr.com/8154/6955418032_184c822b5e_o.jpg,https://www.flickr.com/photos/littlebirth/6955418032,https://creativecommons.org/licenses/by/2.0/,https://www.flickr.com/people/littlebirth/,little birth,junk food day,128049,mbQjVmkfto8gQ75FJwbwoQ==,https://c3.staticflickr.com/9/8154/6955418032_2d5aa80ef9_z.jpg,0.0,Bear,True
21c9ba86cfa92e18,train,https://c1.staticflickr.com/6/5306/5885876678_66b527b10d_o.jpg,https://www.flickr.com/photos/63259711@N04/5885876678/,https://creativecommons.org/licenses/by/2.0/,https://www.flickr.com/people/63259711@N04/,Droid Gingerbread,Untitled,175754,v+RDBDFs+WsQtYBl7gMxeA==,https://c6.staticflickr.com/6/5306/5885876678_05bb0eff9d_z.jpg,0.0,Bear,True
2c461391f28c26f9,train,https://c2.staticflickr.com/1/410/19697362154_388a76c313_o.jpg,https://www.flickr.com/photos/itupictures/19697362154,https://creativecommons.org/licenses/by/2.0/,https://www.flickr.com/people/itupictures/,ITU Pictures,1992-02,238141,ODrlrNjmm6JqlR9/KuQdRA==,https://c3.staticflickr.com/1/410/19697362154_0e72cf382e_z.jpg,0.0,Bear,True
198151caa5794536,train,https://farm7.staticflickr.com/2531/3992377492_9717fdf4ce_o.jpg,https://www.flickr.com/photos/notahipster/3992377492,https://creativecommons.org/licenses/by/2.0/,https://www.flickr.com/people/notahipster/,Stacy Spensley,panda eating bamboo,5477019,RCeuQNVLaC+2fJEbp8kRuA==,https://c6.staticflickr.com/3/2531/3992377492_3ec8c82374_z.jpg,0.0,Bear,True
afb0eb0fa38a498a,train,https://c3.staticflickr.com/2/1366/1441591740_d61115154a_o.jpg,https://www.flickr.com/photos/26786061@N00/1441591740,https://creativecommons.org/licenses/by/2.0/,https://www.flickr.com/people/26786061@N00/,kcxd,P1010145,112499,V7l6FdzsBfBHxqhoZ5WjZA==,https://c1.staticflickr.com/2/1366/1441591740_be569c3c9d_z.jpg?zz=1,0.0,Bear,True
032a2bb5ae8fe54a,train,https://c3.staticflickr.com/4/3914/14269343588_0c22eb828c_o.jpg,https://www.flickr.com/photos/rojer/14269343588,https://creativecommons.org/licenses/by/2.0/,https://www.flickr.com/people/rojer/,Rojer,IMG_5804,2769020,nNjXrbSde/eC1oWQkUjwtQ==,https://c8.staticflickr.com/4/3914/14269343588_e97e604c57_z.jpg,0.0,Bear,True
f4b2b52ae19d4737,train,https://farm8.staticflickr.com/7293/16454526709_be522e6ecc_o.jpg,https://www.flickr.com/photos/fbohac/16454526709,https://creativecommons.org/licenses/by/2.0/,https://www.flickr.com/people/fbohac/,Fil.Al,Big Bear,913891,AqkDCI/16B3Bkmm5NLvBWg==,https://c7.staticflickr.com/8/7293/16454526709_9fda0a992c_z.jpg,0.0,Bear,True
8da8b4f8a9259098,train,https://c1.staticflickr.com/4/3774/8885976306_62cf3791c9_o.jpg,https://www.flickr.com/photos/15624270@N03/8885976306,https://creativecommons.org/licenses/by/2.0/,https://www.flickr.com/people/15624270@N03/,elaine moore,Brookie's Bear,605141,pwiEkqfUO3Sk/1/UBrUrsQ==,https://c5.staticflickr.com/4/3774/8885976306_a23f061f98_z.jpg,0.0,Bear,True
0032cf08baca880c,train,https://c5.staticflickr.com/4/3766/9411217404_d6e3763a25_o.jpg,https://www.flickr.com/photos/vuarnet/9411217404,https://creativecommons.org/licenses/by/2.0/,https://www.flickr.com/people/vuarnet/,Raul Ramirez,Las vacas de alpura animado #cpmx4... al rato me saco una foto con ellas \o/,144764,XUNu3fHngH4kzV0/6b3fAg==,https://c2.staticflickr.com/4/3766/9411217404_a91122f295_z.jpg,0.0,Bear,True
7053dd13cd345679,train,https://c2.staticflickr.com/1/298/20282201655_5f0b22d365_o.jpg,https://www.flickr.com/photos/tipsfortravellers/20282201655,https://creativecommons.org/licenses/by/2.0/,https://www.flickr.com/people/tipsfortravellers/,Gary Bembridge,Stuffed Polar Bear in Tromso Norway,5022496,TPTNtomy9AwW7YtOW00iLg==,https://c5.staticflickr.com/1/298/20282201655_f83459e8db_z.jpg,0.0,Bear,True
7253abb75d74e3fc,train,https://c5.staticflickr.com/5/4072/4657798794_4e4b7b1673_o.jpg,https://www.flickr.com/photos/g_jewels/4657798794,https://creativecommons.org/licenses/by/2.0/,https://www.flickr.com/people/g_jewels/,&quot;G&quot; jewels g is for grandma,Toledo zoo Shayla first trip 041,2279402,nBy933rsMC2EWQL/g25X3Q==,https://c2.staticflickr.com/5/4072/4657798794_b4d8de6233_z.jpg,0.0,Bear,True
8caba329745bb781,train,https://farm2.staticflickr.com/3449/3259613318_3d2808a7d2_o.jpg,https://www.flickr.com/photos/gillpenney/3259613318/,https://creativecommons.org/licenses/by/2.0/,https://www.flickr.com/people/gillpenney/,gill_penney,img224,280105,6oI2/qalzQ8uXW7t9JU2PA==,https://c1.staticflickr.com/4/3449/3259613318_1e05b47100_z.jpg,0.0,Bear,True
0dc2dbb29123b2de,train,https://c7.staticflickr.com/8/7287/16576236928_a1db203216_o.jpg,https://www.flickr.com/photos/stevepj2009/16576236928,https://creativecommons.org/licenses/by/2.0/,https://www.flickr.com/people/stevepj2009/,steve p2008,Untitled,5864448,zSVmGJJySMZL9xA5f7K9GQ==,https://c1.staticflickr.com/8/7287/16576236928_2b69ffc64f_z.jpg,0.0,Bear,True
97972189ab7d16a6,train,https://farm7.staticflickr.com/5121/5301160687_628349e93e_o.jpg,https://www.flickr.com/photos/denalinps/5301160687,https://creativecommons.org/licenses/by/2.0/,https://www.flickr.com/people/denalinps/,Denali National Park and Preserve,Bear Cubs,5559737,KHdzEe6cUw6CAU6kUaxGpw==,https://c3.staticflickr.com/6/5121/5301160687_f4e3807a71_z.jpg,0.0,Bear,True
638ec115e498d34b,train,https://c4.staticflickr.com/9/8590/16357185352_0023ec520f_o.jpg,https://www.flickr.com/photos/126337928@N05/16357185352,https://creativecommons.org/licenses/by/2.0/,https://www.flickr.com/people/126337928@N05/,Jeremy Segrott,Cardiff Market / Marchnad Caerdydd,10364435,Rk4PvIUDqLhHqSquyQSh5w==,https://c4.staticflickr.com/9/8590/16357185352_e1e8873865_z.jpg,0.0,Bear,True
36f6a4d1dbda76e0,train,https://farm1.staticflickr.com/4015/4307663158_8c3e000923_o.jpg,https://www.flickr.com/photos/tolomea/4307663158,https://creativecommons.org/licenses/by/2.0/,https://www.flickr.com/people/tolomea/,Gordon Wrigley,Silverback,2522495,+OKW9lCZvb3cVKtGylzMhg==,https://c2.staticflickr.com/5/4015/4307663158_d8d0aa7fc6_z.jpg,0.0,Bear,True
00957482003e4198,train,https://c1.staticflickr.com/7/6227/6289417783_5cc36c2868_o.jpg,https://www.flickr.com/photos/78428166@N00/6289417783,https://creativecommons.org/licenses/by/2.0/,https://www.flickr.com/people/78428166@N00/,Tony Alter,Dr. G and Link,795231,t91j3kr3ASc+cFgcptEDfQ==,https://c8.staticflickr.com/7/6227/6289417783_d225891da7_z.jpg,0.0,Bear,True
0000313e5dccf13b,train,https://c4.staticflickr.com/8/7463/15989030489_614504053f_o.jpg,https://www.flickr.com/photos/12485267@N06/15989030489,https://creativecommons.org/licenses/by/2.0/,https://www.flickr.com/people/12485267@N06/,David365,150101_moors-0870x,372695,GWYZozDdQFtyL5/WVJv3CQ==,https://c7.staticflickr.com/8/7463/15989030489_6920fb1509_z.jpg,0.0,Bear,True
00bb291e0085bd78,train,https://c1.staticflickr.com/8/7249/7003998378_12f0565327_o.jpg,https://www.flickr.com/photos/twbuckner/7003998378,https://creativecommons.org/licenses/by/2.0/,https://www.flickr.com/people/twbuckner/,-ted,Tagged cattle,641517,Ohm9aQPIYBGbSlhqKO4D2g==,https://c5.staticflickr.com/8/7249/7003998378_650d7293df_z.jpg,0.0,Bear,True
98be828d7d5e529b,train,https://c4.staticflickr.com/1/417/18304074729_d11250b24a_o.jpg,https://www.flickr.com/photos/tipsfortravellers/18304074729,https://creativecommons.org/licenses/by/2.0/,https://www.flickr.com/people/tipsfortravellers/,Gary Bembridge,"Grizzly Bear - Knight Inlet Lodge, British Columbia, Canada",4423533,aUhF4VtOQAOcjOmnC2LUXA==,https://c5.staticflickr.com/1/417/18304074729_71b8bf4efc_z.jpg,,Bear,True
1b1f5fdbdcc5b8da,train,https://c3.staticflickr.com/6/5607/15641199576_3b17831fc2_o.jpg,https://www.flickr.com/photos/centerpartiet/15641199576,https://creativecommons.org/licenses/by/2.0/,https://www.flickr.com/people/centerpartiet/,Centerpartiet (official),Per Lodenius - Riksdagsgruppen 2014,9573624,8pEJP1KtSbjMXCfek8vqJA==,https://c8.staticflickr.com/6/5607/15641199576_088d7178d1_z.jpg,0.0,Bear,True
02915447a522e97a,train,https://c3.staticflickr.com/9/8656/16626368267_42db86d162_o.jpg,https://www.flickr.com/photos/eamoncurry/16626368267,https://creativecommons.org/licenses/by/2.0/,https://www.flickr.com/people/eamoncurry/,Eamon Curry,"Black Sheep, Dale (Dale Abbey), Derbyshire",2174675,/79l7JRZNrMniyx8XGiCfg==,https://c3.staticflickr.com/9/8656/16626368267_38c0571351_z.jpg,,Bear,True
090b6b54fdb695f2,train,https://farm3.staticflickr.com/2263/2120575632_5d0355110e_o.jpg,https://www.flickr.com/photos/50562790@N00/2120575632,https://creativecommons.org/licenses/by/2.0/,https://www.flickr.com/people/50562790@N00/,frefran,20061124-1213 Costa Rica,327267,A/p5vktRbsGho+tTW7231Q==,https://c8.staticflickr.com/3/2263/2120575632_6e7df81ab6_z.jpg,0.0,Bear,True
cc69137a03f999fd,train,https://c6.staticflickr.com/8/7182/6871643773_72d96b7f27_o.jpg,https://www.flickr.com/photos/tripletsisters/6871643773,https://creativecommons.org/licenses/by/2.0/,https://www.flickr.com/people/tripletsisters/,thethreesisters,Bears family,795304,/X/NBIwwl/YkVCNiIsfshg==,https://c1.staticflickr.com/8/7182/6871643773_2ae5d5ac12_z.jpg,0.0,Bear,True
3333b2b48ffc0c10,train,https://farm1.staticflickr.com/8467/8117539735_dae9d8ea6f_o.jpg,https://www.flickr.com/photos/jgoge123/8117539735,https://creativecommons.org/licenses/by/2.0/,https://www.flickr.com/people/jgoge123/,Josué Goge,Snoopy!,2785926,IVitQcFE0zIRaFdmwKpGjw==,https://c3.staticflickr.com/9/8467/8117539735_fdd6601689_z.jpg,0.0,Bear,True
0529f57c7fae5aef,train,https://c8.staticflickr.com/4/3584/3568048346_bcb204ec1e_o.jpg,https://www.flickr.com/photos/kierandurcan/3568048346,https://creativecommons.org/licenses/by/2.0/,https://www.flickr.com/people/kierandurcan/,Kieran Durcan,Center Parcs Teddy,1012449,p5VNLeUNPIfCKRO8ZCmR+Q==,https://c4.staticflickr.com/4/3584/3568048346_ac37fa765f_z.jpg,0.0,Bear,True
0091d0ba08f7d8c3,train,https://farm4.staticflickr.com/2291/2253042163_54f8ea1425_o.jpg,https://www.flickr.com/photos/7326810@N08/2253042163,https://creativecommons.org/licenses/by/2.0/,https://www.flickr.com/people/7326810@N08/,Jean,Malayan Flying Fox,128740,hAEJmmggV8yg5gDpUAwZkw==,https://c1.staticflickr.com/3/2291/2253042163_ef51d711cb_z.jpg?zz=1,0.0,Bear,True
601b82785faaa521,train,https://farm2.staticflickr.com/5181/5814251780_bd01fffa85_o.jpg,https://www.flickr.com/photos/mbransons/5814251780/,https://creativecommons.org/licenses/by/2.0/,https://www.flickr.com/people/mbransons/,Michael Smith,DS106 Big Stuffed Animal,3022200,PwRAKQnWIc6Aa0LIdmmWQQ==,https://c5.staticflickr.com/6/5181/5814251780_a89ec7462a_z.jpg,0.0,Bear,True
85f0fbbea3f6ece6,train,https://farm7.staticflickr.com/8798/16933347718_a545224948_o.jpg,https://www.flickr.com/photos/132508395@N05/16933347718,https://creativecommons.org/licenses/by/2.0/,https://www.flickr.com/people/132508395@N05/,Maïtané Lenoir,Zoo du Reynou _ Avril 2015,1105303,5vyYSCt7L9uyNFPhQ4qXyA==,https://c8.staticflickr.com/9/8798/16933347718_e11e65e797_z.jpg,0.0,Bear,True
2b54d1902486b4d8,train,https://c1.staticflickr.com/6/5185/13913033267_6abcda4a9f_o.jpg,https://www.flickr.com/photos/kucinski/13913033267,https://creativecommons.org/licenses/by/2.0/,https://www.flickr.com/people/kucinski/,Ben Kucinski,Chengdu Panda Preserve (7 of 8),984417,9ZRz5ZGBPws4dU8FkEfWDA==,https://c1.staticflickr.com/6/5185/13913033267_4e764c2906_z.jpg,0.0,Bear,True
5c93d4fea8041e49,train,https://c2.staticflickr.com/3/2586/3677992800_2d031bf4ab_o.jpg,https://www.flickr.com/photos/wonderlane/3677992800,https://creativecommons.org/licenses/by/2.0/,https://www.flickr.com/people/wonderlane/,Wonderlane,"Rose meets the bear statue, rural Oregon, USA",3013255,++W5j6cVaMa35OoIQTYRMA==,https://c3.staticflickr.com/3/2586/3677992800_af06e0a47c_z.jpg,,Bear,True
c6bea7f407f993e7,train,https://farm8.staticflickr.com/3488/3970028335_c300d72b25_o.jpg,https://www.flickr.com/photos/xhero/3970028335,https://creativecommons.org/licenses/by/2.0/,https://www.flickr.com/people/xhero/,holga_new_orleans,ant eater,1003103,YSQb0rQEFuZ+70qXGmHh4w==,https://c6.staticflickr.com/4/3488/3970028335_495c98cea7_z.jpg,0.0,Bear,True
af601513f0ea82c4,train,https://farm5.staticflickr.com/7464/15906468781_e3c37cdd5f_o.jpg,https://www.flickr.com/photos/igcameron/15906468781,https://creativecommons.org/licenses/by/2.0/,https://www.flickr.com/people/igcameron/,Iain Cameron,Red Panda (2),5301068,Wd+LgPyEOXTfWaKDEcSxug==,https://c4.staticflickr.com/8/7464/15906468781_4618b40026_z.jpg,0.0,Bear,True
6bb39fb3819b7c0b,train,https://c4.staticflickr.com/2/1090/1132255661_b20a760afc_o.jpg,https://www.flickr.com/photos/speedcandy/1132255661/,https://creativecommons.org/licenses/by/2.0/,https://www.flickr.com/people/speedcandy/,Rob Harris,P1010029,25268,JEuylphh6iZSdgHWW2aY3Q==,,,Bear,True
c8a5a781a386cc91,train,https://farm2.staticflickr.com/3449/3730642895_c66cbeac19_o.jpg,https://www.flickr.com/photos/loganzhunt/3730642895,https://creativecommons.org/licenses/by/2.0/,https://www.flickr.com/people/loganzhunt/,Logan Hunt,Memphis Zoo,4752515,00ODadb9uqZkbg4LXKy4Dg==,https://c8.staticflickr.com/4/3449/3730642895_9cc4ccc322_z.jpg,0.0,Bear,True
6e72a4b0e781099a,train,https://c3.staticflickr.com/5/4037/4604806892_9c3d1c60c0_o.jpg,https://www.flickr.com/photos/nwrafting/4604806892,https://creativecommons.org/licenses/by/2.0/,https://www.flickr.com/people/nwrafting/,Zachary Collier,Bear just before Horse Sign Creek,5782190,CzEBSVuK25bem70QUT3CYw==,https://c1.staticflickr.com/5/4037/4604806892_4663525aa8_z.jpg,0.0,Bear,True
0d2a9228b6700270,train,https://farm1.staticflickr.com/5504/9683927833_b3ef1b7de6_o.jpg,https://www.flickr.com/photos/katora/9683927833,https://creativecommons.org/licenses/by/2.0/,https://www.flickr.com/people/katora/,Jorge Leal,Guardianes del tejado #dog #perro #morning #mañana #casa #home #calle #street,108210,B1AOcQLEw0n6dFNtHmZbfg==,https://c5.staticflickr.com/6/5504/9683927833_9cc6e06ddb_z.jpg,0.0,Bear,True
03def0228cf806fe,train,https://c7.staticflickr.com/6/5142/5661744378_ece43a24e5_o.jpg,https://www.flickr.com/photos/26049404@N05/5661744378,https://creativecommons.org/licenses/by/2.0/,https://www.flickr.com/people/26049404@N05/,Rick Weiss,Pandas!,6875449,sTLRiFCcwx/qYKjRQh0pFA==,https://c3.staticflickr.com/6/5142/5661744378_3a92f190f3_z.jpg,0.0,Bear,True
027f3ab06c52481c,train,https://c5.staticflickr.com/4/3436/3870421376_ab8f34df2f_o.jpg,https://www.flickr.com/photos/drbartje/3870421376,https://creativecommons.org/licenses/by/2.0/,https://www.flickr.com/people/drbartje/,Bart Rousseau,Chimpanzee,254840,Cqm6hl1sBh/Sh1g0Kz46ow==,https://c6.staticflickr.com/4/3436/3870421376_d1ebee49b7_z.jpg?zz=1,0.0,Bear,True
0b1dd259bf4d81ed,train,https://c6.staticflickr.com/3/2721/4443768124_d02c085bac_o.jpg,https://www.flickr.com/photos/neuralchaos/4443768124,https://creativecommons.org/licenses/by/2.0/,https://www.flickr.com/people/neuralchaos/,Chirantan Patnaik,Po.,77372,9WDbOL5cPIqJbCLkoY9Mqg==,https://c4.staticflickr.com/3/2721/4443768124_2e522c8305_z.jpg?zz=1,0.0,Bear,True
a4ff38e2e94ba6bc,train,https://c5.staticflickr.com/1/408/19652526580_a1fa45f715_o.jpg,https://www.flickr.com/photos/cmichel67/19652526580,https://creativecommons.org/licenses/by/2.0/,https://www.flickr.com/people/cmichel67/,Christopher Michel,Polar Bears on Thin Ice,14038922,WF56YWsRBSCM6CVyqxDI8g==,https://c5.staticflickr.com/1/408/19652526580_566e715cac_z.jpg,0.0,Bear,True
36a15d9067abda0b,train,https://c4.staticflickr.com/4/3870/15178830475_c0d91cf4c7_o.jpg,https://www.flickr.com/photos/ccyang/15178830475,https://creativecommons.org/licenses/by/2.0/,https://www.flickr.com/people/ccyang/,Jessie.yang,卡通看到一半 怎麼背後默默擠了一個人   呵，原來是卡通有點可怕 想看又害怕  可愛的小孩,71511,yT/BTW1vtEtjtnC85hgNKg==,https://c4.staticflickr.com/4/3870/15178830475_03915952cb_z.jpg,0.0,Bear,True
94772eff7bdb439e,train,https://c7.staticflickr.com/9/8237/8594526740_acd6dbb904_o.jpg,https://www.flickr.com/photos/lukedetwiler/8594526740,https://creativecommons.org/licenses/by/2.0/,https://www.flickr.com/people/lukedetwiler/,Luke Detwiler,Bear,10373109,vPzXSB4Y7mnZJDBJNNR5QA==,https://c1.staticflickr.com/9/8237/8594526740_bd1dc1ef79_z.jpg,0.0,Bear,True
13a83f7bcf4541c4,train,https://farm5.staticflickr.com/5028/5816648728_2294c32e6d_o.jpg,https://www.flickr.com/photos/ethansphotosarecool/5816648728,https://creativecommons.org/licenses/by/2.0/,https://www.flickr.com/people/ethansphotosarecool/,Ethan Ableman,Brown Bear and Whale Carcass,3121796,1omdJRykQcbnrZHCA3O6Jw==,https://c1.staticflickr.com/6/5028/5816648728_13e1f18aed_z.jpg,0.0,Bear,True
245a49b85c3039b1,train,https://farm2.staticflickr.com/38/86263074_9ee561561c_o.jpg,https://www.flickr.com/photos/haarald/86263074/,https://creativecommons.org/licenses/by/2.0/,https://www.flickr.com/people/haarald/,Harald,Untitled,112829,Zs8mbh+yOMUt5dvj0g9skQ==,,,Bear,True
e3578ea27737f62a,train,https://c3.staticflickr.com/8/7572/15964079455_5028dfed83_o.jpg,https://www.flickr.com/photos/gsloan/15964079455,https://creativecommons.org/licenses/by/2.0/,https://www.flickr.com/people/gsloan/,gsloan,BearHead,3663057,oLovfP4sv/5pDucpvACuJA==,https://c3.staticflickr.com/8/7572/15964079455_9c492d8d08_z.jpg,0.0,Bear,True
468a84082a82e45e,train,https://c7.staticflickr.com/8/7074/7245732516_7ab66b2847_o.jpg,https://www.flickr.com/photos/donhomer/7245732516,https://creativecommons.org/licenses/by/2.0/,https://www.flickr.com/people/donhomer/,Michael Bentley,Polar Bear Cooling Off in the Water,10543487,ed0qxyWWcz8aXlMPzYWTBA==,https://c3.staticflickr.com/8/7074/7245732516_ec2265691f_z.jpg,0.0,Bear,True
2fc043ecaa9a27f3,train,https://farm4.staticflickr.com/150/426374029_3f6a833ac8_o.jpg,https://www.flickr.com/photos/antiuniverse/426374029/,https://creativecommons.org/licenses/by/2.0/,https://www.flickr.com/people/antiuniverse/,Zach,Malayan Sun Bear,243703,Nwosj1YrTaN06CEGchS4Pw==,https://c2.staticflickr.com/1/150/426374029_5194a42062_z.jpg?zz=1,0.0,Bear,True
4a991ce49d7bb11e,train,https://c7.staticflickr.com/5/4138/4874850794_0bce6283e2_o.jpg,https://www.flickr.com/photos/jaycross/4874850794,https://creativecommons.org/licenses/by/2.0/,https://www.flickr.com/people/jaycross/,Jay Cross,IMG_4161,1427250,WOLHDRAyFmz7uBQOfztfnw==,https://c1.staticflickr.com/5/4138/4874850794_a9ffd82c4b_z.jpg,0.0,Bear,True
c26a698b82ca2b6f,train,https://c8.staticflickr.com/4/3390/3582031810_949b654ee3_o.jpg,https://www.flickr.com/photos/nostri-imago/3582031810,https://creativecommons.org/licenses/by/2.0/,https://www.flickr.com/people/nostri-imago/,Cliff,Giant Panda (Ailuropoda melanoleuca) &quot;Tian Tian&quot;,631412,jTvT1rnoiiI/4DOUjy1bZA==,https://c4.staticflickr.com/4/3390/3582031810_539cf48de5_z.jpg,0.0,Bear,True
2d0ffc7c02291b57,train,https://farm8.staticflickr.com/4148/4836156245_515b4f3f00_o.jpg,https://www.flickr.com/photos/jdhancock/4836156245,https://creativecommons.org/licenses/by/2.0/,https://www.flickr.com/people/jdhancock/,JD Hancock,Bearly Visible,1285120,qT2OJFwHjLfCUtjyQWNk8g==,https://c5.staticflickr.com/5/4148/4836156245_487722ac46_z.jpg,0.0,Bear,True
eb02a0b7c87aa805,train,https://farm6.staticflickr.com/4007/4708546022_5ccb5cb869_o.jpg,https://www.flickr.com/photos/istolethetv/4708546022,https://creativecommons.org/licenses/by/2.0/,https://www.flickr.com/people/istolethetv/,istolethetv,pandas of the sea,4361175,KWyFXJs3SvoIBjcENL37kQ==,https://c5.staticflickr.com/5/4007/4708546022_2ba5997e75_z.jpg,0.0,Bear,True
00da412f816658c8,train,https://c1.staticflickr.com/3/2721/4292748996_66d26c46b3_o.jpg,https://www.flickr.com/photos/capo_sfu/4292748996,https://creativecommons.org/licenses/by/2.0/,https://www.flickr.com/people/capo_sfu/,Tomasics József,demons,11203,WcAnqi85ixj6P+RcKnDVGQ==,,,Bear,True
009637876143fbf7,train,https://farm8.staticflickr.com/7293/11736493954_e1848e9063_o.jpg,https://www.flickr.com/photos/usfwsmtnprairie/11736493954,https://creativecommons.org/licenses/by/2.0/,https://www.flickr.com/people/usfwsmtnprairie/,USFWS Mountain-Prairie,Brothers,5973420,Uv75z6qoFob6LPNsMEWhqg==,https://c7.staticflickr.com/8/7293/11736493954_1b362522c7_z.jpg,0.0,Bear,True
15d276d673cf5de5,train,https://farm6.staticflickr.com/2773/4114456615_4e8233629b_o.jpg,https://www.flickr.com/photos/mutomasa/4114456615,https://creativecommons.org/licenses/by/2.0/,https://www.flickr.com/people/mutomasa/,Masao Mutoh,Shanghai Zoo,3018133,C5SyAStR/8kEGx0uELVArQ==,https://c5.staticflickr.com/3/2773/4114456615_e60aacb175_z.jpg,0.0,Bear,True
013981911de49361,train,https://farm2.staticflickr.com/3246/2854816015_84d2bd919b_o.jpg,https://www.flickr.com/photos/anniemole/2854816015,https://creativecommons.org/licenses/by/2.0/,https://www.flickr.com/people/anniemole/,Annie Mole,Stewies - Little Italy New York,303740,fp9prVv4wxHBtZNnsLKBfw==,https://c1.staticflickr.com/4/3246/2854816015_8cee088b9f_z.jpg?zz=1,0.0,Bear,True
7e418b7f3a8668f7,train,https://farm8.staticflickr.com/3674/12530437033_df845506bb_o.jpg,https://www.flickr.com/photos/rbh/12530437033,https://creativecommons.org/licenses/by/2.0/,https://www.flickr.com/people/rbh/,RichardBH,White Wolves,2920211,UVzB5ugXCdmeyVfhTJ4Phg==,https://c2.staticflickr.com/4/3674/12530437033_ec4f76d293_z.jpg,0.0,Bear,True
0582bf7ee3b0213c,train,https://c5.staticflickr.com/6/5295/5440315739_9622c7cced_o.jpg,https://www.flickr.com/photos/rutlo/5440315739,https://creativecommons.org/licenses/by/2.0/,https://www.flickr.com/people/rutlo/,Matthew Rutledge,Looking up at the castle,2382322,AFzTeKl13w2ZIYSSK7Btlg==,https://c8.staticflickr.com/6/5295/5440315739_75604e6f2a_z.jpg,0.0,Bear,True
00438f3cd4bdaa9a,train,https://c3.staticflickr.com/4/3781/12079155794_eeb7dd2f15_o.jpg,https://www.flickr.com/photos/gregthebusker/12079155794,https://creativecommons.org/licenses/by/2.0/,https://www.flickr.com/people/gregthebusker/,Greg Schechter,Elephant Seals,4714698,k1tqFsk2xlPdFOZn3IhI6g==,https://c6.staticflickr.com/4/3781/12079155794_0f1ecfc2ef_z.jpg,0.0,Bear,True
952e1dbdabdd495a,train,https://c3.staticflickr.com/8/7626/16679197170_9a41e83c8c_o.jpg,https://www.flickr.com/photos/usfws_pacificsw/16679197170,https://creativecommons.org/licenses/by/2.0/,https://www.flickr.com/people/usfws_pacificsw/,Pacific Southwest Region USFWS,"Nadine Kanim, #ScienceWoman",159350,6DgIlG+CxwsU88uNag2E6w==,https://c7.staticflickr.com/8/7626/16679197170_50d9231694_z.jpg,,Bear,True
07b1a589ba4b7b64,train,https://farm5.staticflickr.com/7473/15779836108_d1fe77f71c_o.jpg,https://www.flickr.com/photos/rob-young/15779836108,https://creativecommons.org/licenses/by/2.0/,https://www.flickr.com/people/rob-young/,Rob Young,Save the Bears @ Kwang Si Waterfall,4764618,24Zod240J28AvcfIxfDbWQ==,https://c1.staticflickr.com/8/7473/15779836108_1c13236af6_z.jpg,0.0,Bear,True
93280de3549014c0,train,https://farm1.staticflickr.com/3252/2918155750_1b006c9021_o.jpg,https://www.flickr.com/photos/93033713@N00/2918155750,https://creativecommons.org/licenses/by/2.0/,https://www.flickr.com/people/93033713@N00/,Kat Kellner,Bear 099,4624041,J8z5CzmZifR66eTR3yTkgQ==,https://c3.staticflickr.com/4/3252/2918155750_66001bc6eb_z.jpg,0.0,Bear,True
9ea4f712f68bc2f7,train,https://farm8.staticflickr.com/3340/4556558699_db2d80a59b_o.jpg,https://www.flickr.com/photos/sarahbaker/4556558699,https://creativecommons.org/licenses/by/2.0/,https://www.flickr.com/people/sarahbaker/,S B,IMG_3144,202083,hzKHaVDvUdacyAN3qVRWig==,https://c7.staticflickr.com/4/3340/4556558699_f7b36a0b8d_z.jpg,0.0,Bear,True
24543f6cd85d5048,train,https://c1.staticflickr.com/1/61/173345990_82814a965e_o.jpg,https://www.flickr.com/photos/karendotcom127/173345990,https://creativecommons.org/licenses/by/2.0/,https://www.flickr.com/people/karendotcom127/,karendotcom127,IMG_3072,764384,V9DICwoVsULt3/bR2nSrng==,https://c3.staticflickr.com/1/61/173345990_82814a965e_z.jpg,0.0,Bear,True
98845182bf12a305,train,https://farm6.staticflickr.com/277/19027975599_61a617b29f_o.jpg,https://www.flickr.com/photos/kkimpel/19027975599,https://creativecommons.org/licenses/by/2.0/,https://www.flickr.com/people/kkimpel/,Kathy Kimpel,Bears,2896896,iySiFMays6xJdKqO/Ewm+A==,https://c5.staticflickr.com/1/277/19027975599_84d40235cb_z.jpg,0.0,Bear,True
00001bcc92282a38,train,https://c1.staticflickr.com/8/7617/16767947440_68d558453b_o.jpg,https://www.flickr.com/photos/807thpao/16767947440,https://creativecommons.org/licenses/by/2.0/,https://www.flickr.com/people/807thpao/,807th Medical Command (Deployment Support),807th Medical Command 2015 Best Warrior Competition: Day 2,2609239,cV43EAx6RZHVfwjBf8LLLg==,https://c7.staticflickr.com/8/7617/16767947440_25e40faa2b_z.jpg,0.0,Bear,True
001ccade37fed72c,train,https://c5.staticflickr.com/3/2546/4225527554_7d23bcb799_o.jpg,https://www.flickr.com/photos/danielviero/4225527554,https://creativecommons.org/licenses/by/2.0/,https://www.flickr.com/people/danielviero/,Daniel M Viero,Bokeh,5032862,Ca24r0jBQM8FXD3mTBisrg==,https://c4.staticflickr.com/3/2546/4225527554_ecd928e7f1_z.jpg,0.0,Bear,True
cec301197f2c5d59,train,https://c2.staticflickr.com/8/7107/7150120123_7996dc68b3_o.jpg,https://www.flickr.com/photos/ell-r-brown/7150120123,https://creativecommons.org/licenses/by/2.0/,https://www.flickr.com/people/ell-r-brown/,Elliott Brown,"Clarks Village - Street, Somerset - Orvis Barbour - bear",2420286,mf+kzSBhOEOx8Y0EZl5xSQ==,https://c1.staticflickr.com/8/7107/7150120123_3c4dd91c6b_z.jpg,,Bear,True
8b8a9f2d84356a79,train,https://c2.staticflickr.com/3/2607/3967591428_5484caa297_o.jpg,https://www.flickr.com/photos/crosswordman/3967591428,https://creativecommons.org/licenses/by/2.0/,https://www.flickr.com/people/crosswordman/,Ross Beresford,American Themeless Blank,155107,72ryTSXClsXwldEXtd4rKQ==,https://c8.staticflickr.com/3/2607/3967591428_e86b703712_z.jpg?zz=1,0.0,Bear,True
3f94a691427a9d25,train,https://farm6.staticflickr.com/7204/6867155354_809d688f44_o.jpg,https://www.flickr.com/photos/timothykrause/6867155354,https://creativecommons.org/licenses/by/2.0/,https://www.flickr.com/people/timothykrause/,Timothy Krause,Gizmo at Occupy Wall Street,4732336,yFse8Wh1O+WidgskAw9w/A==,https://c7.staticflickr.com/8/7204/6867155354_0ba6c06200_z.jpg,0.0,Bear,True
d46cfea2eadbbeac,train,https://c5.staticflickr.com/2/1357/1096069920_6bfb0b6d03_o.jpg,https://www.flickr.com/photos/xurble/1096069920,https://creativecommons.org/licenses/by/2.0/,https://www.flickr.com/people/xurble/,Gareth Simpson,Panda Express Tile Squircle,240349,aqMDgkRq9WLzlLATIAxzTQ==,https://c7.staticflickr.com/2/1357/1096069920_0ad5f49b9a_z.jpg,0.0,Bear,True
f879bcf94692c716,train,https://farm7.staticflickr.com/138/317294649_43514408c4_o.jpg,https://www.flickr.com/photos/zerobriant/317294649,https://creativecommons.org/licenses/by/2.0/,https://www.flickr.com/people/zerobriant/,BrianT,Panda Smile,1864394,UTD7oVqKRCF91SWi+RTRAQ==,https://c2.staticflickr.com/1/138/317294649_43514408c4_z.jpg,0.0,Bear,True
6afd34f616306bc2,train,https://farm3.staticflickr.com/7270/7587208640_83223b6e0d_o.jpg,https://www.flickr.com/photos/lespetitescases/7587208640,https://creativecommons.org/licenses/by/2.0/,https://www.flickr.com/people/lespetitescases/,Gautier Poupeau,Boeuf musqué,981042,SBkfxlCTwsnWjLaDjgJKRQ==,https://c5.staticflickr.com/8/7270/7587208640_3c5a47f1e8_z.jpg,0.0,Bear,True
004b5ffeff8e8aa3,train,https://farm4.staticflickr.com/5048/5335948412_18af4578ac_o.jpg,https://www.flickr.com/photos/beaugiles/5335948412,https://creativecommons.org/licenses/by/2.0/,https://www.flickr.com/people/beaugiles/,Beau Giles,Taronga Zoo IMG_2178,5977544,XjHuCNsjuHsK7ur7E/ONUA==,https://c7.staticflickr.com/6/5048/5335948412_14e6f17be8_z.jpg,0.0,Bear,True
005f4965f31a1d1a,train,https://c3.staticflickr.com/4/3861/14854979619_265fca5805_o.jpg,https://www.flickr.com/photos/wwarby/14854979619,https://creativecommons.org/licenses/by/2.0/,https://www.flickr.com/people/wwarby/,William Warby,Red Panda,5402731,p3z7LLulXaQNeieIlI5AYg==,https://c8.staticflickr.com/4/3861/14854979619_8664fee7f0_z.jpg,0.0,Bear,True
74eaeec041aca2b6,train,https://farm7.staticflickr.com/4152/5167038825_47144e8f7b_o.jpg,https://www.flickr.com/photos/danielsrb/5167038825,https://creativecommons.org/licenses/by/2.0/,https://www.flickr.com/people/danielsrb/,Daniel Srb,Jan Veselý a Pan Medvěd,6021722,EWWIq1QuSzNUI0WcGNlhug==,https://c5.staticflickr.com/5/4152/5167038825_fed6b0e6c8_z.jpg,0.0,Bear,True
01319a1654887b2e,train,https://c7.staticflickr.com/8/7271/7512370410_ff13839baa_o.jpg,https://www.flickr.com/photos/bakaotaku/7512370410,https://creativecommons.org/licenses/by/2.0/,https://www.flickr.com/people/bakaotaku/,Charlie,Nendoroid Saber Lion,484904,hodA6PLyQxqWFqOOSHeGPQ==,https://c8.staticflickr.com/8/7271/7512370410_6bd1af46b4_z.jpg,0.0,Bear,True
440bc70ff0ac3952,train,https://farm3.staticflickr.com/5546/9840291696_294729bd47_o.jpg,https://www.flickr.com/photos/paxson_woelber/9840291696,https://creativecommons.org/licenses/by/2.0/,https://www.flickr.com/people/paxson_woelber/,Paxson Woelber,"Grizzly Bear on the Anaktuvuk River, North Slope, Alaska",5139089,VI1cX1JZEOkOUPdzOBYdyQ==,https://c5.staticflickr.com/6/5546/9840291696_f7ccb1a6d3_z.jpg,,Bear,True
c6d53c74131d6a49,train,https://c2.staticflickr.com/6/5263/5618660214_530255b6a2_o.jpg,https://www.flickr.com/photos/29638108@N06/5618660214/,https://creativecommons.org/licenses/by/2.0/,https://www.flickr.com/people/29638108@N06/,Jennifer C.,Bears,1679251,0NUn5iXpG1lVdgfrtD2vQw==,https://c6.staticflickr.com/6/5263/5618660214_e9119ea2c7_z.jpg,0.0,Bear,True
17813bc0282a5440,train,https://farm1.staticflickr.com/6140/6040632335_018c629a8a_o.jpg,https://www.flickr.com/photos/maxpfandl/6040632335,https://creativecommons.org/licenses/by/2.0/,https://www.flickr.com/people/maxpfandl/,Max Pfandl,Icebear,1557205,DWt0Ke44HxVYNddIv74ZiA==,https://c6.staticflickr.com/7/6140/6040632335_645779751a_z.jpg,0.0,Bear,True
44339a383ae2f533,train,https://farm4.staticflickr.com/2813/10450888083_0884ff955c_o.jpg,https://www.flickr.com/photos/egropp/10450888083,https://creativecommons.org/licenses/by/2.0/,https://www.flickr.com/people/egropp/,Eric Gropp,Andean Black Bear across the river in Aguas Calientes,590449,u45KkFS1sCTf19Fxv5Jaag==,https://c3.staticflickr.com/3/2813/10450888083_5e3eb9e95f_z.jpg,0.0,Bear,True
007e1eeb14e3c4e5,train,https://farm6.staticflickr.com/4053/4470287259_c3ef2575db_o.jpg,https://www.flickr.com/photos/wilhei/4470287259,https://creativecommons.org/licenses/by/2.0/,https://www.flickr.com/people/wilhei/,Willi Heidelbach,Passt1,2486996,rXdSfU4fWmqyGH5mOG0uBQ==,https://c1.staticflickr.com/5/4053/4470287259_ba7b160fd7_z.jpg,0.0,Bear,True
10a1e7457b325d22,train,https://farm3.staticflickr.com/263/20147731161_66d17034cf_o.jpg,https://www.flickr.com/photos/usdagov/20147731161,https://creativecommons.org/licenses/by/2.0/,https://www.flickr.com/people/usdagov/,U.S. Department of Agriculture,A bear looking for salmon at Steep Creek near Mendenhall Glacier in Alaska,5085418,2a+JN22i+iDN+W90NNTiLg==,https://c8.staticflickr.com/1/263/20147731161_3d692f4a54_z.jpg,0.0,Bear,True
dc0a922f68188058,train,https://c1.staticflickr.com/9/8514/8504624891_828b484fbc_o.jpg,https://www.flickr.com/photos/tsukunepapa/8504624891,https://creativecommons.org/licenses/by/2.0/,https://www.flickr.com/people/tsukunepapa/,Tomoaki Kato,20121208_133908_nihondairaTKN,5727251,p3ZPn2SYPkbQBxv1l+/liA==,https://c8.staticflickr.com/9/8514/8504624891_eb50382a00_z.jpg,0.0,Bear,True
008ad7024b6ed746,train,https://farm7.staticflickr.com/3748/11647189313_df2746c005_o.jpg,https://www.flickr.com/photos/auspices/11647189313,https://creativecommons.org/licenses/by/2.0/,https://www.flickr.com/people/auspices/,Richard P J Lambert,Untitled,5133468,6Sd/hzJ6XmJTFhgOJNpT2A==,https://c1.staticflickr.com/4/3748/11647189313_a09427b8a7_z.jpg,0.0,Bear,True
009b10ebcb3b20c8,train,https://c1.staticflickr.com/1/64/199707485_9f4ee9a790_o.jpg,https://www.flickr.com/photos/praxinoscope/199707485,https://creativecommons.org/licenses/by/2.0/,https://www.flickr.com/people/praxinoscope/,David Wagner,Invert.,2277008,m0QdlowR9dXK9n7cdRkLKQ==,https://c4.staticflickr.com/1/64/199707485_9f4ee9a790_z.jpg,0.0,Bear,True
3743bc1a7f040e7c,train,https://c5.staticflickr.com/3/2536/4019490362_c61ea19d48_o.jpg,https://www.flickr.com/photos/dbgg1979/4019490362,https://creativecommons.org/licenses/by/2.0/,https://www.flickr.com/people/dbgg1979/,dbgg1979,IMG_6952,3801417,XYU22WhvWNJ6dPI1nV02mg==,https://c2.staticflickr.com/3/2536/4019490362_580c2a4a65_z.jpg,0.0,Bear,True
0190fccdb83944da,train,https://c3.staticflickr.com/1/382/19270168514_d95d71c799_o.jpg,https://www.flickr.com/photos/s2ublack/19270168514,https://creativecommons.org/licenses/by/2.0/,https://www.flickr.com/people/s2ublack/,Stewart Black,Hiding,4543601,S7Mhj5U9KL6fV3mVzRBCuA==,https://c8.staticflickr.com/1/382/19270168514_571354ffbb_z.jpg,0.0,Bear,True
43c6019c0363fb86,train,https://farm7.staticflickr.com/3618/3559557868_ddc89db419_o.jpg,https://www.flickr.com/photos/fauxpress/3559557868,https://creativecommons.org/licenses/by/2.0/,https://www.flickr.com/people/fauxpress/,Jan McLaughlin,Emmy Lee,700475,7ZosKYZQO1phRyAR3VP+sw==,https://c5.staticflickr.com/4/3618/3559557868_bcb3c0f8c4_z.jpg,0.0,Bear,True
bd29fbc3642c3e6d,train,https://c6.staticflickr.com/9/8762/17932186339_8583773e5b_o.jpg,https://www.flickr.com/photos/100780486@N02/17932186339,https://creativecommons.org/licenses/by/2.0/,https://www.flickr.com/people/100780486@N02/,Mertie .,Giant Panda (Wang Wang ♀),4235954,nFOVgNOTs3c3aRtjACzb5Q==,https://c4.staticflickr.com/9/8762/17932186339_788aa7446a_z.jpg,0.0,Bear,True
cd81c23d8d8fefeb,train,https://c4.staticflickr.com/9/8392/8519479291_9d688f3991_o.jpg,https://www.flickr.com/photos/nps_wear/8519479291,https://creativecommons.org/licenses/by/2.0/,https://www.flickr.com/people/nps_wear/,Western Arctic National Parklands,Grizzly on the Noatak River,603006,56ZS21OpKQxrzN3v6SnWiw==,https://c2.staticflickr.com/9/8392/8519479291_17c735abda_z.jpg,0.0,Bear,True
138a0bdfa1bc258a,train,https://c3.staticflickr.com/4/3880/14543150729_77df030df2_o.jpg,https://www.flickr.com/photos/69302634@N02/14543150729,https://creativecommons.org/licenses/by/2.0/,https://www.flickr.com/people/69302634@N02/,Helena Jacoba,One of Shimmer's two-day old kittens,1390001,8GNlqlfCM3N8cRiazdusMw==,https://c7.staticflickr.com/4/3880/14543150729_f21b0344b5_z.jpg,0.0,Bear,True
04140818edc06a1f,train,https://c8.staticflickr.com/5/4101/4925489519_740ca49826_o.jpg,https://www.flickr.com/photos/rbulmahn/4925489519,https://creativecommons.org/licenses/by/2.0/,https://www.flickr.com/people/rbulmahn/,Rob Bulmahn,IMG_19540,4552731,mt/4jDZXZv2d6eYHXkAqNw==,https://c5.staticflickr.com/5/4101/4925489519_cd7cb02c96_z.jpg,0.0,Bear,True
15fcf078f93aaa66,train,https://farm7.staticflickr.com/5261/5637547739_6e7258205c_o.jpg,https://www.flickr.com/photos/othree/5637547739,https://creativecommons.org/licenses/by/2.0/,https://www.flickr.com/people/othree/,othree,1000000021,5165271,pe9atNb2dz1G+YeksnyjwQ==,https://c3.staticflickr.com/6/5261/5637547739_4921100487_z.jpg,0.0,Bear,True
8433501b2643f0cd,train,https://c6.staticflickr.com/9/8387/8647966612_f652b8cd56_o.jpg,https://www.flickr.com/photos/rickmccharles/8647966612,https://creativecommons.org/licenses/by/2.0/,https://www.flickr.com/people/rickmccharles/,Rick McCharles,Addo Elephant Park,525769,U5vuWb4WSGbn6yuzYiVcxg==,https://c3.staticflickr.com/9/8387/8647966612_441819a735_z.jpg,0.0,Bear,True
39ec43ec951a0b5e,train,https://c7.staticflickr.com/2/1061/906379494_4e06d8d88f_o.jpg,https://www.flickr.com/photos/mihalorel/906379494,https://creativecommons.org/licenses/by/2.0/,https://www.flickr.com/people/mihalorel/,Михал Орела,Мече в „Irish pub Powers“ в Ловеч,4882101,CAmRcOr4koF5Z+46SgFq8w==,https://c7.staticflickr.com/2/1061/906379494_0a1a823dc6_z.jpg,0.0,Bear,True
00b94e1e21999892,train,https://farm3.staticflickr.com/2850/9214346219_549324e27f_o.jpg,https://www.flickr.com/photos/john_t_harwood/9214346219,https://creativecommons.org/licenses/by/2.0/,https://www.flickr.com/people/john_t_harwood/,John Harwood,"Blaze (July 4, 2013) (8)",3693065,8fQH298JIlY0jJGqdQKzyw==,https://c1.staticflickr.com/3/2850/9214346219_dba12c8e4c_z.jpg,,Bear,True
006511cab5614587,train,https://farm8.staticflickr.com/1178/1387655713_e88249be05_o.jpg,https://www.flickr.com/photos/jpdeloof/1387655713,https://creativecommons.org/licenses/by/2.0/,https://www.flickr.com/people/jpdeloof/,jean pol de loof,DSC_7551 copie BW,111048,KFAjG7qvfxUU70vHu1BqtA==,https://c6.staticflickr.com/2/1178/1387655713_e9092601b7_z.jpg?zz=1,0.0,Bear,True
0838257937f9704f,train,https://c8.staticflickr.com/8/7248/7760980892_8d16b108cf_o.jpg,https://www.flickr.com/photos/watchsmart/7760980892,https://creativecommons.org/licenses/by/2.0/,https://www.flickr.com/people/watchsmart/,watchsmart,IMG_4297,974727,OU09m0S/ld6xpxZM2oaa0A==,https://c1.staticflickr.com/8/7248/7760980892_fe86885300_z.jpg,0.0,Bear,True
7127e183220faa23,train,https://farm4.staticflickr.com/3638/5823681790_7633efcb4e_o.jpg,https://www.flickr.com/photos/gotovan/5823681790,https://creativecommons.org/licenses/by/2.0/,https://www.flickr.com/people/gotovan/,GoToVan,Bears in Whistler Olympic Park,5706872,fUFPM1yUiQw6C/Bph7HMGg==,https://c7.staticflickr.com/4/3638/5823681790_5bd10754a1_z.jpg,0.0,Bear,True
060e6719ae46dea6,train,https://farm7.staticflickr.com/3591/5835550669_2156c03084_o.jpg,https://www.flickr.com/photos/coolinsights/5835550669,https://creativecommons.org/licenses/by/2.0/,https://www.flickr.com/people/coolinsights/,Walter Lim,Wildlife in Canada,238081,gxxyUDvG0j3mdTsd+MEP7Q==,https://c3.staticflickr.com/4/3591/5835550669_11b02ccb77_z.jpg,0.0,Bear,True
bb3ce5ad763f31a7,train,https://farm8.staticflickr.com/8171/7953261036_c00d4298f5_o.jpg,https://www.flickr.com/photos/zainx/7953261036,https://creativecommons.org/licenses/by/2.0/,https://www.flickr.com/people/zainx/,mr.5/4™,小日子｜台灣蠟筆小新,114453,HPS42piEIzy8FACc7tLYGw==,https://c5.staticflickr.com/9/8171/7953261036_ec2afdcc6d_z.jpg,0.0,Bear,True
1c20eccd2ebb6934,train,https://farm5.staticflickr.com/5042/5312434129_ef254608c3_o.jpg,https://www.flickr.com/photos/15016964@N02/5312434129,https://creativecommons.org/licenses/by/2.0/,https://www.flickr.com/people/15016964@N02/,Marie Hale,European brown bear,1507363,AJQ6w4SG1HG3ID0hqQ9KBg==,https://c4.staticflickr.com/6/5042/5312434129_a59374e528_z.jpg,0.0,Bear,True
006e2ef8c195083a,train,https://c3.staticflickr.com/8/7790/18403110845_0c67de4912_o.jpg,https://www.flickr.com/photos/mmorgan8186/18403110845,https://creativecommons.org/licenses/by/2.0/,https://www.flickr.com/people/mmorgan8186/,Mark Morgan,50 Diamond Waterfall,5847073,XnoWEwKuxhvOc/6yGEDEzA==,https://c1.staticflickr.com/8/7790/18403110845_ab1aa781b2_z.jpg,0.0,Bear,True
00a9afaf7455166e,train,https://c7.staticflickr.com/3/2078/2502945072_36bfba21db_o.jpg,https://www.flickr.com/photos/squeezyboy/2502945072,https://creativecommons.org/licenses/by/2.0/,https://www.flickr.com/people/squeezyboy/,Squeezyboy,Knuckle Bear,478093,CzBGWaiDF3Ebsn+VA8bKeQ==,https://c3.staticflickr.com/3/2078/2502945072_299c6e283d_z.jpg,0.0,Bear,True
023b7e08392b9d0e,train,https://c7.staticflickr.com/6/5482/10727703273_5dab59e909_o.jpg,https://www.flickr.com/photos/bylauryn/10727703273,https://creativecommons.org/licenses/by/2.0/,https://www.flickr.com/people/bylauryn/,Lauryn,Captured,822434,k0z/8/R2XppNExFpQZ/3GQ==,https://c7.staticflickr.com/6/5482/10727703273_049b076389_z.jpg,0.0,Bear,True
64c5011856f92c3b,train,https://c4.staticflickr.com/6/5012/5547782847_b1a9780a2c_o.jpg,https://www.flickr.com/photos/jinterwas/5547782847,https://creativecommons.org/licenses/by/2.0/,https://www.flickr.com/people/jinterwas/,jinterwas,"Hello world, this is me!",134491,hZqWAOsRnzluZrB7T6TVhg==,https://c3.staticflickr.com/6/5012/5547782847_640d9c1b3e_z.jpg,,Bear,True
63452bf2d3f7a275,train,https://farm6.staticflickr.com/3546/3435087037_83ec59961f_o.jpg,https://www.flickr.com/photos/pellesten/3435087037,https://creativecommons.org/licenses/by/2.0/,https://www.flickr.com/people/pellesten/,Pelle Sten,Hänger,2914422,eRbqtgEqGTsfGnHJNtKeWg==,https://c2.staticflickr.com/4/3546/3435087037_5b532b0eca_z.jpg,0.0,Bear,True
65542a47741ca6ed,train,https://c6.staticflickr.com/3/2473/3657718695_a6b391d9a8_o.jpg,https://www.flickr.com/photos/toms/3657718695,https://creativecommons.org/licenses/by/2.0/,https://www.flickr.com/people/toms/,Toms Baugis,Whish you were here!,2604423,uwHFkZHb3XBBeSnVskeF5Q==,https://c8.staticflickr.com/3/2473/3657718695_499e028f40_z.jpg,0.0,Bear,True
00acc896b696a522,train,https://farm3.staticflickr.com/8540/8615647538_77328dac65_o.jpg,https://www.flickr.com/photos/netogonzalez/8615647538,https://creativecommons.org/licenses/by/2.0/,https://www.flickr.com/people/netogonzalez/,@N3T1O,A late #DetoxMonday #Sportfit #alivebefit #tuesdayWOD,44738,mNc+BuCBxnuvVg2NPdI7DQ==,https://c8.staticflickr.com/9/8540/8615647538_bb5cb6f6a0_z.jpg,0.0,Bear,True
174b7b7854ddfb96,train,https://farm7.staticflickr.com/3415/3483889044_10439dbde2_o.jpg,https://www.flickr.com/photos/christianhaugen/3483889044,https://creativecommons.org/licenses/by/2.0/,https://www.flickr.com/people/christianhaugen/,Christian Haugen,Kangaroo closeup,2763217,FTaHg+8GTLQnp1XLApRu5A==,https://c5.staticflickr.com/4/3415/3483889044_2ffa6b7607_z.jpg,0.0,Bear,True
7e80a66f1cdc1262,train,https://farm3.staticflickr.com/8575/16425936841_935e1663f0_o.jpg,https://www.flickr.com/photos/quintanomedia/16425936841,https://creativecommons.org/licenses/by/2.0/,https://www.flickr.com/people/quintanomedia/,Anthony Quintano,Punxsutawney Phil at Gobbler's Knob in Punxsutawney Pennsylvania,539923,duAMHlp0iL7qw5LFE1rzlg==,https://c5.staticflickr.com/9/8575/16425936841_ef5b75b9f7_z.jpg,0.0,Bear,True
47411a4d8dc365fe,train,https://c7.staticflickr.com/9/8144/7391663250_2398dc7232_o.jpg,https://www.flickr.com/photos/wangjs/7391663250,https://creativecommons.org/licenses/by/2.0/,https://www.flickr.com/people/wangjs/,Jiashiang,"登別 - 熊牧場 Bear Park, Noboribetsu",2496877,I8ba0y0lncUkPTtvSns0lQ==,https://c8.staticflickr.com/9/8144/7391663250_39674b65fe_z.jpg,,Bear,True
2b949ca67d0b681d,train,https://c6.staticflickr.com/4/3807/9134658912_9291830095_o.jpg,https://www.flickr.com/photos/charaka/9134658912,https://creativecommons.org/licenses/by/2.0/,https://www.flickr.com/people/charaka/,СНΛЯАKΛ,polar walker,501395,XYPeeBdZxe8q/ejKDpjW5A==,https://c7.staticflickr.com/4/3807/9134658912_9661f918df_z.jpg,0.0,Bear,True
751ccb42b1a554a5,train,https://farm6.staticflickr.com/5181/5589237790_3fd1616737_o.jpg,https://www.flickr.com/photos/nuskyn/5589237790,https://creativecommons.org/licenses/by/2.0/,https://www.flickr.com/people/nuskyn/,J P,Young Polarbear,428447,ZUCD0NFsHB8MsoeFl5lc1A==,https://c2.staticflickr.com/6/5181/5589237790_97592ef944_z.jpg,0.0,Bear,True
0089d4a84c4a3cd1,train,https://farm2.staticflickr.com/7191/6862203253_0f36f59a5b_o.jpg,https://www.flickr.com/photos/usfwshq/6862203253,https://creativecommons.org/licenses/by/2.0/,https://www.flickr.com/people/usfwshq/,U.S. Fish and Wildlife Service Headquarters,polar bear pair,7327510,Jc20+yrYMKy9ulgr16YCNw==,https://c7.staticflickr.com/8/7191/6862203253_a650638b9f_z.jpg,0.0,Bear,True
110920c1b8ab8282,train,https://farm3.staticflickr.com/4065/4541498326_698df2f317_o.jpg,https://www.flickr.com/photos/spool32/4541498326,https://creativecommons.org/licenses/by/2.0/,https://www.flickr.com/people/spool32/,Will Clayton,P1020951,3167700,li+MiTQfYspwBjuZW4dB3Q==,https://c7.staticflickr.com/5/4065/4541498326_7745288b00_z.jpg,0.0,Bear,True
1246e0c2d99cde21,train,https://farm2.staticflickr.com/3444/3774429672_27961b11c1_o.jpg,https://www.flickr.com/photos/brostad/3774429672,https://creativecommons.org/licenses/by/2.0/,https://www.flickr.com/people/brostad/,Bernt Rostad,Giant Panda cubs,3916801,cF9u9MOY1NQyYHfd1Anv5g==,https://c2.staticflickr.com/4/3444/3774429672_ffcb9d58cf_z.jpg,0.0,Bear,True
7dd82a725b71e35f,train,https://c8.staticflickr.com/1/39/85731433_4b0be7afe6_o.jpg,https://www.flickr.com/photos/davehogg/85731433,https://creativecommons.org/licenses/by/2.0/,https://www.flickr.com/people/davehogg/,Dave Hogg,"Mommy, I'm walking!",1043983,xbobdOhDH5iBSP68vrOfXw==,https://c7.staticflickr.com/1/39/85731433_4b0be7afe6_z.jpg,,Bear,True
8009480c3e47917f,train,https://c8.staticflickr.com/7/6233/6220162667_7b17eac05b_o.jpg,https://www.flickr.com/photos/biodivlibrary/6220162667,https://creativecommons.org/licenses/by/2.0/,https://www.flickr.com/people/biodivlibrary/,Biodiversity Heritage Library,n264_w1150,2306020,zCctH089dOyeSUWlZEoWDg==,https://c2.staticflickr.com/7/6233/6220162667_8a896e61a4_z.jpg,0.0,Bear,True
f6530af0ec64e101,train,https://farm2.staticflickr.com/3776/19672669548_1f8d174dbc_o.jpg,https://www.flickr.com/photos/cmichel67/19672669548,https://creativecommons.org/licenses/by/2.0/,https://www.flickr.com/people/cmichel67/,Christopher Michel,Polar Bears,137369,cQC8hLgWm1XCvtel46YjGQ==,https://c1.staticflickr.com/4/3776/19672669548_9460e0e989_z.jpg,0.0,Bear,True
026d1aa3bb1c4d6b,train,https://c4.staticflickr.com/6/5046/5337279410_8476b3d555_o.jpg,https://www.flickr.com/photos/peter-trimming/5337279410,https://creativecommons.org/licenses/by/2.0/,https://www.flickr.com/people/peter-trimming/,Peter Trimming,Mrs Polecat,1092150,i8cHW6gk1ZlewCHTF9JuhA==,https://c7.staticflickr.com/6/5046/5337279410_0a608a4009_z.jpg,0.0,Bear,True
10947cf484318ed6,train,https://farm7.staticflickr.com/7449/9610451779_8019ab52c9_o.jpg,https://www.flickr.com/photos/25949441@N02/9610451779,https://creativecommons.org/licenses/by/2.0/,https://www.flickr.com/people/25949441@N02/,Andrew E. Russell,Big Fat Black Bear in Tree,9123825,ASM7yLs1lfSmb5kVri0Rzg==,https://c5.staticflickr.com/8/7449/9610451779_78e1e00983_z.jpg,0.0,Bear,True
2f1ca8da642fc352,train,https://farm3.staticflickr.com/4053/4251799879_73dbf08192_o.jpg,https://www.flickr.com/photos/22244945@N00/4251799879,https://creativecommons.org/licenses/by/2.0/,https://www.flickr.com/people/22244945@N00/,Erik Fitzpatrick,"buffalo, laying about",2731610,LcrxvnbXUos1PifGWFOj3w==,https://c6.staticflickr.com/5/4053/4251799879_ea2d2e122a_z.jpg,,Bear,True
f684d93350bfcc0d,train,https://c6.staticflickr.com/5/4011/4621236309_987f609db4_o.jpg,https://www.flickr.com/photos/siliconprairienews/4621236309,https://creativecommons.org/licenses/by/2.0/,https://www.flickr.com/people/siliconprairienews/,Silicon Prairie News,Big Omaha Photo Booth,1314506,FtdgYd3DI3Xcsb3XdG6nmA==,https://c7.staticflickr.com/5/4011/4621236309_e684112924_z.jpg,0.0,Bear,True
71eb234697d1417f,train,https://c8.staticflickr.com/2/1124/1333712314_d089ee5927_o.jpg,https://www.flickr.com/photos/7326810@N08/1333712314,https://creativecommons.org/licenses/by/2.0/,https://www.flickr.com/people/7326810@N08/,Jean,Grizzly Bear,45863,S+lMNXq3eFZmQ2h6h1wAWA==,,,Bear,True
802756ba8e33514b,train,https://c4.staticflickr.com/1/544/19833188282_35eddb572e_o.jpg,https://www.flickr.com/photos/cmichel67/19833188282,https://creativecommons.org/licenses/by/2.0/,https://www.flickr.com/people/cmichel67/,Christopher Michel,Polar Bears on Thin Ice,11074659,Zt4i572Sba0USuCRds6buQ==,https://c2.staticflickr.com/1/544/19833188282_4613127dea_z.jpg,0.0,Bear,True
507c1b85ca8e9fd8,train,https://c1.staticflickr.com/1/176/478651220_e445b510d4_o.jpg,https://www.flickr.com/photos/38494596@N00/478651220,https://creativecommons.org/licenses/by/2.0/,https://www.flickr.com/people/38494596@N00/,Maggie,IMG_7836,838436,lMHhQSspOJ9/QUdA77jZCw==,https://c4.staticflickr.com/1/176/478651220_0c44005464_z.jpg,0.0,Bear,True
cb8de619ea9ded7f,train,https://c8.staticflickr.com/3/2912/14577414807_2933459062_o.jpg,https://www.flickr.com/photos/jkbrooks85/14577414807,https://creativecommons.org/licenses/by/2.0/,https://www.flickr.com/people/jkbrooks85/,James Brooks,Anan bear with salmon,3221242,OMiyS9cjyEiupjPyMCF14Q==,https://c4.staticflickr.com/3/2912/14577414807_4d5e325daf_z.jpg,0.0,Bear,True
b0ec193201b277a2,train,https://farm3.staticflickr.com/7360/9743117416_2004c93871_o.jpg,https://www.flickr.com/photos/katmainps/9743117416,https://creativecommons.org/licenses/by/2.0/,https://www.flickr.com/people/katmainps/,Katmai National Park and Preserve,Adult males 489 Ted and 868 play fighting in the lower Brooks River,74852,cPi8LI5afQSxuJay5AwkLQ==,https://c4.staticflickr.com/8/7360/9743117416_7c6f1da951_z.jpg,0.0,Bear,True
ad3e137d824bc773,train,https://farm4.staticflickr.com/3009/2984888238_00244b891b_o.jpg,https://www.flickr.com/photos/afropicmusing/2984888238,https://creativecommons.org/licenses/by/2.0/,https://www.flickr.com/people/afropicmusing/,afromusing,Milking The Rhino,111964,U06rAV2RPfQkq+IhLSMcBQ==,https://c2.staticflickr.com/4/3009/2984888238_51d02d80d6_z.jpg?zz=1,0.0,Bear,True
e4fce7ac3c82f825,train,https://farm6.staticflickr.com/224/488614573_92c76472a5_o.jpg,https://www.flickr.com/photos/mihalorel/488614573,https://creativecommons.org/licenses/by/2.0/,https://www.flickr.com/people/mihalorel/,Михал Орела,Мече,3349693,TEOSs/kyhswB8m994p6/OA==,https://c3.staticflickr.com/1/224/488614573_8099664965_z.jpg,0.0,Bear,True
18d3ce901f7cea1a,train,https://c3.staticflickr.com/9/8320/7895852952_3f5b4ce96e_o.jpg,https://www.flickr.com/photos/stickergiant/7895852952,https://creativecommons.org/licenses/by/2.0/,https://www.flickr.com/people/stickergiant/,John Fischer,Blackstone Pub And Eatery,103936,rs7FMwuRZXjfKzJzJgQpHA==,https://c7.staticflickr.com/9/8320/7895852952_47768c5dd1_z.jpg,0.0,Bear,True
338d3eb7fdd45bab,train,https://c4.staticflickr.com/5/4102/4891893590_8761bbb374_o.jpg,https://www.flickr.com/photos/johndonahue/4891893590,https://creativecommons.org/licenses/by/2.0/,https://www.flickr.com/people/johndonahue/,John Donahue,Makes Mickey want to sing,963102,rK87LdQPl3Z+bnoaT5N9Nw==,https://c6.staticflickr.com/5/4102/4891893590_e28fb64f0c_z.jpg,0.0,Bear,True
00f0732b5b7c5176,train,https://farm7.staticflickr.com/5222/5698964281_460023d691_o.jpg,https://www.flickr.com/photos/davidberkowitz/5698964281,https://creativecommons.org/licenses/by/2.0/,https://www.flickr.com/people/davidberkowitz/,David Berkowitz,"Lions - Serengeti National Park safari - Tanzania, Africa",6128353,eMHcZMXu1ja860Ii6wr5lw==,https://c4.staticflickr.com/6/5222/5698964281_271f00c54b_z.jpg,,Bear,True
eb7bf07963d30b4f,train,https://c8.staticflickr.com/4/3230/2782381460_ab450a90e6_o.jpg,https://www.flickr.com/photos/kathycsus/2782381460,https://creativecommons.org/licenses/by/2.0/,https://www.flickr.com/people/kathycsus/,Kathleen Franklin,No Fear,458958,BsOc8bjTb/AHia1cDZHkdA==,https://c4.staticflickr.com/4/3230/2782381460_af489dec5b_z.jpg,0.0,Bear,True
01a178e120e73a5e,train,https://c7.staticflickr.com/5/4063/4551602813_2c736680e1_o.jpg,https://www.flickr.com/photos/infrogmation/4551602813,https://creativecommons.org/licenses/by/2.0/,https://www.flickr.com/people/infrogmation/,Infrogmation of New Orleans,StateStreetTchoupitioulasHouse,1877193,23U5QzyLgABf6Ks3XPAffg==,https://c1.staticflickr.com/5/4063/4551602813_e2898f1864_z.jpg,0.0,Bear,True
b3044bf4e16015c0,train,https://farm1.staticflickr.com/460/17981605484_d3659162ed_o.jpg,https://www.flickr.com/photos/georigami/17981605484,https://creativecommons.org/licenses/by/2.0/,https://www.flickr.com/people/georigami/,Jorge Jaramillo,Origami Bogota 2015 (39),90292,Fjq2FELGDVHobOEP4cQkHA==,https://c5.staticflickr.com/1/460/17981605484_b9f2bef53a_z.jpg,0.0,Bear,True
d17b32f1857cc74b,train,https://c4.staticflickr.com/3/2947/15456438795_6ee71ed438_o.jpg,https://www.flickr.com/photos/igcameron/15456438795,https://creativecommons.org/licenses/by/2.0/,https://www.flickr.com/people/igcameron/,Iain Cameron,Tovo di Sant'agata,5393565,neCJAHNF8wXl8EHpCHE3iQ==,https://c2.staticflickr.com/3/2947/15456438795_7b25b466fc_z.jpg,0.0,Bear,True
0d0838106bf03bd0,train,https://farm1.staticflickr.com/2748/5835540939_a9be946860_o.jpg,https://www.flickr.com/photos/coolinsights/5835540939,https://creativecommons.org/licenses/by/2.0/,https://www.flickr.com/people/coolinsights/,Walter Lim,Wildlife in Canada,246773,5xiIAiOqNZ2SesiuT/0YTQ==,https://c7.staticflickr.com/3/2748/5835540939_33b2a99b97_z.jpg,0.0,Bear,True
c3434c6f8b426495,train,https://farm6.staticflickr.com/7382/10519845256_0cb3c9e976_o.jpg,https://www.flickr.com/photos/kinghuang/10519845256,https://creativecommons.org/licenses/by/2.0/,https://www.flickr.com/people/kinghuang/,King Huang,IMG_0799,7018742,a+tgOC8Q2VMJUiOn4/2x4g==,https://c3.staticflickr.com/8/7382/10519845256_94564c124a_z.jpg,0.0,Bear,True
984d0fd3efbdf649,train,https://c2.staticflickr.com/9/8131/8699025017_a10967fcc8_o.jpg,https://www.flickr.com/photos/frauschnatterliese/8699025017,https://creativecommons.org/licenses/by/2.0/,https://www.flickr.com/people/frauschnatterliese/,Sabine Bresser,bola und bunga,823489,qZ0aXmDU/D4NPlGZxXhc8g==,https://c3.staticflickr.com/9/8131/8699025017_2d2ece7829_z.jpg,0.0,Bear,True
163af8ddb0c94822,train,https://farm3.staticflickr.com/2692/5805369555_e5a58a3f55_o.jpg,https://www.flickr.com/photos/34179117@N00/5805369555,https://creativecommons.org/licenses/by/2.0/,https://www.flickr.com/people/34179117@N00/,Chris Shervey,European Brown Bears,781786,5k+SwefuwpmmHdcsSLnOgQ==,https://c8.staticflickr.com/3/2692/5805369555_c4d65f5e7b_z.jpg,0.0,Bear,True
c2ff7077bb0f4caf,train,https://c8.staticflickr.com/1/107/300200530_a0854eaf52_o.jpg,https://www.flickr.com/photos/d4rr3ll/300200530,https://creativecommons.org/licenses/by/2.0/,https://www.flickr.com/people/d4rr3ll/,Darrell Taylor,Winnie The Pooh,2807811,rxjjo7iAMR2f8fJ6AD/Wbg==,https://c2.staticflickr.com/1/107/300200530_a0854eaf52_z.jpg,0.0,Bear,True
97a97ba9d875c587,train,https://farm8.staticflickr.com/89/222345960_68c44a167a_o.jpg,https://www.flickr.com/photos/hisgett/222345960,https://creativecommons.org/licenses/by/2.0/,https://www.flickr.com/people/hisgett/,Tony Hisgett,Rhythm of the City Bear,3648087,j5eJ5QNbNvdGplWRCg65JA==,https://c7.staticflickr.com/1/89/222345960_68c44a167a_z.jpg,0.0,Bear,True
3acfd7fe452d4464,train,https://farm5.staticflickr.com/3462/3371358012_ac89dbb2f0_o.jpg,https://www.flickr.com/photos/carbonnyc/3371358012,https://creativecommons.org/licenses/by/2.0/,https://www.flickr.com/people/carbonnyc/,David Goehring,Prowler,1357601,2AYGaUBpGzVBYxw6hAFa8A==,https://c6.staticflickr.com/4/3462/3371358012_2d38ae0620_z.jpg,0.0,Bear,True
5fb1931f0d5a4f70,train,https://farm1.staticflickr.com/3605/3613532040_750ef171a1_o.jpg,https://www.flickr.com/photos/ltansey/3613532040,https://creativecommons.org/licenses/by/2.0/,https://www.flickr.com/people/ltansey/,ltansey,"Giant Panda, Kunming Zoo",1818936,PRegZujHRb+inCUGIHPS7A==,https://c6.staticflickr.com/4/3605/3613532040_3db0813fdf_z.jpg,,Bear,True
69ed6311b386b6b4,train,https://farm5.staticflickr.com/7525/16069549297_84a832d0f6_o.jpg,https://www.flickr.com/photos/bontempscharly/16069549297,https://creativecommons.org/licenses/by/2.0/,https://www.flickr.com/people/bontempscharly/,Charles Barilleaux,Wrestling 1,2146525,LNkc9Pzl3Lfl15bJ3jgC2Q==,https://c1.staticflickr.com/8/7525/16069549297_c66a711d5a_z.jpg,0.0,Bear,True
888b0fb96f6fb583,train,https://farm4.staticflickr.com/6034/6368718969_f0ebb26518_o.jpg,https://www.flickr.com/photos/dumbledad/6368718969,https://creativecommons.org/licenses/by/2.0/,https://www.flickr.com/people/dumbledad/,Tim Regan,"Me, a vampire, a not-yet-a-vampire woman, and a werewolf or three pose for the camera",2836622,Wf5HnxeVEGXGSBvcokLZ9Q==,https://c8.staticflickr.com/7/6034/6368718969_499232e792_z.jpg,,Bear,True
402030ece49ce8de,train,https://c7.staticflickr.com/8/7457/12094845653_8e77382793_o.jpg,https://www.flickr.com/photos/39908901@N06/12094845653,https://creativecommons.org/licenses/by/2.0/,https://www.flickr.com/people/39908901@N06/,m01229,Coca Cola Bear - Vegas Strip,1350660,Kr8VQWvLYB49aLeoHhO03A==,https://c1.staticflickr.com/8/7457/12094845653_6e0b50a833_z.jpg,0.0,Bear,True
77da8918861bdbad,train,https://c6.staticflickr.com/2/1061/5162786434_3040830c9f_o.jpg,https://www.flickr.com/photos/zombieite/5162786434/,https://creativecommons.org/licenses/by/2.0/,https://www.flickr.com/people/zombieite/,zombieite,monkey,855918,GbUq142Um/8aP4S/7MiqPw==,https://c5.staticflickr.com/2/1061/5162786434_5ededfec71_z.jpg,0.0,Bear,True
b59814faebfc4bde,train,https://c7.staticflickr.com/5/4054/4271135089_af24b790a5_o.jpg,https://www.flickr.com/photos/bsabarnowl/4271135089,https://creativecommons.org/licenses/by/2.0/,https://www.flickr.com/people/bsabarnowl/,Bill McChesney,3508 Bedpost Bear Cub 4,1440425,+19VveuqKtmN3D/IXRJ6Rw==,https://c7.staticflickr.com/5/4054/4271135089_e28706831d_z.jpg,0.0,Bear,True
e41bc45018838959,train,https://c2.staticflickr.com/4/3255/2851454108_abbaa7e65c_o.jpg,https://www.flickr.com/photos/footloosiety/2851454108,https://creativecommons.org/licenses/by/2.0/,https://www.flickr.com/people/footloosiety/,David J Laporte,IMGP7468,6623125,piZRhQhHTQ8DSVtpJ2wn2w==,https://c1.staticflickr.com/4/3255/2851454108_ec35f48639_z.jpg,0.0,Bear,True
371eb8116db522bf,train,https://c8.staticflickr.com/9/8109/8465091364_5cfaf46db1_o.jpg,https://www.flickr.com/photos/frauschnatterliese/8465091364,https://creativecommons.org/licenses/by/2.0/,https://www.flickr.com/people/frauschnatterliese/,Sabine Bresser,Knut,345396,81lbvucj/nWNsrrEF7691g==,https://c3.staticflickr.com/9/8109/8465091364_baf22bd127_z.jpg,0.0,Bear,True
09b72f4966fbf1d1,train,https://farm2.staticflickr.com/7548/15935321070_af7db60b3a_o.jpg,https://www.flickr.com/photos/cmichel67/15935321070/,https://creativecommons.org/licenses/by/2.0/,https://www.flickr.com/people/cmichel67/,Christopher Michel,Michel Family Scans - Mostly Paris,326678,USSDghP4hTD1SAiNRfNQcw==,https://c8.staticflickr.com/8/7548/15935321070_17a4c4a2c7_z.jpg,0.0,Bear,True
1aaaefd3234ff51e,train,https://c7.staticflickr.com/8/7190/6807903364_092ced8b90_o.jpg,https://www.flickr.com/photos/75471828@N03/6807903364,https://creativecommons.org/licenses/by/2.0/,https://www.flickr.com/people/75471828@N03/,Ellie Attebery,Big Bear,3313615,O+RLDHX6ZJA1oktpPlUtng==,https://c7.staticflickr.com/8/7190/6807903364_8413aa69a4_z.jpg,0.0,Bear,True
9bffe7bb2ec08e5c,train,https://c5.staticflickr.com/8/7013/6829012809_9b8702aa9e_o.jpg,https://www.flickr.com/photos/76029035@N02/6829012809,https://creativecommons.org/licenses/by/2.0/,https://www.flickr.com/people/76029035@N02/,Victor1558,Creative_Photoshop_HD_Wallpapers_laba.ws,634915,FTGBGTRhdOGlG0ECwcS1Xg==,https://c1.staticflickr.com/8/7013/6829012809_28a5680e8c_z.jpg,0.0,Bear,True
010c9fcf2fea3452,train,https://farm3.staticflickr.com/39/80901871_07f2c101db_o.jpg,https://www.flickr.com/photos/pe5pe/80901871,https://creativecommons.org/licenses/by/2.0/,https://www.flickr.com/people/pe5pe/,Luis Pérez,31-12-05_2014,20558,+jmfYr0UpcjqeWTAvGdaeA==,https://c3.staticflickr.com/1/39/80901871_07f2c101db_z.jpg?zz=1,0.0,Bear,True
08d8cb6b9835be8a,train,https://c3.staticflickr.com/1/327/19403384508_7e5e515879_o.jpg,https://www.flickr.com/photos/cmichel67/19403384508,https://creativecommons.org/licenses/by/2.0/,https://www.flickr.com/people/cmichel67/,Christopher Michel,Emperor Penguins,4101263,UH9Tj6EYs/R5XpWQyUPxFQ==,https://c6.staticflickr.com/1/327/19403384508_0b39d93e89_z.jpg,0.0,Bear,True
003c40e8e6ec88bf,train,https://c8.staticflickr.com/4/3841/14338189817_a6251ce71f_o.jpg,https://www.flickr.com/photos/17367470@N05/14338189817,https://creativecommons.org/licenses/by/2.0/,https://www.flickr.com/people/17367470@N05/,bluesbby,A man and his dog,876761,SS8r/jy69jafpG/gFrgEjg==,https://c4.staticflickr.com/4/3841/14338189817_6a3a6053e9_z.jpg,0.0,Bear,True
0fb92054bdfe02e5,train,https://farm6.staticflickr.com/5153/5818440178_b651408fd7_o.jpg,https://www.flickr.com/photos/kabacchi/5818440178,https://creativecommons.org/licenses/by/2.0/,https://www.flickr.com/people/kabacchi/,Kabacchi,Polar Bear - 31,504409,faO7I5GZm9zKqgoFafi5eQ==,https://c5.staticflickr.com/6/5153/5818440178_5bb8457480_z.jpg,0.0,Bear,True
b7ba228975710ac5,train,https://farm6.staticflickr.com/2855/8754961523_39d2f7493d_o.jpg,https://www.flickr.com/photos/crschmidt/8754961523,https://creativecommons.org/licenses/by/2.0/,https://www.flickr.com/people/crschmidt/,Christopher Schmidt,Untitled,3875815,rjQSbt92YavF8bzPYfDW9w==,https://c6.staticflickr.com/3/2855/8754961523_5ff8bc68ce_z.jpg,0.0,Bear,True
3f06b197e78831a1,train,https://farm2.staticflickr.com/8094/8425302770_b0cd9e9815_o.jpg,https://www.flickr.com/photos/usfwshq/8425302770,https://creativecommons.org/licenses/by/2.0/,https://www.flickr.com/people/usfwshq/,U.S. Fish and Wildlife Service Headquarters,Brown bear and two cubs in stream,160759,5ID0lzcyZUAcZ1gKlzMZFg==,https://c5.staticflickr.com/9/8094/8425302770_b50d226abc_z.jpg,0.0,Bear,True
0000375a83c19042,train,https://farm3.staticflickr.com/2672/3836490444_8c5c6f1198_o.jpg,https://www.flickr.com/photos/cpwf_bfp/3836490444,https://creativecommons.org/licenses/by/2.0/,https://www.flickr.com/people/cpwf_bfp/,"Water, food and livelihoods in River Basins",QSMAS - drying beans using shrubs,1235155,AvsLtlolhZ+AQLkq7vJNfw==,https://c6.staticflickr.com/3/2672/3836490444_2e6b77e04c_z.jpg,,Bear,True
001753f75262df5c,train,https://c5.staticflickr.com/6/5482/10395513566_f5e18c87e2_o.jpg,https://www.flickr.com/photos/donrelyea/10395513566/,https://creativecommons.org/licenses/by/2.0/,https://www.flickr.com/people/donrelyea/,Don Relyea,000938909,241961,GVIYulcM9qC0rPeXW8vvMg==,https://c1.staticflickr.com/6/5482/10395513566_d1d0f811e1_z.jpg,0.0,Bear,True
003d135fee2d3edb,train,https://c4.staticflickr.com/8/7110/13701312155_35a74aa1fd_o.jpg,https://www.flickr.com/photos/-jvl-/13701312155,https://creativecommons.org/licenses/by/2.0/,https://www.flickr.com/people/-jvl-/,-JvL-,Horse head at the Michelangelo Cloister,8426819,1mmQwK+prD+Qr6wxd7yO0w==,https://c8.staticflickr.com/8/7110/13701312155_396967c544_z.jpg,0.0,Bear,True
547189e6dc407246,train,https://farm7.staticflickr.com/2914/14463700710_b55d8dc7e4_o.jpg,https://www.flickr.com/photos/lakpura/14463700710/,https://creativecommons.org/licenses/by/2.0/,https://www.flickr.com/people/lakpura/,Amila Tennakoon,Udawalawe National Park in Sri Lanka 14,315120,9VNKoByHbeISV23qMpFweA==,https://c2.staticflickr.com/3/2914/14463700710_8ee1a0cb17_z.jpg,0.0,Bear,True
0006ad82ef822a7b,train,https://c4.staticflickr.com/1/178/4562327627_ea3644e655_o.jpg,https://www.flickr.com/photos/kzaral/4562327627,https://creativecommons.org/licenses/by/2.0/,https://www.flickr.com/people/kzaral/,Kzaral,"Otsu Station, Shiga",375521,lDnWQJHFDVF7zidbwEK/dg==,https://c6.staticflickr.com/1/178/4562327627_e28e62f149_z.jpg,,Bear,True
01650042709e7a82,train,https://farm3.staticflickr.com/6201/6090130181_0164ea83b3_o.jpg,https://www.flickr.com/photos/larry1732/6090130181,https://creativecommons.org/licenses/by/2.0/,https://www.flickr.com/people/larry1732/,Larry Lamsa,Rio Grande Scenic Railroad,6083305,Nz8+m39KNpIa44ktH2wdQA==,https://c3.staticflickr.com/7/6201/6090130181_cc7f2d478e_z.jpg,0.0,Bear,True
17d34b8c090ed58a,train,https://c3.staticflickr.com/4/3383/3427656802_a6b7b345f2_o.jpg,https://www.flickr.com/photos/margarethahopfner/3427656802,https://creativecommons.org/licenses/by/2.0/,https://www.flickr.com/people/margarethahopfner/,Margaretha Rebecca Hopfner,Tiere in Schoenbrunn - Fou Long,52482,6zTx5mps0FUgz9qiWOeRgQ==,,,Bear,True
25e9645b7b397895,train,https://farm6.staticflickr.com/4116/4888570783_096f8cb9d3_o.jpg,https://www.flickr.com/photos/facing-my-life/4888570783,https://creativecommons.org/licenses/by/2.0/,https://www.flickr.com/people/facing-my-life/,Crosa,der Bär ist los..,13153598,QfdDZY+Y9OQwVEe0EizhDQ==,https://c5.staticflickr.com/5/4116/4888570783_01992df8ed_z.jpg,0.0,Bear,True
2224e5d8a1a4b7eb,train,https://c4.staticflickr.com/3/2177/2276094271_b066ea62bf_o.jpg,https://www.flickr.com/photos/toronjazul/2276094271,https://creativecommons.org/licenses/by/2.0/,https://www.flickr.com/people/toronjazul/,Jose Antonio Tovar,Ilustración Panda cry,91898,iw90FxftiUnZMTOPLCGAYA==,https://c5.staticflickr.com/3/2177/2276094271_961041fe58_z.jpg?zz=1,0.0,Bear,True
c67b5be02ad86f48,train,https://c1.staticflickr.com/9/8573/16256211217_37ffa194a2_o.jpg,https://www.flickr.com/photos/phalinn/16256211217,https://creativecommons.org/licenses/by/2.0/,https://www.flickr.com/people/phalinn/,Phalinn Ooi,Melaka,2259199,4wE3u24mxjfrK1jm4OS5LA==,https://c1.staticflickr.com/9/8573/16256211217_17a2a1c2e0_z.jpg,0.0,Bear,True
3e2b94a07d391609,train,https://c2.staticflickr.com/6/5211/5464520752_e9b6b55690_o.jpg,https://www.flickr.com/photos/yortw/5464520752,https://creativecommons.org/licenses/by/2.0/,https://www.flickr.com/people/yortw/,Yortw,World's Ugliest Mug ?,6572032,I/n7PlqyxwJh2DnoLq+6Dg==,https://c4.staticflickr.com/6/5211/5464520752_f852533f29_z.jpg,0.0,Bear,True
2a82fa7f23204c3e,train,https://c7.staticflickr.com/9/8430/7516045300_2c4d2fd9d6_o.jpg,https://www.flickr.com/photos/watertownsurfer/7516045300,https://creativecommons.org/licenses/by/2.0/,https://www.flickr.com/people/watertownsurfer/,Kurt Thomas Hunt,Wolf pups,4672488,YNUoO21k3aarIS05CPwhhw==,https://c1.staticflickr.com/9/8430/7516045300_87ab2c2fb9_z.jpg,0.0,Bear,True
007c43c3e6f424c4,train,https://farm5.staticflickr.com/5090/5335151470_197fb07a90_o.jpg,https://www.flickr.com/photos/rockandroll/5335151470,https://creativecommons.org/licenses/by/2.0/,https://www.flickr.com/people/rockandroll/,Stephanie M,Transmission Fields,196969,wZNaw5jeI9kzmI/BNX2iUA==,https://c3.staticflickr.com/6/5090/5335151470_c4a5c4f874_z.jpg,0.0,Bear,True
1677f1441c1ffbe6,train,https://farm7.staticflickr.com/7368/16335989166_27787af1ed_o.jpg,https://www.flickr.com/photos/dhruvaraj/16335989166,https://creativecommons.org/licenses/by/2.0/,https://www.flickr.com/people/dhruvaraj/,Dhruvaraj S,DHR_6624,2184877,XmiUBd3sSQW2y/z80e4hmQ==,https://c3.staticflickr.com/8/7368/16335989166_6a543e56bf_z.jpg,0.0,Bear,True
c95585ec8c3d976f,train,https://c8.staticflickr.com/8/7368/14046550071_7b819c0ca8_o.jpg,https://www.flickr.com/photos/bcplphoto/14046550071,https://creativecommons.org/licenses/by/2.0/,https://www.flickr.com/people/bcplphoto/,Baltimore County Public Library,Perry Hall Stuffed Animal Sleepover,4112556,UfewUIC3C03y6Fq+onmCdA==,https://c6.staticflickr.com/8/7368/14046550071_a06c3e9d1c_z.jpg,0.0,Bear,True
a84b362ed2b321a3,train,https://farm4.staticflickr.com/3399/3600616584_9d23b6489d_o.jpg,https://www.flickr.com/photos/lcledward/3600616584,https://creativecommons.org/licenses/by/2.0/,https://www.flickr.com/people/lcledward/,Edward Leung,P1060276,4898981,8zMZTJkVrv3hJraOMQVYFQ==,https://c8.staticflickr.com/4/3399/3600616584_d36020fb7b_z.jpg,0.0,Bear,True
0000253ea4ecbf19,train,https://c2.staticflickr.com/5/4091/4981992490_11ef957238_o.jpg,https://www.flickr.com/photos/30486689@N08/4981992490,https://creativecommons.org/licenses/by/2.0/,https://www.flickr.com/people/30486689@N08/,Stephanie Clifford,IMG_7296,2241217,tCwknTDwLUzY8M+6QP+xig==,https://c7.staticflickr.com/5/4091/4981992490_0b883ff258_z.jpg,270.0,Bear,True
06a2621ed24163a7,train,https://farm8.staticflickr.com/414/19783190931_23c12e9130_o.jpg,https://www.flickr.com/photos/noaaphotolib/19783190931,https://creativecommons.org/licenses/by/2.0/,https://www.flickr.com/people/noaaphotolib/,NOAA Photo Library,anim2254,7163171,qrOGV90hRZtCMck5cpGcXw==,https://c1.staticflickr.com/1/414/19783190931_df7f7876f4_z.jpg,0.0,Bear,True
0026bf8038744abd,train,https://c6.staticflickr.com/1/61/198146842_d4bbda758d_o.jpg,https://www.flickr.com/photos/avinashraj/198146842,https://creativecommons.org/licenses/by/2.0/,https://www.flickr.com/people/avinashraj/,Avinash Raj,infest Stamp,338947,WIMNGlf8i6Y3U/vlyCTDtA==,,,Bear,True
00010d5d0cd3e273,train,https://farm4.staticflickr.com/1328/570597649_07396ada30_o.jpg,https://www.flickr.com/photos/seo2/570597649,https://creativecommons.org/licenses/by/2.0/,https://www.flickr.com/people/seo2/,Cristian Borquez,DSCF0385,833307,PYg5OKBjHJSZVPOeipRlkg==,https://c8.staticflickr.com/2/1328/570597649_d7466961e7_z.jpg,0.0,Bear,True
70bcc39281e40667,train,https://farm8.staticflickr.com/38/82887179_172629d52a_o.jpg,https://www.flickr.com/photos/kellinahandbasket/82887179,https://creativecommons.org/licenses/by/2.0/,https://www.flickr.com/people/kellinahandbasket/,kellinahandbasket,Incompatibility,68902,K2WBKqQzxCqgEEV3rfKUwA==,,,Bear,True
06b7e7ac82971cf3,train,https://farm4.staticflickr.com/7210/7035593683_b1c84c3bca_o.jpg,https://www.flickr.com/photos/frauschnatterliese/7035593683,https://creativecommons.org/licenses/by/2.0/,https://www.flickr.com/people/frauschnatterliese/,Sabine Bresser,"huggies, luzie & maria",311560,RjxOi4nJUT6y+LBoiLO8UA==,https://c1.staticflickr.com/8/7210/7035593683_e8df069cc3_z.jpg,,Bear,True
0fa4e331ae2636af,train,https://c8.staticflickr.com/1/397/19438355008_ecdfa5ea36_o.jpg,https://www.flickr.com/photos/cmichel67/19438355008,https://creativecommons.org/licenses/by/2.0/,https://www.flickr.com/people/cmichel67/,Christopher Michel,Polar Bear,6646720,yWyfkM30lJ1+PGqsyqoQcA==,https://c2.staticflickr.com/1/397/19438355008_5d0c97064b_z.jpg,0.0,Bear,True
8f0c29138a285d15,train,https://farm6.staticflickr.com/7147/6472743051_5d297eef73_o.jpg,https://www.flickr.com/photos/rusty_clark/6472743051,https://creativecommons.org/licenses/by/2.0/,https://www.flickr.com/people/rusty_clark/,Rusty Clark - On the Air M-F 8am-noon,Walmart - Indialantic FL,622330,XrUzGeX6QCluSmjYx0QOwg==,https://c4.staticflickr.com/8/7147/6472743051_dd8fc805b9_z.jpg,0.0,Bear,True
82e22f9e834ce201,train,https://farm2.staticflickr.com/5513/11371836336_c0563e091f_o.jpg,https://www.flickr.com/photos/davidwilson1949/11371836336,https://creativecommons.org/licenses/by/2.0/,https://www.flickr.com/people/davidwilson1949/,David Wilson,20130627 02 Bear with beer bottle,1011303,cfJuv+Uie35WuAVOO0W3GQ==,https://c6.staticflickr.com/6/5513/11371836336_11ffb65d25_z.jpg,0.0,Bear,True
461a3fb2b4c67177,train,https://farm8.staticflickr.com/5158/5835553149_368b468459_o.jpg,https://www.flickr.com/photos/coolinsights/5835553149,https://creativecommons.org/licenses/by/2.0/,https://www.flickr.com/people/coolinsights/,Walter Lim,Wildlife in Canada,232256,Bi1I79gVTTGMeup6PlzewQ==,https://c6.staticflickr.com/6/5158/5835553149_253fe65406_z.jpg,0.0,Bear,True
fe72440532a01958,train,https://c1.staticflickr.com/9/8245/8618165286_f0eb0cec0f_o.jpg,https://www.flickr.com/photos/70251312@N00/8618165286,https://creativecommons.org/licenses/by/2.0/,https://www.flickr.com/people/70251312@N00/,Wystan,"Spike Horn Meyers feeds four black bears -- Harrison, Michigan, rppc.",218983,c17nOX8auss1ms3XvuoDRw==,https://c6.staticflickr.com/9/8245/8618165286_96ecfc93df_z.jpg,,Bear,True
9fdbe13d3c88fa3a,train,https://c3.staticflickr.com/9/8442/7987633600_fb4c25fe2f_o.jpg,https://www.flickr.com/photos/buyalex/7987633600,https://creativecommons.org/licenses/by/2.0/,https://www.flickr.com/people/buyalex/,buyalex,"New dynamic theme, y'all.",84741,0fP2PvsLekZY1LvIB3vfXQ==,https://c6.staticflickr.com/9/8442/7987633600_7d202bdbb5_z.jpg,,Bear,True
2ce8e0e449bab0ed,train,https://c6.staticflickr.com/1/51/146913224_8a62f6f40c_o.jpg,https://www.flickr.com/photos/greggoconnell/146913224,https://creativecommons.org/licenses/by/2.0/,https://www.flickr.com/people/greggoconnell/,Gregg O&#x27;Connell,A Panda Cub's First Year,1543388,33XEeEXXoYu5Xc4tgs1rQQ==,https://c4.staticflickr.com/1/51/146913224_8a62f6f40c_z.jpg,0.0,Bear,True
9f4e45daee0cac74,train,https://farm5.staticflickr.com/1324/1440731897_0a418426b7_o.jpg,https://www.flickr.com/photos/26786061@N00/1440731897,https://creativecommons.org/licenses/by/2.0/,https://www.flickr.com/people/26786061@N00/,kcxd,P1010146,149480,MGhrSAIK0eKTxskUVwusFA==,https://c3.staticflickr.com/2/1324/1440731897_d51a90e08d_z.jpg?zz=1,0.0,Bear,True
964143ae4c7c84fe,train,https://c7.staticflickr.com/4/3177/2729647854_b741cd4680_o.jpg,https://www.flickr.com/photos/tmarschner/2729647854,https://creativecommons.org/licenses/by/2.0/,https://www.flickr.com/people/tmarschner/,Marshmallow,Alaskan Brown Bear,401295,euxob5oW3e1XnO1h+HZaTw==,https://c1.staticflickr.com/4/3177/2729647854_9e0513947c_z.jpg?zz=1,0.0,Bear,True
7aeedacbf01c2c90,train,https://farm1.staticflickr.com/2943/15236653458_b19f7eacfb_o.jpg,https://www.flickr.com/photos/melissambwilkins/15236653458,https://creativecommons.org/licenses/by/2.0/,https://www.flickr.com/people/melissambwilkins/,Melissa Wilkins,World of Coke 6,3309064,a0yD+g1uq3KzmZktm07BmQ==,https://c1.staticflickr.com/3/2943/15236653458_3d01446920_z.jpg,0.0,Bear,True
034684b3d6d10312,train,https://farm3.staticflickr.com/7329/9707457837_ab5d8ed349_o.jpg,https://www.flickr.com/photos/simpleinsomnia/9707457837,https://creativecommons.org/licenses/by/2.0/,https://www.flickr.com/people/simpleinsomnia/,simpleinsomnia,Winter window 2,2888349,/cc+uBlmToPw2nSZ7HVjXw==,https://c8.staticflickr.com/8/7329/9707457837_bf89a8bd63_z.jpg,0.0,Bear,True
db3601adfca5ce0f,train,https://c8.staticflickr.com/6/5221/5598874159_a50db22bfa_o.jpg,https://www.flickr.com/photos/kabacchi/5598874159,https://creativecommons.org/licenses/by/2.0/,https://www.flickr.com/people/kabacchi/,Kabacchi,Polar Bear - 15,548466,7K2lLMtx9OXmzqUNM7MK6Q==,https://c2.staticflickr.com/6/5221/5598874159_819ea4d6f4_z.jpg,0.0,Bear,True
012ce713bdee60d0,train,https://farm1.staticflickr.com/6212/6270599541_033cc8cf5e_o.jpg,https://www.flickr.com/photos/shwethashankar/6270599541,https://creativecommons.org/licenses/by/2.0/,https://www.flickr.com/people/shwethashankar/,shwethashankar,Itch,583941,FTn5Pn/zcrNWSnM5qOkAaA==,https://c6.staticflickr.com/7/6212/6270599541_9cb53e7266_z.jpg,0.0,Bear,True
cc16a2b97d69d596,train,https://farm7.staticflickr.com/8380/8627853082_a1f76bd003_o.jpg,https://www.flickr.com/photos/franciscojgonzalez/8627853082,https://creativecommons.org/licenses/by/2.0/,https://www.flickr.com/people/franciscojgonzalez/,Francisco Gonzalez,Brown bear,2667506,c0t+zeN2pMJJBWN+k07r3Q==,https://c4.staticflickr.com/9/8380/8627853082_0d36774c5a_z.jpg,0.0,Bear,True
203c97b849d6a076,train,https://farm7.staticflickr.com/3279/2599818015_51c982e37d_o.jpg,https://www.flickr.com/photos/baynado/2599818015,https://creativecommons.org/licenses/by/2.0/,https://www.flickr.com/people/baynado/,Sammy Zimmermanns,DSC01960,1461110,7Hzo8QKMpYIWB7917KqQqQ==,https://c4.staticflickr.com/4/3279/2599818015_53123d1416_z.jpg,0.0,Bear,True
2a6f56d4058f5bb9,train,https://c2.staticflickr.com/3/2573/3867619406_bd65e99433_o.jpg,https://www.flickr.com/photos/jinterwas/3867619406,https://creativecommons.org/licenses/by/2.0/,https://www.flickr.com/people/jinterwas/,jinterwas,Fancy me?,3864512,bCD9NaNct4c+OM/3A5Byhg==,https://c8.staticflickr.com/3/2573/3867619406_7ff1a568d4_z.jpg,0.0,Bear,True
b3b96ca5855116e8,train,https://c1.staticflickr.com/4/3383/3211143553_6940d46b45_o.jpg,https://www.flickr.com/photos/sfmine79/3211143553,https://creativecommons.org/licenses/by/2.0/,https://www.flickr.com/people/sfmine79/,MiNe,MiNe-KissX_103-0847RG,2036015,ct62hYcQ5UXLV78xHHmpoQ==,https://c8.staticflickr.com/4/3383/3211143553_3e98e09b1c_z.jpg,0.0,Bear,True
00d11fda27556d5d,train,https://c6.staticflickr.com/1/182/431137262_c5e8bf2dfe_o.jpg,https://www.flickr.com/photos/7463900@N04/431137262,https://creativecommons.org/licenses/by/2.0/,https://www.flickr.com/people/7463900@N04/,rxking15,Deftones Baby,420905,+cW5WVEzYdlEuQiGjP5BAg==,https://c6.staticflickr.com/1/182/431137262_21e810ced5_z.jpg?zz=1,0.0,Bear,True
1bbe2562a78c7312,train,https://farm3.staticflickr.com/3282/2663343312_dfe6f47aba_o.jpg,https://www.flickr.com/photos/slagheap/2663343312,https://creativecommons.org/licenses/by/2.0/,https://www.flickr.com/people/slagheap/,slagheap,Polar,1687361,ml/MlJa4iTxO2yEZpLiQ7A==,https://c6.staticflickr.com/4/3282/2663343312_5fc79caac9_z.jpg,0.0,Bear,True
89332e1172724f31,train,https://farm2.staticflickr.com/7104/13445625224_80d702b32b_o.jpg,https://www.flickr.com/photos/yto/13445625224,https://creativecommons.org/licenses/by/2.0/,https://www.flickr.com/people/yto/,Tatsuo Yamashita,無印良品の鳩時計,2379129,MXYM4i9bR4otxPeoT9cz8w==,https://c7.staticflickr.com/8/7104/13445625224_b40961aa8c_z.jpg,0.0,Bear,True
0358f020633309b6,train,https://farm7.staticflickr.com/7350/15783789394_52a8661951_o.jpg,https://www.flickr.com/photos/wikimediacommons/15783789394,https://creativecommons.org/licenses/by/2.0/,https://www.flickr.com/people/wikimediacommons/,Ashley Van Haeften,Finial in the Shape of a Lion LACMA M.73.5.339 (1 of 2),459496,5ZZCeCGyIzhcBVl0CwQEVw==,https://c7.staticflickr.com/8/7350/15783789394_c7fdf4660e_z.jpg,0.0,Bear,True
010c0531a63d382c,train,https://c5.staticflickr.com/7/6172/6177824990_8e624c7a92_o.jpg,https://www.flickr.com/photos/64500370@N04/6177824990,https://creativecommons.org/licenses/by/2.0/,https://www.flickr.com/people/64500370@N04/,rosa_renato,marmotta a san bernolfo,261833,If5eoD+2eYp35o4j1QAaBA==,https://c4.staticflickr.com/7/6172/6177824990_0c57f80fbc_z.jpg,0.0,Bear,True
ecfba21ff171864b,train,https://c4.staticflickr.com/1/28/51184736_c280f523ec_o.jpg,https://www.flickr.com/photos/prolima/51184736,https://creativecommons.org/licenses/by/2.0/,https://www.flickr.com/people/prolima/,Try´n,Makakinho Kapitalista,398027,0a/3RHpCnXUMxpXTnE1AOA==,https://c2.staticflickr.com/1/28/51184736_c280f523ec_z.jpg?zz=1,0.0,Bear,True
931acdc9efc760c9,train,https://c2.staticflickr.com/5/4149/5056095120_aa0c35f6da_o.jpg,https://www.flickr.com/photos/smwhang/5056095120,https://creativecommons.org/licenses/by/2.0/,https://www.flickr.com/people/smwhang/,sung ming whang,pole-dancing-pandas....,617455,ofSu+iBHjHErFJlK75kAwA==,https://c6.staticflickr.com/5/4149/5056095120_f13b8918bd_z.jpg,0.0,Bear,True
ef1acdc39910d036,train,https://farm7.staticflickr.com/4100/4939356398_bc57414bb9_o.jpg,https://www.flickr.com/photos/16725630@N00/4939356398,https://creativecommons.org/licenses/by/2.0/,https://www.flickr.com/people/16725630@N00/,Matt Zimmerman,Denali National Park backpacking 2010,3137867,bbjYhXirtMEZJpFtsltgUw==,https://c2.staticflickr.com/5/4100/4939356398_f5f58f9eb3_z.jpg,0.0,Bear,True
dd5da120d34eab18,train,https://c1.staticflickr.com/4/3648/3561692113_cfffc7dfa5_o.jpg,https://www.flickr.com/photos/farewellutopia/3561692113,https://creativecommons.org/licenses/by/2.0/,https://www.flickr.com/people/farewellutopia/,farewellutopia,dsc_0016,3408750,TpQRlrz46R6s7jQGp9xw2g==,https://c8.staticflickr.com/4/3648/3561692113_c6525fe154_z.jpg,0.0,Bear,True
2c93bf78d60452f0,train,https://farm1.staticflickr.com/6161/6135082843_c564143503_o.jpg,https://www.flickr.com/photos/su-may/6135082843,https://creativecommons.org/licenses/by/2.0/,https://www.flickr.com/people/su-may/,Su--May,Panda up on a tall tree,52894,AqMdrAT85aavmDX4Dv17bQ==,https://c8.staticflickr.com/7/6161/6135082843_5ca16cb641_z.jpg,0.0,Bear,True
004676472b3c9ad9,train,https://c2.staticflickr.com/4/3920/14664146671_fd77011d57_o.jpg,https://www.flickr.com/photos/basheertome/14664146671,https://creativecommons.org/licenses/by/2.0/,https://www.flickr.com/people/basheertome/,Basheer Tome,Mt Tam: V,8589692,SesKop7DfzzrXf6a374NqQ==,https://c2.staticflickr.com/4/3920/14664146671_005174867d_z.jpg,0.0,Bear,True
60de6465ebe13e0f,train,https://c8.staticflickr.com/5/4121/4862274366_d7c4bfa33f_o.jpg,https://www.flickr.com/photos/your_dudeness/4862274366,https://creativecommons.org/licenses/by/2.0/,https://www.flickr.com/people/your_dudeness/,Sander Boele,Black bear eating berries @ Yellowstone,418886,FPMveWhk27byCFmNOMHzoQ==,https://c8.staticflickr.com/5/4121/4862274366_0b518d2542_z.jpg,0.0,Bear,True
0927c8122ab932eb,train,https://c4.staticflickr.com/5/4072/4711529219_2c16673f21_o.jpg,https://www.flickr.com/photos/hinnosaar/4711529219,https://creativecommons.org/licenses/by/2.0/,https://www.flickr.com/people/hinnosaar/,Marit &amp; Toomas Hinnosaar,Mei Xiang,4682714,0Jx+u4wei/45CTJw/vN9ZA==,https://c5.staticflickr.com/5/4072/4711529219_0df2cec239_z.jpg,0.0,Bear,True
093a2d0e1d4a873c,train,https://c5.staticflickr.com/4/3619/3493959406_4e6f485350_o.jpg,https://www.flickr.com/photos/shankbone/3493959406,https://creativecommons.org/licenses/by/2.0/,https://www.flickr.com/people/shankbone/,David Shankbone,Barry Levinson by David Shankbone,785907,ccijTZx2BuKEBwlNp/Sf7g==,https://c7.staticflickr.com/4/3619/3493959406_d40e814c48_z.jpg,0.0,Bear,True
01a248d63d167218,train,https://c1.staticflickr.com/5/4127/5001545910_ecee033568_o.jpg,https://www.flickr.com/photos/ndrwfgg/5001545910,https://creativecommons.org/licenses/by/2.0/,https://www.flickr.com/people/ndrwfgg/,Andy / Andrew Fogg,"it was all going, er, swimmingly",446224,7/4vjYoGhhDpJNj4MV8izw==,https://c3.staticflickr.com/5/4127/5001545910_4641fd25ed_z.jpg,,Bear,True
50d7c13ee3cd8e84,train,https://farm5.staticflickr.com/25/59306845_4818c5a873_o.jpg,https://www.flickr.com/photos/perspective/59306845,https://creativecommons.org/licenses/by/2.0/,https://www.flickr.com/people/perspective/,Elvert Barnes,04.N.SW.WDC.2nov05,531360,OnKUDeLqC6bcEp+B45fL5g==,https://c1.staticflickr.com/1/25/59306845_4818c5a873_z.jpg,0.0,Bear,True
c6f6d097f2611b69,train,https://c2.staticflickr.com/8/7292/9736974408_7743574767_o.jpg,https://www.flickr.com/photos/49531439@N02/9736974408,https://creativecommons.org/licenses/by/2.0/,https://www.flickr.com/people/49531439@N02/,Musée de l&#x27;horlogerie,Réveil animé Bayard Bonne nuit les petits,5444655,i31jsZkiwGvG7+9aTRIiJg==,https://c1.staticflickr.com/8/7292/9736974408_28eaf306ba_z.jpg,0.0,Bear,True
c57b56d186394f20,train,https://farm1.staticflickr.com/7227/7156974766_e2fd60b838_o.jpg,https://www.flickr.com/photos/egidiomaurizio/7156974766,https://creativecommons.org/licenses/by/2.0/,https://www.flickr.com/people/egidiomaurizio/,Egidio Maurizio,Jessie,2317075,sDV0OaoNxWobxJuHctOavg==,https://c1.staticflickr.com/8/7227/7156974766_4b7476a4d3_z.jpg,0.0,Bear,True
00b6d43aa9e4337e,train,https://c7.staticflickr.com/8/7468/16140493677_9f459f3fc4_o.jpg,https://www.flickr.com/photos/rikkis_refuge/16140493677,https://creativecommons.org/licenses/by/2.0/,https://www.flickr.com/people/rikkis_refuge/,Rikki&#x27;s  Refuge,Seattle Seahawks #4,88155,kLTTABG4XsJMxzSkHBeccg==,https://c1.staticflickr.com/8/7468/16140493677_a7f4e34899_z.jpg,0.0,Bear,True
4c9ee6bf6bd025cc,train,https://c5.staticflickr.com/4/3042/2598999229_1a7462a443_o.jpg,https://www.flickr.com/photos/27878901@N04/2598999229,https://creativecommons.org/licenses/by/2.0/,https://www.flickr.com/people/27878901@N04/,Epic Longboard Shop,Landyachtz Bamboo Pinner 44&quot; @ Epic Longboard Shop,20874,jSDZ7+iqBSexsAqYvemlig==,,,Bear,True
217b1cf5a47223cc,train,https://c5.staticflickr.com/9/8451/8072652495_b7de59af71_o.jpg,https://www.flickr.com/photos/dierken/8072652495,https://creativecommons.org/licenses/by/2.0/,https://www.flickr.com/people/dierken/,Mike,Mt. Rainier black bear,1315262,D+PXfy0fxNmksgwpM1A2zw==,https://c5.staticflickr.com/9/8451/8072652495_b20572710d_z.jpg,0.0,Bear,True
18647775137731bd,train,https://c6.staticflickr.com/8/7221/13691360525_fd8afa1e24_o.jpg,https://www.flickr.com/photos/trondheim_byarkiv/13691360525/,https://creativecommons.org/licenses/by/2.0/,https://www.flickr.com/people/trondheim_byarkiv/,Municipal Archives of Trondheim,Ranheims Isbjørn Kraft-Papp,2534687,kNWmg0NbXRo6Tc7zikh5jg==,https://c6.staticflickr.com/8/7221/13691360525_3b95a58584_z.jpg,0.0,Bear,True
008513e705fb1837,train,https://farm8.staticflickr.com/4102/4789586541_41ff574d3e_o.jpg,https://www.flickr.com/photos/bibliodyssey/4789586541,https://creativecommons.org/licenses/by/2.0/,https://www.flickr.com/people/bibliodyssey/,Paul K,Tête de singe à la moustache enrubannée,177829,p5TasbaCbc/89w+V73sIpA==,https://c3.staticflickr.com/5/4102/4789586541_046d1a985c_z.jpg,0.0,Bear,True
03aa9b358364fa02,train,https://farm3.staticflickr.com/1063/1477840235_9c87d7d827_o.jpg,https://www.flickr.com/photos/keithellison/1477840235,https://creativecommons.org/licenses/by/2.0/,https://www.flickr.com/people/keithellison/,Keith Ellison,Congressman Ellison at New Hope City Hall,1916671,8bbn65vuUTBrwuGDPvsv5A==,https://c6.staticflickr.com/2/1063/1477840235_16adcd531a_z.jpg,0.0,Bear,True
00bf406903389667,train,https://farm8.staticflickr.com/4029/4373567535_f38a4f5686_o.jpg,https://www.flickr.com/photos/12859033@N00/4373567535,https://creativecommons.org/licenses/by/2.0/,https://www.flickr.com/people/12859033@N00/,John,IMAG0421,846685,iO0BchokSyGcvuy2DdE8tA==,https://c5.staticflickr.com/5/4029/4373567535_78cc0da7aa_z.jpg,0.0,Bear,True
4e4036d81e000025,train,https://farm6.staticflickr.com/5694/22154670472_93190b0b42_o.jpg,https://www.flickr.com/photos/puliarfanita/22154670472,https://creativecommons.org/licenses/by/2.0/,https://www.flickr.com/people/puliarfanita/,Anita Ritenour,Polar Bear Pose,646591,9T9gyJTOZCzIBHVHTA8qTQ==,https://c6.staticflickr.com/6/5694/22154670472_c0731bcef0_z.jpg,0.0,Bear,True
d4c867e8d5218fd8,train,https://c1.staticflickr.com/9/8017/7510723274_f02bf93b00_o.jpg,https://www.flickr.com/photos/kaseyeriksen/7510723274,https://creativecommons.org/licenses/by/2.0/,https://www.flickr.com/people/kaseyeriksen/,Kasey Eriksen,Steamboat Willie and Jack Skellington,5395421,Iod8EmEeMsL0cWD/E8bJuw==,https://c4.staticflickr.com/9/8017/7510723274_452b0a9639_z.jpg,0.0,Bear,True
4201e3a1c74e4e31,train,https://farm2.staticflickr.com/2700/4058036263_c460afc217_o.jpg,https://www.flickr.com/photos/davidberkowitz/4058036263,https://creativecommons.org/licenses/by/2.0/,https://www.flickr.com/people/davidberkowitz/,David Berkowitz,"Water Buffalo along the Nile River - Egypt - Egypt Nile River Cruise - Luxor, Edfu, Kom Ombo, Aswan",2089005,VlKUSNOHzGMT4F4ajWl2vA==,https://c7.staticflickr.com/3/2700/4058036263_75c9647be7_z.jpg,,Bear,True
1bd033f74de86d68,train,https://c1.staticflickr.com/4/3841/14414376146_692e65c9f1_o.jpg,https://www.flickr.com/photos/befuddledsenses/14414376146,https://creativecommons.org/licenses/by/2.0/,https://www.flickr.com/people/befuddledsenses/,Luke Jones,Bear Chillin',3838086,moqbFtJiNLKa4GJiwQY9qQ==,https://c4.staticflickr.com/4/3841/14414376146_93ec9c7373_z.jpg,0.0,Bear,True
336013dca82e03ca,train,https://c3.staticflickr.com/3/2083/2007535282_0ff55ca116_o.jpg,https://www.flickr.com/photos/gregoire1fr/2007535282,https://creativecommons.org/licenses/by/2.0/,https://www.flickr.com/people/gregoire1fr/,grégory champaux,nounours,161432,NnX4NJjHbf8T7M+GaJfVXA==,https://c2.staticflickr.com/3/2083/2007535282_a5b9135e02_z.jpg?zz=1,0.0,Bear,True
aa967ad3c1f65a29,train,https://c2.staticflickr.com/7/6090/6037452810_203b86470b_o.jpg,https://www.flickr.com/photos/hdport/6037452810,https://creativecommons.org/licenses/by/2.0/,https://www.flickr.com/people/hdport/,Hunter Desportes,Riverbanks Zoo - ca. 1978,61522,g7Ag3WWOZoZPl4ivGKsz6Q==,https://c6.staticflickr.com/7/6090/6037452810_353cbe3781_z.jpg,0.0,Bear,True
000c897307728e2d,train,https://c6.staticflickr.com/3/2189/2138591877_d780e05aa4_o.jpg,https://www.flickr.com/photos/fredrte/2138591877,https://creativecommons.org/licenses/by/2.0/,https://www.flickr.com/people/fredrte/,~Ealasaid~,amsterdam art-37,311364,BZeuXyhbJRPZ8Jt1BvP/8g==,https://c3.staticflickr.com/3/2189/2138591877_5b512cc917_z.jpg?zz=1,0.0,Bear,True
000045257f66b9e2,train,https://farm3.staticflickr.com/3733/14115564930_06c1d8335d_o.jpg,https://www.flickr.com/photos/mypubliclands/14115564930,https://creativecommons.org/licenses/by/2.0/,https://www.flickr.com/people/mypubliclands/,Bureau  of Land Management,BLM 2014 Making a Difference Award Winners,212355,1Qw8AnEBAeeXnpWAJsXdgg==,https://c6.staticflickr.com/4/3733/14115564930_f4333517c4_z.jpg,0.0,Bear,True
0199a8555299780d,train,https://c6.staticflickr.com/3/2437/3983747996_cc8233349f_o.jpg,https://www.flickr.com/photos/knittingajour/3983747996,https://creativecommons.org/licenses/by/2.0/,https://www.flickr.com/people/knittingajour/,Ballee,sheep from germany,1103944,Ks7KIiW8sPTgu1UBWgXQCA==,https://c7.staticflickr.com/3/2437/3983747996_c091a252cd_z.jpg,0.0,Bear,True
8f58d546208dca60,train,https://farm1.staticflickr.com/1332/1437383685_c590570790_o.jpg,https://www.flickr.com/photos/kamikura/1437383685,https://creativecommons.org/licenses/by/2.0/,https://www.flickr.com/people/kamikura/,Masaru Kamikura,Bear,2139537,GXk8XiLC3KoEVKd+Bd6TOg==,https://c8.staticflickr.com/2/1332/1437383685_154a674b4c_z.jpg,0.0,Bear,True
9a1021aea4ee4c2d,train,https://c6.staticflickr.com/2/1276/852689983_a77c9c0d1c_o.jpg,https://www.flickr.com/photos/klfitness/852689983,https://creativecommons.org/licenses/by/2.0/,https://www.flickr.com/people/klfitness/,Ken Liu,Pandas stretching,260625,zWMZ73ClHt3MxYx9H3gw9A==,https://c5.staticflickr.com/2/1276/852689983_2eef7957ac_z.jpg?zz=1,0.0,Bear,True
00329c155dd035cb,train,https://c4.staticflickr.com/8/7518/15377372314_da3b8277f6_o.jpg,https://www.flickr.com/photos/ftmeade/15377372314,https://creativecommons.org/licenses/by/2.0/,https://www.flickr.com/people/ftmeade/,Fort George G. Meade Public Affairs Office,PH-FL ph-so-1-Tis the season,974893,C24vAOO23jP+7gSJnAmwfw==,https://c2.staticflickr.com/8/7518/15377372314_ec0a9d5ef9_z.jpg,0.0,Bear,True
d22120349e4b34d1,train,https://farm2.staticflickr.com/4053/4355350360_f02a8cb6ce_o.jpg,https://www.flickr.com/photos/39871249@N07/4355350360/in/album-72157622434753329/,https://creativecommons.org/licenses/by/2.0/,https://www.flickr.com/people/39871249@N07/,Kathy &amp; sam,Bear,4484491,Gdh9KKjQ184oLpycdxG1pQ==,https://c5.staticflickr.com/5/4053/4355350360_2159942e4c_z.jpg,0.0,Bear,True
0deeadeb07c457fd,train,https://c6.staticflickr.com/4/3381/5805926326_a77b23c0db_o.jpg,https://www.flickr.com/photos/34179117@N00/5805926326,https://creativecommons.org/licenses/by/2.0/,https://www.flickr.com/people/34179117@N00/,Chris Shervey,Bear Cub,854714,nPiiZGxktEGmm91X19YjKQ==,https://c3.staticflickr.com/4/3381/5805926326_a28504667e_z.jpg,0.0,Bear,True
02bc05decf656f73,train,https://farm4.staticflickr.com/5581/14866918216_e487dccce6_o.jpg,https://www.flickr.com/photos/-jvl-/14866918216,https://creativecommons.org/licenses/by/2.0/,https://www.flickr.com/people/-jvl-/,-JvL-,Cougar advisory,7860988,ESX1HRz9WXQigUj051a9MQ==,https://c1.staticflickr.com/6/5581/14866918216_4bec811950_z.jpg,0.0,Bear,True
0222013df258fb05,train,https://farm6.staticflickr.com/13/13867557_8564b198c4_o.jpg,https://www.flickr.com/photos/aeon/13867557,https://creativecommons.org/licenses/by/2.0/,https://www.flickr.com/people/aeon/,Felipe Venâncio,Adaptação,363662,PAjGOcB56qjTwSraBc2lLQ==,https://c6.staticflickr.com/1/13/13867557_8564b198c4_z.jpg?zz=1,0.0,Bear,True
930f696ea1a6a99d,train,https://c6.staticflickr.com/2/1084/1267538623_068e84b643_o.jpg,https://www.flickr.com/photos/memphis_73/1267538623,https://creativecommons.org/licenses/by/2.0/,https://www.flickr.com/people/memphis_73/,Daniel,G- 01-08-07- 044,166599,6jHU1MSMW8CyxOy2Aul3DA==,,,Bear,True
de15127b34052b08,train,https://c1.staticflickr.com/7/6111/6355848825_08bf218ecd_o.jpg,https://www.flickr.com/photos/emmabishop/6355848825,https://creativecommons.org/licenses/by/2.0/,https://www.flickr.com/people/emmabishop/,Emma,Chocolate and her cubs,661476,EX2pGPufXLxucArSGFdBBw==,https://c1.staticflickr.com/7/6111/6355848825_6c42515b74_z.jpg,0.0,Bear,True
349369ca0b1626c1,train,https://farm2.staticflickr.com/596/20519684239_f37281eba4_o.jpg,https://www.flickr.com/photos/usfwsmidwest/20519684239,https://creativecommons.org/licenses/by/2.0/,https://www.flickr.com/people/usfwsmidwest/,USFWSmidwest,Resting Black Bears,8433419,PHo+5cVrJQ2tLrJGGYqIRg==,https://c5.staticflickr.com/1/596/20519684239_1042dd221e_z.jpg,0.0,Bear,True
0463d873a2d08550,train,https://farm1.staticflickr.com/5279/5862172902_d02a27aedd_o.jpg,https://www.flickr.com/photos/64364479@N05/5862172902,https://creativecommons.org/licenses/by/2.0/,https://www.flickr.com/people/64364479@N05/,contributing2myinsanity,carved pumpkins at abingdon square park 1,428258,0D3ZhCvxegvrKQGu0Tweyg==,https://c7.staticflickr.com/6/5279/5862172902_a277880f2a_z.jpg,0.0,Bear,True
000002b66c9c498e,train,https://c7.staticflickr.com/6/5499/10245691204_98dce75b5a_o.jpg,https://www.flickr.com/photos/43584526@N06/10245691204,https://creativecommons.org/licenses/by/2.0/,https://www.flickr.com/people/43584526@N06/,Mae Catherine Melchor,#latepost #lategram #anniversary #celebration sa #Coron #surprise #love #cake #wine #flowers #chocolates #CoronEscapade #friends,141489,XKWUMkcNib71Ge6Yq1/0/g==,https://c7.staticflickr.com/6/5499/10245691204_ace6136324_z.jpg,0.0,Bear,True
6898749e30bdb849,train,https://c2.staticflickr.com/5/4080/4765579540_844c1a0f00_o.jpg,https://www.flickr.com/photos/christinestephens/4765579540,https://creativecommons.org/licenses/by/2.0/,https://www.flickr.com/people/christinestephens/,xinem,grizzly bear cub,8292091,/m+y106H4vmNMHLqfvAoIw==,https://c7.staticflickr.com/5/4080/4765579540_afd716dbc4_z.jpg,0.0,Bear,True
2689e07d9c07eb9e,train,https://c7.staticflickr.com/1/185/389628968_22b15bae67_o.jpg,https://www.flickr.com/photos/majorvols/389628968,https://creativecommons.org/licenses/by/2.0/,https://www.flickr.com/people/majorvols/,majorvols,Play time w/ Panda,141189,EGToDoHN6c/AgucTrkec8Q==,https://c5.staticflickr.com/1/185/389628968_22b15bae67_z.jpg?zz=1,0.0,Bear,True
da836ca95e68545f,train,https://c8.staticflickr.com/1/102/289399588_963f060b70_o.jpg,https://www.flickr.com/photos/dafeba/289399588,https://creativecommons.org/licenses/by/2.0/,https://www.flickr.com/people/dafeba/,DaFeBa,cuidado con el pato facho,398367,YJU8108g20huTKQmhgftyA==,https://c5.staticflickr.com/1/102/289399588_963f060b70_z.jpg?zz=1,0.0,Bear,True
f5a0a72f29c1eb2c,train,https://c5.staticflickr.com/4/3065/2598999605_17867ef8bb_o.jpg,https://www.flickr.com/photos/27878901@N04/2598999605,https://creativecommons.org/licenses/by/2.0/,https://www.flickr.com/people/27878901@N04/,Epic Longboard Shop,Landyachtz Ripper 37&quot; @ Epic Longboard Shop,21291,RQH8+SHeed6SrSoVbGx9zA==,,,Bear,True
0e20a5efec6ee141,train,https://farm2.staticflickr.com/3093/2323818955_69d9bcae1b_o.jpg,https://www.flickr.com/photos/eyeliam/2323818955,https://creativecommons.org/licenses/by/2.0/,https://www.flickr.com/people/eyeliam/,Jason Lander,IMG_2131,3325482,8wigGc7jcPpuHl3NXdL71g==,https://c1.staticflickr.com/4/3093/2323818955_9482df91cf_z.jpg,0.0,Bear,True
633a752de8e636d9,train,https://c2.staticflickr.com/8/7447/16378049982_7c249a233f_o.jpg,https://www.flickr.com/photos/107796805@N05/16378049982,https://creativecommons.org/licenses/by/2.0/,https://www.flickr.com/people/107796805@N05/,Poindus Systems Corp.,VariPad-W1-2,203473,2imsoFjQII+DgG+9oMjrdQ==,https://c4.staticflickr.com/8/7447/16378049982_406f095c07_z.jpg,0.0,Bear,True
81ad5f10f6d72225,train,https://farm6.staticflickr.com/133/358917450_b7af49e45b_o.jpg,https://www.flickr.com/photos/critelliz/358917450,https://creativecommons.org/licenses/by/2.0/,https://www.flickr.com/people/critelliz/,Zaylon Critelli,IMG_1238,2866834,H18mKWcmoNJfjjKukAlnvQ==,https://c7.staticflickr.com/1/133/358917450_b7af49e45b_z.jpg,0.0,Bear,True
abaf41c95f7f275f,train,https://c8.staticflickr.com/4/3692/9687971131_b175b8d42e_o.jpg,https://www.flickr.com/photos/ruthanddave/9687971131,https://creativecommons.org/licenses/by/2.0/,https://www.flickr.com/people/ruthanddave/,Ruth Hartnup,A Grizzly at Grouse,694535,/cAaayirvgncWXB2XOVL1A==,https://c4.staticflickr.com/4/3692/9687971131_9555acd8f3_z.jpg,0.0,Bear,True
42c00a41758a1c94,train,https://farm5.staticflickr.com/8832/16735579364_4038d2f09b_o.jpg,https://www.flickr.com/photos/bushtography/16735579364,https://creativecommons.org/licenses/by/2.0/,https://www.flickr.com/people/bushtography/,Bushtography,DSC_5837.jpg,91062,36wZ6z02ILH7TdCgFyiSuw==,https://c4.staticflickr.com/9/8832/16735579364_4a0ae50de1_z.jpg,0.0,Bear,True
09b33ef8a1dcf147,train,https://farm8.staticflickr.com/6202/6051018649_bd7d03a862_o.jpg,https://www.flickr.com/photos/snapshots/6051018649,https://creativecommons.org/licenses/by/2.0/,https://www.flickr.com/people/snapshots/,Antonio Rivera,Bear Paws,186611,dpn7qS524aZg1zDxvF8U4A==,https://c5.staticflickr.com/7/6202/6051018649_9d0e840283_z.jpg,0.0,Bear,True
2ff514fb35dd9acd,train,https://c6.staticflickr.com/8/7401/8714880629_58425fa71c_o.jpg,https://www.flickr.com/photos/gotovan/8714880629,https://creativecommons.org/licenses/by/2.0/,https://www.flickr.com/people/gotovan/,GoToVan,Black bears in Whistler Olympic Park,6113212,+kImWinPhQhpFT1rSMNZqQ==,https://c7.staticflickr.com/8/7401/8714880629_cc0d9b288d_z.jpg,0.0,Bear,True
3fd35b78cf455493,train,https://farm4.staticflickr.com/3543/3852433878_a22af465e6_o.jpg,https://www.flickr.com/photos/oldrebel/3852433878,https://creativecommons.org/licenses/by/2.0/,https://www.flickr.com/people/oldrebel/,Donald Lee Pardue,Security Team,1538890,Fc6CiGjyw2p7F4LHvVI+Wg==,https://c1.staticflickr.com/4/3543/3852433878_20ce72d93b_z.jpg,0.0,Bear,True
003498506338ef0a,train,https://c3.staticflickr.com/1/193/495498831_bc75705358_o.jpg,https://www.flickr.com/photos/twon/495498831,https://creativecommons.org/licenses/by/2.0/,https://www.flickr.com/people/twon/,Robert Anthony Provost,Monkey eyes,231742,2HznBPcaJPhCCOhY4Lbgow==,https://c1.staticflickr.com/1/193/495498831_c916238834_z.jpg?zz=1,0.0,Bear,True
0cb082f518f55fc3,train,https://farm4.staticflickr.com/8473/8085671203_0b44183a9a_o.jpg,https://www.flickr.com/photos/flowcomm/8085671203,https://creativecommons.org/licenses/by/2.0/,https://www.flickr.com/people/flowcomm/,flowcomm,"Himalayan black bear, Darjeeling, India",13717588,zFJuo+3oEHfoLahn51D5uQ==,https://c6.staticflickr.com/9/8473/8085671203_bf39d1b59c_z.jpg,,Bear,True
22774b671bc25ee1,train,https://farm2.staticflickr.com/2913/13604411734_8e01776ed6_o.jpg,https://www.flickr.com/photos/bontempscharly/13604411734/,https://creativecommons.org/licenses/by/2.0/,https://www.flickr.com/people/bontempscharly/,Charles Barilleaux,Passed Out Grizzly,1427669,3IxheSQrP1wIWtjQu2NnPg==,https://c8.staticflickr.com/3/2913/13604411734_556c1541e8_z.jpg,0.0,Bear,True
00ac5845e620cc75,train,https://farm6.staticflickr.com/3550/3826693724_23be7ec1b8_o.jpg,https://www.flickr.com/photos/hanspoldoja/3826693724,https://creativecommons.org/licenses/by/2.0/,https://www.flickr.com/people/hanspoldoja/,Hans Põldoja,Naerukajakas,387662,6YsdNL5zfpEDKySLvnp0Aw==,https://c7.staticflickr.com/4/3550/3826693724_a6d365d91b_z.jpg?zz=1,0.0,Bear,True
615223ecc1941767,train,https://farm8.staticflickr.com/81/270165395_0e201b726b_o.jpg,https://www.flickr.com/photos/kwbridge/270165395,https://creativecommons.org/licenses/by/2.0/,https://www.flickr.com/people/kwbridge/,Kim Woodbridge,20060916_kim_alex_bear,45269,8lM2WpatpzuAvUt8aUrhxw==,,,Bear,True
07006b049519ac4c,train,https://c5.staticflickr.com/8/7387/12742680474_0fa8b802e2_o.jpg,https://www.flickr.com/photos/sakena/12742680474,https://creativecommons.org/licenses/by/2.0/,https://www.flickr.com/people/sakena/,Sakena,#polarbear #zoo #ifeelinlove #latergram #amazinganimal #breathtaking,87122,whgyoRDmzDsh+4KGODWh2A==,https://c7.staticflickr.com/8/7387/12742680474_ae75098d41_z.jpg,0.0,Bear,True
026b9643ea0d4cc1,train,https://farm2.staticflickr.com/7364/9009376000_2702cb8a9d_o.jpg,https://www.flickr.com/photos/greenhouse17ky/9009376000,https://creativecommons.org/licenses/by/2.0/,https://www.flickr.com/people/greenhouse17ky/,GreenHouse17,"Honey, Honey",730960,bdnTTDw4H2UH4yhl6BpyRQ==,https://c4.staticflickr.com/8/7364/9009376000_8a0bc5d7f1_z.jpg,,Bear,True
15a8e9c5e6075489,train,https://c2.staticflickr.com/8/7437/14119761333_bda69ee72b_o.jpg,https://www.flickr.com/photos/kucinski/14119761333,https://creativecommons.org/licenses/by/2.0/,https://www.flickr.com/people/kucinski/,Ben Kucinski,Chengdu Panda Preserve (8 of 8),1107883,9ZVnxC99emEM0grfBWtAnA==,https://c6.staticflickr.com/8/7437/14119761333_399c0f414c_z.jpg,0.0,Bear,True
f72c1b5df584bc10,train,https://farm1.staticflickr.com/3506/3945923542_5fb8e56697_o.jpg,https://www.flickr.com/photos/danielvoyager/3945923542,https://creativecommons.org/licenses/by/2.0/,https://www.flickr.com/people/danielvoyager/,Daniel  Voyager,Here island - 22nd September 2009,165064,kHroiDPazW1LbSJ5JxdvbQ==,https://c8.staticflickr.com/4/3506/3945923542_e662424fba_z.jpg,0.0,Bear,True
0fcaa8d9249c9d0c,train,https://c5.staticflickr.com/9/8313/8027725355_3e0f1d4524_o.jpg,https://www.flickr.com/photos/tammylo/8027725355,https://creativecommons.org/licenses/by/2.0/,https://www.flickr.com/people/tammylo/,Tammy Lo,Pandas @ San Diego Zoo,3841468,TZ6hQbGUzJRMEkNyI9ciJQ==,https://c4.staticflickr.com/9/8313/8027725355_867b869b4a_z.jpg,0.0,Bear,True
e7842c5e6381ec5d,train,https://c6.staticflickr.com/4/3611/3461524810_d44a88bc1f_o.jpg,https://www.flickr.com/photos/wackyvorlon/3461524810,https://creativecommons.org/licenses/by/2.0/,https://www.flickr.com/people/wackyvorlon/,Paul Anderson,IMG_1239,680028,CDzWJb9mjQt0ZJ7T/6sIBQ==,https://c5.staticflickr.com/4/3611/3461524810_7eb51b337f_z.jpg,0.0,Bear,True
7d0967408294d804,train,https://farm5.staticflickr.com/1361/4731635537_bd19ca5459_o.jpg,https://www.flickr.com/photos/wm_archiv/4731635537,https://creativecommons.org/licenses/by/2.0/,https://www.flickr.com/people/wm_archiv/,Allie_Caulfield,"2010-05-22 06-05 Schweden 0878 Öland, Färjestaden, Djurpark",10154098,kC4Wr0U21FZTLDUnhUglHQ==,https://c5.staticflickr.com/2/1361/4731635537_e645ecdf52_z.jpg,,Bear,True
0b8f628d1daab1a7,train,https://farm8.staticflickr.com/3104/2877695876_db6d80d37f_o.jpg,https://www.flickr.com/photos/nostri-imago/2877695876,https://creativecommons.org/licenses/by/2.0/,https://www.flickr.com/people/nostri-imago/,Cliff,Clark's Trading Post Bear Show,225374,3+CHE5FX7r4WALlpnR2U0g==,https://c8.staticflickr.com/4/3104/2877695876_5b8d3d011e_z.jpg?zz=1,0.0,Bear,True
0f4c20c0e8d858d6,train,https://farm7.staticflickr.com/8475/8146014356_57d9ce919a_o.jpg,https://www.flickr.com/photos/u-suke/8146014356,https://creativecommons.org/licenses/by/2.0/,https://www.flickr.com/people/u-suke/,Yusuke Kawasaki,Helping People Is Sexy!,235013,oxv9xTjQFVgFqcHPNewV4A==,https://c2.staticflickr.com/9/8475/8146014356_67e8561952_z.jpg,0.0,Bear,True
509a1f098ba5fdca,train,https://c3.staticflickr.com/4/3863/15195052861_eea5f3ebd1_o.jpg,https://www.flickr.com/photos/piulasverdes/15195052861,https://creativecommons.org/licenses/by/2.0/,https://www.flickr.com/people/piulasverdes/,PiulasVerdes,Content,228382,4UmDrO1oos++pOVnNESJcA==,https://c7.staticflickr.com/4/3863/15195052861_8c01972ed3_z.jpg,0.0,Bear,True
3e60587bac4a8b67,train,https://farm8.staticflickr.com/47/136777755_077bdcb799_o.jpg,https://www.flickr.com/photos/aeu04117/136777755,https://creativecommons.org/licenses/by/2.0/,https://www.flickr.com/people/aeu04117/,Murray Barnes,DSCI0040,374402,HdakuPc+ngtjmuobYG7ucg==,https://c7.staticflickr.com/1/47/136777755_077bdcb799_z.jpg,0.0,Bear,True
f574952cffdc0950,train,https://farm1.staticflickr.com/3751/8812880057_c913afac35_o.jpg,https://www.flickr.com/photos/mayuki/8812880057,https://creativecommons.org/licenses/by/2.0/,https://www.flickr.com/people/mayuki/,Mayuki Sawatari,IMG_0354.jpg,3564861,lBIfJBSWEIFxYiuAcClKag==,https://c2.staticflickr.com/4/3751/8812880057_5e39486f79_z.jpg,0.0,Bear,True
f48c1a0066eafc26,train,https://farm7.staticflickr.com/3339/3270598289_fdc7615a82_o.jpg,https://www.flickr.com/photos/irishwildcat/3270598289,https://creativecommons.org/licenses/by/2.0/,https://www.flickr.com/people/irishwildcat/,John,&quot;How Are You Folks Doing Today?&quot;,368099,mnBI1uJPvQEPExSAedzmkA==,https://c2.staticflickr.com/4/3339/3270598289_0671b313d3_z.jpg?zz=1,0.0,Bear,True
a9d13f216ce9e6d9,train,https://c2.staticflickr.com/4/3904/14697853042_4108791afc_o.jpg,https://www.flickr.com/photos/ashleyt/14697853042,https://creativecommons.org/licenses/by/2.0/,https://www.flickr.com/people/ashleyt/,Lim Ashley,My brown loot!! #line,112858,Uq4ErB8Wcq9xXavktOySew==,https://c7.staticflickr.com/4/3904/14697853042_292a75c36c_z.jpg,0.0,Bear,True
ba05a72ba3f9027a,train,https://c3.staticflickr.com/1/74/185094394_b21b69c3a0_o.jpg,https://www.flickr.com/photos/bootbearwdc/185094394,https://creativecommons.org/licenses/by/2.0/,https://www.flickr.com/people/bootbearwdc/,David,"Tai Shan, National Zoo's Panda Cub at 1 year old",641772,K3HALtUWTRUcdAWoXbi9/w==,https://c1.staticflickr.com/1/74/185094394_b21b69c3a0_z.jpg,,Bear,True
81a009e01d7f7b54,train,https://farm5.staticflickr.com/5595/14659015637_9c16e87c3f_o.jpg,https://www.flickr.com/photos/imaginecup/14659015637,https://creativecommons.org/licenses/by/2.0/,https://www.flickr.com/people/imaginecup/,ImagineCup,Imagine Cup Day at MOHAI,3947304,lNNdSsC31geMmCPlx66gTQ==,https://c5.staticflickr.com/6/5595/14659015637_ae3928bae3_z.jpg,0.0,Bear,True
affab9c39391d814,train,https://farm5.staticflickr.com/70/189690212_ad14083161_o.jpg,https://www.flickr.com/photos/robertnyman/189690212,https://creativecommons.org/licenses/by/2.0/,https://www.flickr.com/people/robertnyman/,Robert Nyman,Beijing Zoo,530159,tSqEOHVGv51bRfVZSfmoeQ==,https://c1.staticflickr.com/1/70/189690212_ad14083161_z.jpg,0.0,Bear,True
ca794bbe9ec2881b,train,https://c4.staticflickr.com/8/7298/12971252025_1192eab6c1_o.jpg,https://www.flickr.com/photos/zombieite/12971252025,https://creativecommons.org/licenses/by/2.0/,https://www.flickr.com/people/zombieite/,zombieite,Panda,5223903,8MeU370RqPz3aYdfxT9/fQ==,https://c8.staticflickr.com/8/7298/12971252025_7ee988d8a5_z.jpg,0.0,Bear,True
52ef901c1f34ba82,train,https://farm3.staticflickr.com/4101/4943863269_c999a14499_o.jpg,https://www.flickr.com/photos/16725630@N00/4943863269,https://creativecommons.org/licenses/by/2.0/,https://www.flickr.com/people/16725630@N00/,Matt Zimmerman,"Grizzly bears in Denali National Park, Alaska",2456362,36TMrsTvQw2Tkq9NmHY+Qw==,https://c7.staticflickr.com/5/4101/4943863269_a4336f87eb_z.jpg,,Bear,True
de300ac60ad870df,train,https://c8.staticflickr.com/1/23/26861200_5f88626501_o.jpg,https://www.flickr.com/photos/matizi/26861200,https://creativecommons.org/licenses/by/2.0/,https://www.flickr.com/people/matizi/,Martin Slavens,IMG_0368,156706,6CcTZabtPh351SknSEe7Sg==,https://c4.staticflickr.com/1/23/26861200_5f88626501_z.jpg?zz=1,0.0,Bear,True
01098f74a2de0652,train,https://farm3.staticflickr.com/6067/6138991872_4ab8c96917_o.jpg,https://www.flickr.com/photos/sidm/6138991872,https://creativecommons.org/licenses/by/2.0/,https://www.flickr.com/people/sidm/,Sid Mosdell,Lunchtime,392574,CyIAybd8/xXsbL3ngmU6xQ==,https://c4.staticflickr.com/7/6067/6138991872_86fb3a95a2_z.jpg,0.0,Bear,True
8554bfb2249f5723,train,https://farm4.staticflickr.com/8311/7981685860_46a3b1a2ab_o.jpg,https://www.flickr.com/photos/juggernautco/7981685860,https://creativecommons.org/licenses/by/2.0/,https://www.flickr.com/people/juggernautco/,Daniel X. O&#x27;Neil,Untitled,8031711,PuTzaHHACqo70gZgRLVqYQ==,https://c4.staticflickr.com/9/8311/7981685860_8df4918e12_z.jpg,0.0,Bear,True
006f2c8a2ecacff3,train,https://farm4.staticflickr.com/3069/2296320065_8d43200755_o.jpg,https://www.flickr.com/photos/unrincondiferente/2296320065,https://creativecommons.org/licenses/by/2.0/,https://www.flickr.com/people/unrincondiferente/,Angel,Gente en el Rockefeller Center,42465,gvjYQfskF3cIHDsZnpzRpg==,,,Bear,True
9e69e56d80c39cc5,train,https://farm6.staticflickr.com/6115/6375850865_8244b664f4_o.jpg,https://www.flickr.com/photos/emmabishop/6375850865,https://creativecommons.org/licenses/by/2.0/,https://www.flickr.com/people/emmabishop/,Emma,Dungarees,1484747,tZPNib1hJyArKH6hq0AVAg==,https://c7.staticflickr.com/7/6115/6375850865_d1f1e45721_z.jpg,0.0,Bear,True
9108585613f30153,train,https://farm4.staticflickr.com/5145/5697681654_b998413c82_o.jpg,https://www.flickr.com/photos/caswell_tom/5697681654,https://creativecommons.org/licenses/by/2.0/,https://www.flickr.com/people/caswell_tom/,Tom Caswell,Star Wars Exhibition at the Pacific Science Center - Wampa,145549,rwuN9zq1mXxsruxD2ttOOA==,https://c7.staticflickr.com/6/5145/5697681654_8f7d72cb3e_z.jpg,0.0,Bear,True
ccc8009ce8f7fdf0,train,https://farm1.staticflickr.com/606/20177158493_a84b255e6e_o.jpg,https://www.flickr.com/photos/baltasar89/20177158493,https://creativecommons.org/licenses/by/2.0/,https://www.flickr.com/people/baltasar89/,Stefan Schubert,2015-05-01 15.39.05,2820768,tJ/EOytoG3nM2EB+FcFT/w==,https://c4.staticflickr.com/1/606/20177158493_554c4a93d4_z.jpg,0.0,Bear,True
127d69e2471ac93e,train,https://c7.staticflickr.com/7/6062/6109830273_0914d3bdf4_o.jpg,https://www.flickr.com/photos/mujitra/6109830273,https://creativecommons.org/licenses/by/2.0/,https://www.flickr.com/people/mujitra/,MIKI Yoshihito,Panda.,8634055,Dv24pMnckYQHj1QPWcigLw==,https://c4.staticflickr.com/7/6062/6109830273_9236ccf768_z.jpg,0.0,Bear,True
0739ebfb4c929636,train,https://farm7.staticflickr.com/3881/14587859755_afebc6d77c_o.jpg,https://www.flickr.com/photos/calliope/14587859755,https://creativecommons.org/licenses/by/2.0/,https://www.flickr.com/people/calliope/,liz west,bear on the hill,8456259,TdKDEDg+LdVYvnyK/gyXbA==,https://c3.staticflickr.com/4/3881/14587859755_3459d9cd53_z.jpg,0.0,Bear,True
0002fcb1597cd9b0,train,https://farm1.staticflickr.com/4144/5029844703_6829cb00f9_o.jpg,https://www.flickr.com/photos/calsidyrose/5029844703,https://creativecommons.org/licenses/by/2.0/,https://www.flickr.com/people/calsidyrose/,Calsidyrose,Red and White States,1518794,5Jhy+zI7Au1iWhQ2VOkXRA==,https://c4.staticflickr.com/5/4144/5029844703_2732f74150_z.jpg,0.0,Bear,True
2757fbe739c7fda7,train,https://farm8.staticflickr.com/3452/3961794530_75bc071a95_o.jpg,https://www.flickr.com/photos/daita/3961794530,https://creativecommons.org/licenses/by/2.0/,https://www.flickr.com/people/daita/,daita saru,ダイブ,261692,zkqdsd/5SQ9Vj1fpgIPZgQ==,https://c2.staticflickr.com/4/3452/3961794530_950f38b1f1_z.jpg,0.0,Bear,True
ca3da4bfc837163a,train,https://c3.staticflickr.com/8/7074/7239749630_a2bd986127_o.jpg,https://www.flickr.com/photos/gotovan/7239749630,https://creativecommons.org/licenses/by/2.0/,https://www.flickr.com/people/gotovan/,GoToVan,Black bears in Whistler Olympic Park,8239233,jQHgMSJiMUiwQn48PbB7mA==,https://c4.staticflickr.com/8/7074/7239749630_8f1f6b6591_z.jpg,0.0,Bear,True
cc864382abe08ecb,train,https://c4.staticflickr.com/3/2709/4478441943_25523b1186_o.jpg,https://www.flickr.com/photos/dahlstroms/4478441943,https://creativecommons.org/licenses/by/2.0/,https://www.flickr.com/people/dahlstroms/,Håkan Dahlström,DPP processed,13021071,6agcSOlpbBnBvo/odEa/HA==,https://c6.staticflickr.com/3/2709/4478441943_62831610f3_z.jpg,0.0,Bear,True
c2d7c129618af39f,train,https://c8.staticflickr.com/1/23/27016897_1c4bda2fc0_o.jpg,https://www.flickr.com/photos/maveric2003/27016897,https://creativecommons.org/licenses/by/2.0/,https://www.flickr.com/people/maveric2003/,Eric Chan,Approaching The Stone Forest,1006758,ffu8jWzpn7fUbrKARzeeJw==,https://c8.staticflickr.com/1/23/27016897_1c4bda2fc0_z.jpg,0.0,Bear,True
cd9022edb85d17f5,train,https://farm6.staticflickr.com/5/4975087_055823e8ed_o.jpg,https://www.flickr.com/photos/myradphotos/4975087,https://creativecommons.org/licenses/by/2.0/,https://www.flickr.com/people/myradphotos/,myradphotos,polarbears,15735,OrYElQgw56EzWoTjsEt4QA==,,,Bear,True
1fb06554e31ab858,train,https://c1.staticflickr.com/3/2272/2084428449_d0f32f06cc_o.jpg,https://www.flickr.com/photos/chinaspree/2084428449,https://creativecommons.org/licenses/by/2.0/,https://www.flickr.com/people/chinaspree/,Ben Burkland Carolyn Cook,china tour beijing zoo panda standing,392500,OTAdW/B9rOpJGUC/iVnC+g==,https://c2.staticflickr.com/3/2272/2084428449_e5cfd3a23b_z.jpg?zz=1,0.0,Bear,True
07eb470c179a0879,train,https://c2.staticflickr.com/9/8506/8482042703_d640eea8d1_o.jpg,https://www.flickr.com/photos/frauschnatterliese/8482042703,https://creativecommons.org/licenses/by/2.0/,https://www.flickr.com/people/frauschnatterliese/,Sabine Bresser,frimas kinder,9768215,RjEFYm/nTxwoEL54Fqx9CA==,https://c2.staticflickr.com/9/8506/8482042703_d1d6794ac5_z.jpg,0.0,Bear,True
003c0e0560666c4b,train,https://c4.staticflickr.com/8/7334/16480179126_a0e22000b0_o.jpg,https://www.flickr.com/photos/15708236@N07/16480179126,https://creativecommons.org/licenses/by/2.0/,https://www.flickr.com/people/15708236@N07/,jphilipg,Cool Robot - Street Art - Mile-End,3639514,jdAODYU02WldUH9h3yjGfA==,https://c6.staticflickr.com/8/7334/16480179126_73f98c4fd1_z.jpg,0.0,Bear,True
0a88a2ce9f064a70,train,https://farm1.staticflickr.com/7054/6785303180_9ddacbc9e9_o.jpg,https://www.flickr.com/photos/usfwshq/6785303180,https://creativecommons.org/licenses/by/2.0/,https://www.flickr.com/people/usfwshq/,U.S. Fish and Wildlife Service Headquarters,California condor and chick,87920,0QoCJ6hciz5eLym7CC66FQ==,https://c2.staticflickr.com/8/7054/6785303180_c7c12c63f5_z.jpg,0.0,Bear,True
8d85b27c694cb430,train,https://farm1.staticflickr.com/6016/5993986064_fa1d89d284_o.jpg,https://www.flickr.com/photos/smemon/5993986064,https://creativecommons.org/licenses/by/2.0/,https://www.flickr.com/people/smemon/,Sean MacEntee,Fota Wildlife Park,1411222,s97qTalonc+12K6sglKUEw==,https://c8.staticflickr.com/7/6016/5993986064_6ef4467420_z.jpg,0.0,Bear,True
c10d17130760ffce,train,https://c7.staticflickr.com/3/2782/4519377655_714cf93925_o.jpg,https://www.flickr.com/photos/minniemouseaunt/4519377655,https://creativecommons.org/licenses/by/2.0/,https://www.flickr.com/people/minniemouseaunt/,minniemouseaunt,Sea World California...Position is everything!,544126,iO8UIXXEXMFHKWxxq36bNA==,https://c8.staticflickr.com/3/2782/4519377655_08baa0e0bf_z.jpg,0.0,Bear,True
2da7ad8bef6a7c1e,train,https://c7.staticflickr.com/1/18/70158290_03b6b032bd_o.jpg,https://www.flickr.com/photos/roland/70158290,https://creativecommons.org/licenses/by/2.0/,https://www.flickr.com/people/roland/,Roland Tanglao,Gorilla behind at YYC,376948,jXTtokjKhr+JJMaXBsol0A==,https://c7.staticflickr.com/1/18/70158290_03b6b032bd_z.jpg?zz=1,0.0,Bear,True
0000286a5c6a3eb5,train,https://farm6.staticflickr.com/4047/4685736311_cf385a849a_o.jpg,https://www.flickr.com/photos/leith/4685736311,https://creativecommons.org/licenses/by/2.0/,https://www.flickr.com/people/leith/,Ian Robertson,Bishopbriggs Triathlon 2010_5431,7721491,h8owPE/HYlOzrRSicJFCfQ==,https://c1.staticflickr.com/5/4047/4685736311_de0709e925_z.jpg,0.0,Bear,True
9f409ce3d96b0c72,train,https://farm3.staticflickr.com/3455/3922117599_d0a7635b27_o.jpg,https://www.flickr.com/photos/kameyama-mie/3922117599,https://creativecommons.org/licenses/by/2.0/,https://www.flickr.com/people/kameyama-mie/,Kasadera,Minun in Kyoto Near The Golden Pavilion 4 (Wara Tenjin Shrine),73951,sOvmo94qu+BiqsUL9h/cHg==,https://c8.staticflickr.com/4/3455/3922117599_d887b4e43b_z.jpg?zz=1,0.0,Bear,True
17b4237cafa91eb3,train,https://farm4.staticflickr.com/8471/8137195975_76b3a0d34e_o.jpg,https://www.flickr.com/photos/gsloan/8137195975,https://creativecommons.org/licenses/by/2.0/,https://www.flickr.com/people/gsloan/,gsloan,BearCub,709634,kyusN0ysdHngSHd803/VVQ==,https://c6.staticflickr.com/9/8471/8137195975_2147180d6f_z.jpg,0.0,Bear,True
0b4c3613332f8a42,train,https://farm3.staticflickr.com/7348/13891199333_9c74f42b5f_o.jpg,https://www.flickr.com/photos/duncanh1/13891199333,https://creativecommons.org/licenses/by/2.0/,https://www.flickr.com/people/duncanh1/,DncnH,Spring Morning,1657674,WQtMMp09gIhsTJgfJoZPjg==,https://c7.staticflickr.com/8/7348/13891199333_84c693b353_z.jpg,0.0,Bear,True
a10523427aa04e32,train,https://farm3.staticflickr.com/5616/15292016537_8027b754a5_o.jpg,https://www.flickr.com/photos/frontierofficial/15292016537,https://creativecommons.org/licenses/by/2.0/,https://www.flickr.com/people/frontierofficial/,Frontierofficial,Say hi to the #panda. Our favorite bamboo eaters in the #world! Thanks to our #volunteer on the #china #panda breeding project. #volunteerabroad #travelling #travelphotography,138398,vrL5umH/ZFM2ilKezbOOCA==,https://c2.staticflickr.com/6/5616/15292016537_292f49fc7e_z.jpg,0.0,Bear,True
04975c2539fc9dab,train,https://c4.staticflickr.com/6/5535/9601207917_0ee840e466_o.jpg,https://www.flickr.com/photos/76675297@N06/9601207917,https://creativecommons.org/licenses/by/2.0/,https://www.flickr.com/people/76675297@N06/,☽louise vance☾,Untitled,186310,xF7zyP++1L/33Qihv8mjXw==,https://c6.staticflickr.com/6/5535/9601207917_f7f3ec6630_z.jpg,0.0,Bear,True
6a5d21f4c3d79af7,train,https://farm8.staticflickr.com/3848/14265121679_9671893112_o.jpg,https://www.flickr.com/photos/91591049@N00/14265121679,https://creativecommons.org/licenses/by/2.0/,https://www.flickr.com/people/91591049@N00/,SenseiAlan,1960 Smokey the Bear Forest Fires Advertisement Readers Digest August 1960,1216039,4rdHhGbiQ1zN7VLkK78wvA==,https://c7.staticflickr.com/4/3848/14265121679_2482fd9fd0_z.jpg,0.0,Bear,True
2278502b8bb733e3,train,https://farm4.staticflickr.com/2530/3961794430_60959f95a3_o.jpg,https://www.flickr.com/photos/daita/3961794430,https://creativecommons.org/licenses/by/2.0/,https://www.flickr.com/people/daita/,daita saru,飛び込み,291864,HmQyPs6hyvA0kvI3oZwa7Q==,https://c7.staticflickr.com/3/2530/3961794430_84cfb00d68_z.jpg,0.0,Bear,True
006d748ce853c100,train,https://farm1.staticflickr.com/7048/6940765881_3fbb013c57_o.jpg,https://www.flickr.com/photos/litfest/6940765881,https://creativecommons.org/licenses/by/2.0/,https://www.flickr.com/people/litfest/,Lancaster Litfest,Sherlock Holmes,84182,49wRvJ6hFuQ7mWYoFxSqMQ==,https://c5.staticflickr.com/8/7048/6940765881_d5ff9d0324_z.jpg,0.0,Bear,True
924d73ae5900bf21,train,https://farm2.staticflickr.com/2802/4270073240_795d48f3b5_o.jpg,https://www.flickr.com/photos/horiavarlan/4270073240,https://creativecommons.org/licenses/by/2.0/,https://www.flickr.com/people/horiavarlan/,Horia Varlan,White fluffy teddy bear with red bow,760016,QvnGbxgOlUGVkcn2U2n9uw==,https://c4.staticflickr.com/3/2802/4270073240_460152e2af_z.jpg,0.0,Bear,True
034583c3a135b346,train,https://farm7.staticflickr.com/8596/16457729130_5f0dea4b4b_o.jpg,https://www.flickr.com/photos/brighton/16457729130,https://creativecommons.org/licenses/by/2.0/,https://www.flickr.com/people/brighton/,Jim Linwood,"Polar Bears For Sale In Syon Park, Brentford - London.",2334435,OZF3yGq2Bn6LGw4B2u0/Mw==,https://c1.staticflickr.com/9/8596/16457729130_db5be108e3_z.jpg,,Bear,True
7a963a708046f186,train,https://farm7.staticflickr.com/3259/2754563840_3eeb6e2e96_o.jpg,https://www.flickr.com/photos/larskjensen/2754563840,https://creativecommons.org/licenses/by/2.0/,https://www.flickr.com/people/larskjensen/,Lars K Jensen,Tired polar bear,4769213,UI3GyOKBNkdSCDkhn2CiLA==,https://c6.staticflickr.com/4/3259/2754563840_fb5cca4ac3_z.jpg,0.0,Bear,True
c1e5ec96907e92cf,train,https://c8.staticflickr.com/8/7706/16957323780_21c957a4a5_o.jpg,https://www.flickr.com/photos/wastes/16957323780,https://creativecommons.org/licenses/by/2.0/,https://www.flickr.com/people/wastes/,Charlotta Wasteson,Barngruppen Blåvinge,5444327,azo6M1UECq22lsHl/ROaYQ==,https://c4.staticflickr.com/8/7706/16957323780_72864eba6b_z.jpg,0.0,Bear,True
fae2f7b4f9f13a1b,train,https://c4.staticflickr.com/9/8101/8608838190_e654cbdd12_o.jpg,https://www.flickr.com/photos/terrachillan/8608838190,https://creativecommons.org/licenses/by/2.0/,https://www.flickr.com/people/terrachillan/,Sebastián Betancourt,El relevo,4884318,jXeIEsyVAxFKnjLFNlpxpQ==,https://c3.staticflickr.com/9/8101/8608838190_4331d273df_z.jpg,0.0,Bear,True
01e518aeb767997d,train,https://c6.staticflickr.com/4/3831/11763871643_9941ac1323_o.jpg,https://www.flickr.com/photos/rufusowliebat/11763871643,https://creativecommons.org/licenses/by/2.0/,https://www.flickr.com/people/rufusowliebat/,rufus,IMG_2033,286851,c8vEDzC16+t0DFg7Pjt6UQ==,https://c6.staticflickr.com/4/3831/11763871643_bf7a6a3508_z.jpg,0.0,Bear,True
12bbf80ce825bd24,train,https://farm5.staticflickr.com/7227/7035595511_3f0e1e3569_o.jpg,https://www.flickr.com/photos/frauschnatterliese/7035595511/,https://creativecommons.org/licenses/by/2.0/,https://www.flickr.com/people/frauschnatterliese/,Sabine Bresser,"huggies, luzie & maria",139874,XLG1YdQvcXmKNltIq04vsw==,https://c3.staticflickr.com/8/7227/7035595511_7413f7405e_z.jpg,,Bear,True
1e1523350ba2141d,train,https://c6.staticflickr.com/4/3850/14771998946_f8bd5a22c0_o.jpg,https://www.flickr.com/photos/ralphandjenny/14771998946,https://creativecommons.org/licenses/by/2.0/,https://www.flickr.com/people/ralphandjenny/,Ralph Daily,Swimsuits,15233807,MKei4Yk+ZIjgIyXemZ/h2A==,https://c5.staticflickr.com/4/3850/14771998946_c2226cf566_z.jpg,0.0,Bear,True
526d3340a62cc182,train,https://farm3.staticflickr.com/8453/8071937291_be1688d885_o.jpg,https://www.flickr.com/photos/watershedpost/8071937291,https://creativecommons.org/licenses/by/2.0/,https://www.flickr.com/people/watershedpost/,Watershed Post,Kerhonkson bear,148142,5+A7g88F4qQcQ3lQB9+zOQ==,https://c1.staticflickr.com/9/8453/8071937291_eea0ca3b2f_z.jpg,0.0,Bear,True
6b50fb14de8fa70a,train,https://c3.staticflickr.com/3/2086/2473753234_df86bf21db_o.jpg,https://www.flickr.com/photos/jefflen/2473753234,https://creativecommons.org/licenses/by/2.0/,https://www.flickr.com/people/jefflen/,Hungju Lu,賀！,911438,q+eUIK2G+86oaMw2LhPN3A==,https://c7.staticflickr.com/3/2086/2473753234_7e59715e79_z.jpg,0.0,Bear,True
67408f912d0fcd87,train,https://farm8.staticflickr.com/3478/3217986862_94d645823b_o.jpg,https://www.flickr.com/photos/benetton/3217986862,https://creativecommons.org/licenses/by/2.0/,https://www.flickr.com/people/benetton/,Zoha Nve,My BlueBerry,112811,jzNHJ6RR+IkiONIR/AmhUQ==,,,Bear,True
01732dae8cab3197,train,https://farm8.staticflickr.com/3857/15025648286_c7f0276c84_o.jpg,https://www.flickr.com/photos/arbron/15025648286,https://creativecommons.org/licenses/by/2.0/,https://www.flickr.com/people/arbron/,Jeff Hitchcock,Fort Langley Community Hall,11258985,VtuFBIxuHm6XnwEq/Sz+8g==,https://c5.staticflickr.com/4/3857/15025648286_4704853b6f_z.jpg,0.0,Bear,True
032530bd2dbf39b4,train,https://farm5.staticflickr.com/4104/4841631207_64ee93b011_o.jpg,https://www.flickr.com/photos/cjames/4841631207,https://creativecommons.org/licenses/by/2.0/,https://www.flickr.com/people/cjames/,James Chutter,Grouse Grind Bear,134623,zlrUS3wbrmtUl2uUKSG7SA==,https://c8.staticflickr.com/5/4104/4841631207_9b43404254_z.jpg,0.0,Bear,True
0006427f95b3ba15,train,https://farm6.staticflickr.com/5112/7053875109_ac7804c47a_o.jpg,https://www.flickr.com/photos/supernichao/7053875109,https://creativecommons.org/licenses/by/2.0/,https://www.flickr.com/people/supernichao/,supernichao,Grassland,169453,eQ5b3ras74Z/GTU6iwh5vw==,https://c3.staticflickr.com/6/5112/7053875109_dd72662bd9_z.jpg,0.0,Bear,True
394c5147dbef0868,train,https://c1.staticflickr.com/4/3750/11013134406_3535e86e3a_o.jpg,https://www.flickr.com/photos/ltdan/11013134406,https://creativecommons.org/licenses/by/2.0/,https://www.flickr.com/people/ltdan/,Dan Dickinson,09 Baboon,2656523,oS49EzciN1kqaauWwkz68Q==,https://c3.staticflickr.com/4/3750/11013134406_65e3059182_z.jpg,0.0,Bear,True
fa2f9acd757b0cbf,train,https://c8.staticflickr.com/5/4113/4976566794_0568047586_o.jpg,https://www.flickr.com/photos/53370644@N06/4976566794/,https://creativecommons.org/licenses/by/2.0/,https://www.flickr.com/people/53370644@N06/,tableatny,Polar bear famliy,359799,awgn8tVHozSRui0o/VNfKQ==,https://c1.staticflickr.com/5/4113/4976566794_a604e02898_z.jpg,0.0,Bear,True
642af30009f3cf9c,train,https://c5.staticflickr.com/4/3874/14703098032_e027ce44b1_o.jpg,https://www.flickr.com/photos/amerune/14703098032,https://creativecommons.org/licenses/by/2.0/,https://www.flickr.com/people/amerune/,Maureen,Mother bear with cubs in Hayden Valley,1202087,kiCYi5GiKDsIINR8YCY/Xg==,https://c7.staticflickr.com/4/3874/14703098032_acc33504b0_z.jpg,0.0,Bear,True
63bd35cf9861f91c,train,https://c5.staticflickr.com/4/3850/14419569023_e3c2bdc262_o.jpg,https://www.flickr.com/photos/scotnelson/14419569023,https://creativecommons.org/licenses/by/2.0/,https://www.flickr.com/people/scotnelson/,Scot Nelson,"Conk-riddled tree stump, carved to resemble a black bear",3851204,Wm+Byily8dB3DXbl/4Li5w==,https://c5.staticflickr.com/4/3850/14419569023_4eb0cdf09b_z.jpg,,Bear,True
008d637a379d3682,train,https://farm3.staticflickr.com/3637/3493125305_b3d1b019e8_o.jpg,https://www.flickr.com/photos/burnhard/3493125305,https://creativecommons.org/licenses/by/2.0/,https://www.flickr.com/people/burnhard/,BurnHard,IMG_0654,146661,XZfupz/G23OG0LKIZTQHjQ==,https://c1.staticflickr.com/4/3637/3493125305_6f4d167461_z.jpg?zz=1,0.0,Bear,True
f5a66b01e3d29b3a,train,https://c3.staticflickr.com/3/2708/4161774437_d194a0dcbb_o.jpg,https://www.flickr.com/photos/notionscapital/4161774437,https://creativecommons.org/licenses/by/2.0/,https://www.flickr.com/people/notionscapital/,Mike Licht,"Tai Shan, The Wild One",31079,n5AY4iVwh3i0xguR99c/fg==,,,Bear,True
c2bbd278e0a1560a,train,https://c3.staticflickr.com/3/2522/3815145478_5bc2c25f2e_o.jpg,https://www.flickr.com/photos/rahego/3815145478,https://creativecommons.org/licenses/by/2.0/,https://www.flickr.com/people/rahego/,Raúl Hernández González,20090805-Cabárceno-36,563023,5UBAk/Uv0Li8HUABraOIFw==,https://c3.staticflickr.com/3/2522/3815145478_db95cbb9c3_z.jpg?zz=1,0.0,Bear,True
05632fadcb5e1e9c,train,https://c5.staticflickr.com/4/3152/3019009114_1ce134bef9_o.jpg,https://www.flickr.com/photos/gillpenney/3019009114/,https://creativecommons.org/licenses/by/2.0/,https://www.flickr.com/people/gillpenney/,gill_penney,sichuanapril07 176,8318638,emqxDqUb3eLRdk55G0CV8w==,https://c5.staticflickr.com/4/3152/3019009114_f65236fc51_z.jpg,0.0,Bear,True
a24a46604ddec6f4,train,https://farm5.staticflickr.com/8183/8142649770_f215fd50e6_o.jpg,https://www.flickr.com/photos/shreveportbossier/8142649770,https://creativecommons.org/licenses/by/2.0/,https://www.flickr.com/people/shreveportbossier/,Shreveport-Bossier Convention and Tourist Bureau,"Touchstone Wildlife and Art Museum, Haughton",6230801,sbjgmQAQ2o8XNc001cCwIg==,https://c1.staticflickr.com/9/8183/8142649770_6f12f7bd04_z.jpg,,Bear,True
2556625a590f2c70,train,https://farm1.staticflickr.com/3134/2316758033_a2b5792fc2_o.jpg,https://www.flickr.com/photos/cabeel/2316758033,https://creativecommons.org/licenses/by/2.0/,https://www.flickr.com/people/cabeel/,The Last Cookie,Polar Bear picking up fish,937766,CiaKOVHZhIM6Q40kWKXpRA==,https://c6.staticflickr.com/4/3134/2316758033_5a91f2b940_z.jpg,0.0,Bear,True
8519e126e88faebf,train,https://c8.staticflickr.com/6/5101/5848362372_1aa037dd32_o.jpg,https://www.flickr.com/photos/gpaumier/5848362372,https://creativecommons.org/licenses/by/2.0/,https://www.flickr.com/people/gpaumier/,Guillaume Paumier,Gay pride 034 - Marche des fiertés Toulouse 2011.jpg,624216,4k7dX+NZ05GGGCQIaAeC+A==,https://c5.staticflickr.com/6/5101/5848362372_ec1f5667a2_z.jpg,0.0,Bear,True
1e71cb164779ee33,train,https://farm4.staticflickr.com/2525/3768618908_fe14a17fcb_o.jpg,https://www.flickr.com/photos/andreweick/3768618908,https://creativecommons.org/licenses/by/2.0/,https://www.flickr.com/people/andreweick/,Andy Eick,Panda bear looking for bugs,1937534,U9WJ0iuFEhJupsYLtO26mQ==,https://c8.staticflickr.com/3/2525/3768618908_990f5eec31_z.jpg,0.0,Bear,True
068d09e9d36c4967,train,https://farm8.staticflickr.com/5223/5657760598_ec5776766e_o.jpg,https://www.flickr.com/photos/mdid/5657760598,https://creativecommons.org/licenses/by/2.0/,https://www.flickr.com/people/mdid/,David Pursehouse,DSC_0011,822253,vGoE0bmmhTrE7S8VrGd0+A==,https://c3.staticflickr.com/6/5223/5657760598_cac196d15d_z.jpg,0.0,Bear,True
f9a6a667b13c24d7,train,https://farm8.staticflickr.com/122/286904313_8769884136_o.jpg,https://www.flickr.com/photos/subzonica/286904313,https://creativecommons.org/licenses/by/2.0/,https://www.flickr.com/people/subzonica/,Hernán García Crespo,Oso libidinoso,1401421,2kt6AJ2u3Pu2gpGk7pgzRw==,https://c2.staticflickr.com/1/122/286904313_8769884136_z.jpg,0.0,Bear,True
b5f0c5ae29283020,train,https://farm1.staticflickr.com/3801/10527991976_be603a0f0d_o.jpg,https://www.flickr.com/photos/bontempscharly/10527991976,https://creativecommons.org/licenses/by/2.0/,https://www.flickr.com/people/bontempscharly/,Charles Barilleaux,Practice Nap,109071,pS03QRxwBGJa0KQU31Scfw==,https://c5.staticflickr.com/4/3801/10527991976_a438a0989a_z.jpg,0.0,Bear,True
2b13ba61c716676f,train,https://c8.staticflickr.com/7/6029/5987594299_4b000b9ec8_o.jpg,https://www.flickr.com/photos/garpete/5987594299,https://creativecommons.org/licenses/by/2.0/,https://www.flickr.com/people/garpete/,G. Frank Peterson,2011 Chilkoot Brown Bears-11.jpg,188527,GmUauk57gYjWu6MnjcDMCw==,https://c3.staticflickr.com/7/6029/5987594299_e44cf79c15_z.jpg,0.0,Bear,True
34a6aa17016e3188,train,https://c1.staticflickr.com/5/4017/4269091138_e3a0458cac_o.jpg,https://www.flickr.com/photos/soitiki/4269091138,https://creativecommons.org/licenses/by/2.0/,https://www.flickr.com/people/soitiki/,Soichi Yokoyama,Panda in wilderness area,240715,vkSA9luZ5BRenJlbHYWd1w==,https://c7.staticflickr.com/5/4017/4269091138_df5a3ff3e0_z.jpg?zz=1,0.0,Bear,True
4ebe794d32d7846b,train,https://c4.staticflickr.com/3/2788/4483508342_a067ec64da_o.jpg,https://www.flickr.com/photos/shawxx/4483508342,https://creativecommons.org/licenses/by/2.0/,https://www.flickr.com/people/shawxx/,Mumu X,Panda Lamp,163328,JkfPexrYQSaIVyD8VrgSFw==,https://c8.staticflickr.com/3/2788/4483508342_a8e0958e7a_z.jpg,0.0,Bear,True
803388b23261be6e,train,https://c7.staticflickr.com/6/5636/22348428962_4e92abe3a3_o.jpg,https://www.flickr.com/photos/vastateparksstaff/22348428962,https://creativecommons.org/licenses/by/2.0/,https://www.flickr.com/people/vastateparksstaff/,Virginia State Parks,SH,1985351,mPAiV89dZpo7+GaUu2IHeA==,https://c3.staticflickr.com/6/5636/22348428962_000e850c9c_z.jpg,0.0,Bear,True
16e103df6d031405,train,https://farm6.staticflickr.com/1146/850882733_b274c9dc8d_o.jpg,https://www.flickr.com/photos/mmmavocado/850882733,https://creativecommons.org/licenses/by/2.0/,https://www.flickr.com/people/mmmavocado/,Malcolm Manners,IMG_1061.jpg,154231,V0wmfV8bRgNUyzP+MDDidw==,https://c8.staticflickr.com/2/1146/850882733_d29108bf84_z.jpg?zz=1,0.0,Bear,True
f439ae08fff2dbf4,train,https://farm5.staticflickr.com/5718/22348468352_2026449e53_o.jpg,https://www.flickr.com/photos/vastateparksstaff/22348468352,https://creativecommons.org/licenses/by/2.0/,https://www.flickr.com/people/vastateparksstaff/,Virginia State Parks,SH,1726865,RKNiMrjtIdyo9FNAetHKJg==,https://c2.staticflickr.com/6/5718/22348468352_f79ee761be_z.jpg,0.0,Bear,True
01f6e1d57a99912e,train,https://c7.staticflickr.com/5/4085/5004844053_57a537ac50_o.jpg,https://www.flickr.com/photos/jinterwas/5004844053,https://creativecommons.org/licenses/by/2.0/,https://www.flickr.com/people/jinterwas/,jinterwas,It's a big big world,229021,0L6LKboFsbq+wLSaek6MHA==,https://c7.staticflickr.com/5/4085/5004844053_2dbefc9ebd_z.jpg,0.0,Bear,True
aa2700a935df8714,train,https://farm5.staticflickr.com/8637/15671331567_aa91354112_o.jpg,https://www.flickr.com/photos/lauri_vain/15671331567,https://creativecommons.org/licenses/by/2.0/,https://www.flickr.com/people/lauri_vain/,Lauri Väin,Brooklyn street amusement park,1762587,Tbqk2Dqq/iYwuLL1cJRzSQ==,https://c4.staticflickr.com/9/8637/15671331567_33387732a6_z.jpg,0.0,Bear,True
004251022930a895,train,https://farm6.staticflickr.com/3328/3515400236_f0b951b77c_o.jpg,https://www.flickr.com/photos/jdigger/3515400236,https://creativecommons.org/licenses/by/2.0/,https://www.flickr.com/people/jdigger/,Jim Moore,IMG_1352,2296982,7W/7pp4MfZEvtPo3kj84dQ==,https://c5.staticflickr.com/4/3328/3515400236_4d6db3bb13_z.jpg,0.0,Bear,True
ba4377304841121f,train,https://c8.staticflickr.com/8/7156/6443412215_70b31f9404_o.jpg,https://www.flickr.com/photos/larsjuhljensen/6443412215,https://creativecommons.org/licenses/by/2.0/,https://www.flickr.com/people/larsjuhljensen/,Lars Juhl Jensen,Panda cub @ Atlanta Zoo,2873331,GGP06Ntn/UgtTua5IUR9NA==,https://c8.staticflickr.com/8/7156/6443412215_54c10c9bf5_z.jpg,0.0,Bear,True
0022f048c3c38afe,train,https://c7.staticflickr.com/2/1206/579617104_0cb8523693_o.jpg,https://www.flickr.com/photos/chrisdlugosz/579617104,https://creativecommons.org/licenses/by/2.0/,https://www.flickr.com/people/chrisdlugosz/,Chris Dlugosz,baby peregrine landed on my office window,75804,eru2miyfd2iN8kVmYERYjg==,https://c7.staticflickr.com/2/1206/579617104_d6ef995fdf_z.jpg?zz=1,0.0,Bear,True
006f85dcf84e3b1d,train,https://c6.staticflickr.com/4/3465/3873340500_7f22673df5_o.jpg,https://www.flickr.com/photos/visual_dichotomy/3873340500,https://creativecommons.org/licenses/by/2.0/,https://www.flickr.com/people/visual_dichotomy/,Grant,Untitled,1036616,FRyquOANUsEP+xLAfuQ+vQ==,https://c2.staticflickr.com/4/3465/3873340500_b038ba0a86_z.jpg,0.0,Bear,True
2190c79e3b504ddf,train,https://c8.staticflickr.com/8/7426/10788798274_756304f12f_o.jpg,https://www.flickr.com/photos/karilop/10788798274,https://creativecommons.org/licenses/by/2.0/,https://www.flickr.com/people/karilop/,Karilop311,200390758-001,67207,isyWfAUheBCgGBv++j5bww==,https://c5.staticflickr.com/8/7426/10788798274_8388f6b353_z.jpg,0.0,Bear,True
00b1a7293ceb513b,train,https://c4.staticflickr.com/2/1180/1121925629_c74ff0ece5_o.jpg,https://www.flickr.com/photos/sheilaellen/1121925629,https://creativecommons.org/licenses/by/2.0/,https://www.flickr.com/people/sheilaellen/,Sheila Thomson,Australian Sea Lions,524940,hKh5dq8sbHgUwvKnrMe12Q==,https://c7.staticflickr.com/2/1180/1121925629_dc3fe2eb35_z.jpg,0.0,Bear,True
9282ffcd4f9e9945,train,https://farm6.staticflickr.com/3879/14414053515_291f64d090_o.jpg,https://www.flickr.com/photos/vitaliy_kolesov/14414053515,https://creativecommons.org/licenses/by/2.0/,https://www.flickr.com/people/vitaliy_kolesov/,Vitaliy Kolesov,"Versoix, Switzerland • February 2012 • Nikon D80 • 17-55 mm f/2.8 @ 44 mm • ¹⁄₂₀₀ sec at f/4.0, ISO 100, Aperture priority",532879,tNWz/Y/GmuomjZ1VkCtMfw==,https://c3.staticflickr.com/4/3879/14414053515_76fe22e1aa_z.jpg,,Bear,True
ed4378ed2ef65a95,train,https://farm6.staticflickr.com/3194/2748054989_4365f3390a_o.jpg,https://www.flickr.com/photos/chaunceydavis/2748054989,https://creativecommons.org/licenses/by/2.0/,https://www.flickr.com/people/chaunceydavis/,Chauncey Davis,Grizzley and Wolf Discovery Center 079-1,2599296,wWt08rPrucQeQ0Gku3TpLA==,https://c3.staticflickr.com/4/3194/2748054989_0a463d7c73_z.jpg,0.0,Bear,True
d6b8ee625a754247,train,https://farm8.staticflickr.com/5306/14021440611_7a200c7ba7_o.jpg,https://www.flickr.com/photos/cogdog/14021440611,https://creativecommons.org/licenses/by/2.0/,https://www.flickr.com/people/cogdog/,Alan Levine,"2014/365/116 Hey, Dog, Bring Back My Bacon!",3579229,zufIN5J5V5WE3WQ8z8CnbQ==,https://c4.staticflickr.com/6/5306/14021440611_1075558566_z.jpg,,Bear,True
006eb694593c1fa4,train,https://farm5.staticflickr.com/5549/18818425441_90f971f73e_o.jpg,https://www.flickr.com/photos/mmorgan8186/18818425441,https://creativecommons.org/licenses/by/2.0/,https://www.flickr.com/people/mmorgan8186/,Mark Morgan,1 Salt Pond,3404293,w3Wa45Ch+1Wst1FJeoakng==,https://c3.staticflickr.com/6/5549/18818425441_db5867e52c_z.jpg,0.0,Bear,True
81ac4dbf3af47945,train,https://farm6.staticflickr.com/538/19075576199_ab16b5fa54_o.jpg,https://www.flickr.com/photos/phalinn/19075576199,https://creativecommons.org/licenses/by/2.0/,https://www.flickr.com/people/phalinn/,Phalinn Ooi,Phnom Tamao Wildlife Rescue Centre,1977128,9r/vU6jow52JH1mHQWq63A==,https://c1.staticflickr.com/1/538/19075576199_53d69f4510_z.jpg,0.0,Bear,True
fb38ddf45a39e7f6,train,https://farm7.staticflickr.com/3917/14987012736_81693882db_o.jpg,https://www.flickr.com/photos/briangratwicke/14987012736,https://creativecommons.org/licenses/by/2.0/,https://www.flickr.com/people/briangratwicke/,Brian Gratwicke,Crab-eating raccoon,4360844,60VEkMkMJXeGNShmvWv1LQ==,https://c6.staticflickr.com/4/3917/14987012736_b70f12d33e_z.jpg,0.0,Bear,True
00a771fc55b16c27,train,https://farm8.staticflickr.com/37/80337591_3ff9ef7d0f_o.jpg,https://www.flickr.com/photos/aawhitaker/80337591,https://creativecommons.org/licenses/by/2.0/,https://www.flickr.com/people/aawhitaker/,Andrew Whitaker,Sealion,163745,noM/9Poet7IU4JJhniyzPA==,https://c8.staticflickr.com/1/37/80337591_3ff9ef7d0f_z.jpg?zz=1,0.0,Bear,True
8988fb6f26be29bb,train,https://c4.staticflickr.com/8/7211/6968122232_cb1ce87b72_o.jpg,https://www.flickr.com/photos/denalinps/6968122232,https://creativecommons.org/licenses/by/2.0/,https://www.flickr.com/people/denalinps/,Denali National Park and Preserve,Grizzly Bear Drip,4097282,mNQTYxqUvxCCBR3sg8vCGw==,https://c6.staticflickr.com/8/7211/6968122232_9ce2fe2430_z.jpg,0.0,Bear,True
5339c7245198fca6,train,https://farm7.staticflickr.com/2540/4003947929_8765e1cf1a_o.jpg,https://www.flickr.com/photos/g-dzilla/4003947929,https://creativecommons.org/licenses/by/2.0/,https://www.flickr.com/people/g-dzilla/,in pastel,baby with white kitten,51862,cGSvUInhh2piVdJUnEVrHg==,,,Bear,True
000d8d947ad1f3a0,train,https://farm1.staticflickr.com/7286/8744325052_a578bd7c7f_o.jpg,https://www.flickr.com/photos/stickerkitty/8744325052,https://creativecommons.org/licenses/by/2.0/,https://www.flickr.com/people/stickerkitty/,stickerkitty&#x27;s collection,2013_hatch-slu-03_001,358395,gZtlxNDZnfBpeqjhTmmmkA==,https://c4.staticflickr.com/8/7286/8744325052_4417e067bf_z.jpg,0.0,Bear,True
011508377d36b155,train,https://farm6.staticflickr.com/8464/8149055858_ccbddc8731_o.jpg,https://www.flickr.com/photos/rusty_clark/8149055858/,https://creativecommons.org/licenses/by/2.0/,https://www.flickr.com/people/rusty_clark/,Rusty Clark - On the Air M-F 8am-noon,"Brevard Zoo, Viera FL",456721,QWQNaIEFI0lmi53lBzwfXg==,https://c7.staticflickr.com/9/8464/8149055858_2ed5afa78f_z.jpg,,Bear,True
444b0af9f30fb842,train,https://farm3.staticflickr.com/7076/7239740570_0cfd6fdf09_o.jpg,https://www.flickr.com/photos/gotovan/7239740570,https://creativecommons.org/licenses/by/2.0/,https://www.flickr.com/people/gotovan/,GoToVan,Black bears in Whistler Olympic Park,9463413,Cr9AwRtu9h5om74DPa1xxg==,https://c8.staticflickr.com/8/7076/7239740570_f32d625962_z.jpg,0.0,Bear,True
06d2b720539a8746,train,https://farm7.staticflickr.com/8292/7582703650_8d44e17b4a_o.jpg,https://www.flickr.com/photos/bp6316/7582703650/,https://creativecommons.org/licenses/by/2.0/,https://www.flickr.com/people/bp6316/,bp6316,Florida Trip June 2012,4745135,FbeKAnL8gf5t362KbKDTHA==,https://c1.staticflickr.com/9/8292/7582703650_41cc6a9e5c_z.jpg,0.0,Bear,True
c0db39124a0ba41a,train,https://c3.staticflickr.com/1/772/21966472549_afd288c42c_o.jpg,https://www.flickr.com/photos/puliarfanita/21966472549,https://creativecommons.org/licenses/by/2.0/,https://www.flickr.com/people/puliarfanita/,Anita Ritenour,Quit Shoving !,708702,67g48a2oKHYMIEKvx62ECQ==,https://c7.staticflickr.com/1/772/21966472549_32efb68939_z.jpg,0.0,Bear,True
cbe96dcc42ce31b6,train,https://farm7.staticflickr.com/3913/14281235959_9e09aae16d_o.jpg,https://www.flickr.com/photos/alaska_region/14281235959,https://creativecommons.org/licenses/by/2.0/,https://www.flickr.com/people/alaska_region/,USDA Forest Service Alaska Region,KootznoowooSalmonDinner,3745972,ydGr2OAtdTLCPzDYIhcVuQ==,https://c6.staticflickr.com/4/3913/14281235959_4d09bcdc28_z.jpg,0.0,Bear,True
008952d6bda0abd1,train,https://farm2.staticflickr.com/203/501924364_6c863bea9f_o.jpg,https://www.flickr.com/photos/azugaldia/501924364,https://creativecommons.org/licenses/by/2.0/,https://www.flickr.com/people/azugaldia/,Antonio Zugaldia,DSC01713,852848,yZtpW+kWghR8TcRZ6GAh0Q==,https://c1.staticflickr.com/1/203/501924364_f00815b1ac_z.jpg,0.0,Bear,True
01560acad5f20a51,train,https://farm2.staticflickr.com/5120/6949736414_bff5affde5_o.jpg,https://www.flickr.com/photos/hendry/6949736414,https://creativecommons.org/licenses/by/2.0/,https://www.flickr.com/people/hendry/,Kai Hendry,Old tree you can see through...,3542802,N39Qr3WIoHba/bvRtSF1Lw==,https://c7.staticflickr.com/6/5120/6949736414_8ae10f2454_z.jpg,270.0,Bear,True
d4ba220814329e23,train,https://farm4.staticflickr.com/3164/2371591478_ae4d265bb3_o.jpg,https://www.flickr.com/photos/9557815@N05/2371591478,https://creativecommons.org/licenses/by/2.0/,https://www.flickr.com/people/9557815@N05/,Abi Skipp,Bear cub at Cabarceno Zoo,401366,sukHtbKlGN6xa6L895poyQ==,https://c3.staticflickr.com/4/3164/2371591478_5c0f383ab9_z.jpg,0.0,Bear,True
4d99375c9b2382b9,train,https://c2.staticflickr.com/1/66/157064410_92ad0f24bc_o.jpg,https://www.flickr.com/photos/kyleandkelly/157064410,https://creativecommons.org/licenses/by/2.0/,https://www.flickr.com/people/kyleandkelly/,Kyle Adams,Gordy Tames the Beast,535213,NIh3AbTMiVOYJZ8oTrwE2A==,https://c1.staticflickr.com/1/66/157064410_92ad0f24bc_z.jpg,0.0,Bear,True
f377db0c6d54c2c4,train,https://farm5.staticflickr.com/2866/10103037773_e5a24bf757_o.jpg,https://www.flickr.com/photos/timothykrause/10103037773,https://creativecommons.org/licenses/by/2.0/,https://www.flickr.com/people/timothykrause/,Timothy Krause,Dancing bears,119878,b5REb7XDQZkQlBvwhUYWkw==,https://c8.staticflickr.com/3/2866/10103037773_ef3e75f546_z.jpg,0.0,Bear,True
23905664b6020f60,train,https://farm1.staticflickr.com/7031/6727614955_50d84aab36_o.jpg,https://www.flickr.com/photos/dinnerseries/6727614955/,https://creativecommons.org/licenses/by/2.0/,https://www.flickr.com/people/dinnerseries/,Didriks,Milk Chocolate Bear with Cubze,511340,7IyXmS2vfZz1/MW+KuTYjQ==,https://c8.staticflickr.com/8/7031/6727614955_b41e3303f9_z.jpg,0.0,Bear,True
9abdf147aa9949fe,train,https://c7.staticflickr.com/5/4002/5141232829_d883c58728_o.jpg,https://www.flickr.com/photos/amitp/5141232829,https://creativecommons.org/licenses/by/2.0/,https://www.flickr.com/people/amitp/,Amit Patel,Bear sighting!,980948,7f3YP9uQLGZ+oErOLaEn4w==,https://c1.staticflickr.com/5/4002/5141232829_0649058c5d_z.jpg,0.0,Bear,True
089177de5a2da538,train,https://c1.staticflickr.com/1/186/442998247_22d53d863c_o.jpg,https://www.flickr.com/photos/joyboffin/442998247,https://creativecommons.org/licenses/by/2.0/,https://www.flickr.com/people/joyboffin/,joyboffin,welcome,241396,TaT3rIrrUqGfxUJ7nZvD7A==,,,Bear,True
d5fa11405ed87eb5,train,https://farm6.staticflickr.com/8146/7697174218_097c124700_o.jpg,https://www.flickr.com/photos/84063900@N02/7697174218,https://creativecommons.org/licenses/by/2.0/,https://www.flickr.com/people/84063900@N02/,Holland And Green Architectural Design,Loft Conversion With Lots Of Sunlight,204427,WejL8+jBhbVPFvl9wnkoSA==,https://c2.staticflickr.com/9/8146/7697174218_d441df99d7_z.jpg,0.0,Bear,True
0b4065fc1e90c8a9,train,https://c2.staticflickr.com/4/3658/3477332933_01d016c7f2_o.jpg,https://www.flickr.com/photos/15546071@N04/3477332933,https://creativecommons.org/licenses/by/2.0/,https://www.flickr.com/people/15546071@N04/,Skellig2008,United Buddy Bear - Albert Einstein,3949426,/ip6wrsQKcxUjC+LUrMbRw==,https://c3.staticflickr.com/4/3658/3477332933_9072986613_z.jpg,0.0,Bear,True
525f516f8c081f0c,train,https://c5.staticflickr.com/8/7632/16772417270_f0c5dd4886_o.jpg,https://www.flickr.com/photos/tracyhunter/16772417270,https://creativecommons.org/licenses/by/2.0/,https://www.flickr.com/people/tracyhunter/,Tracy Hunter,Jane Goodalls Chimp Eden,4494655,tnSv8kRWZBETBobfsqD03g==,https://c8.staticflickr.com/8/7632/16772417270_b27b99d2f3_z.jpg,0.0,Bear,True
46aef68f98cfd826,train,https://farm7.staticflickr.com/5071/5836959589_c25b4a8293_o.jpg,https://www.flickr.com/photos/pics4dawn/5836959589,https://creativecommons.org/licenses/by/2.0/,https://www.flickr.com/people/pics4dawn/,Dawn Beattie,Rouvaishyana prior to giving out Freeman Hall scholarships at Morro Bay High School,1069342,31z52yvFSw/r4bDYKMDeSQ==,https://c2.staticflickr.com/6/5071/5836959589_14a3c027aa_z.jpg,0.0,Bear,True
67080fa2280e16c1,train,https://farm2.staticflickr.com/5242/5312236818_e7c6d240e6_o.jpg,https://www.flickr.com/photos/bakarti/5312236818,https://creativecommons.org/licenses/by/2.0/,https://www.flickr.com/people/bakarti/,Bakarti Tusuri,RicitosDoll,2409990,RhWqTojkhuvT6BpbX5Il1Q==,https://c5.staticflickr.com/6/5242/5312236818_9c3dc2fe38_z.jpg,0.0,Bear,True
78a409ebe06cbdb6,train,https://farm7.staticflickr.com/8431/7725179880_701058fddb_o.jpg,https://www.flickr.com/photos/boston_public_library/7725179880,https://creativecommons.org/licenses/by/2.0/,https://www.flickr.com/people/boston_public_library/,Boston Public Library,"Greetings from Yellowstone National Park -- Old Faithful, Great Falls and Grand Canyon, Road Beggars",1121322,tkKpZxMN5y5UQc54k492uQ==,https://c7.staticflickr.com/9/8431/7725179880_17a4fbc10d_z.jpg,,Bear,True
9a0cdc7c03bdd168,train,https://c1.staticflickr.com/4/3032/2867323120_c43a2458e6_o.jpg,https://www.flickr.com/photos/oakleyoriginals/2867323120,https://creativecommons.org/licenses/by/2.0/,https://www.flickr.com/people/oakleyoriginals/,OakleyOriginals,Slobber Kong,1589385,AP61Vicv37lZaV0RlbkGwQ==,https://c1.staticflickr.com/4/3032/2867323120_224792d8d9_z.jpg,0.0,Bear,True
007e16be6a1fba04,train,https://farm5.staticflickr.com/3929/15245609518_52aa6406c6_o.jpg,https://www.flickr.com/photos/elliotjames/15245609518,https://creativecommons.org/licenses/by/2.0/,https://www.flickr.com/people/elliotjames/,Elliot James,animals-2v2,491777,MNa3waZmzkMaRNqbX99s1w==,https://c8.staticflickr.com/4/3929/15245609518_da604ab717_z.jpg,0.0,Bear,True
bb837c5c38b2e6c0,train,https://farm1.staticflickr.com/3414/3177126914_c7212f3458_o.jpg,https://www.flickr.com/photos/bryanalexander/3177126914,https://creativecommons.org/licenses/by/2.0/,https://www.flickr.com/people/bryanalexander/,Bryan Alexander,bear bench,144778,J+2iLBjeVT3+hFNhnSRKSQ==,,,Bear,True
455e8d5f87d71e18,train,https://c1.staticflickr.com/5/4109/5004075251_0ffaf1f236_o.jpg,https://www.flickr.com/photos/rikkis_refuge/5004075251,https://creativecommons.org/licenses/by/2.0/,https://www.flickr.com/people/rikkis_refuge/,Rikki&#x27;s  Refuge,DV779479,38864,MNadeZxQek5lu5rBNtq9rw==,https://c7.staticflickr.com/5/4109/5004075251_1ff22c0645_z.jpg,0.0,Bear,True
65d352fc1cb42db9,train,https://c2.staticflickr.com/4/3374/3265140076_066f65fde8_o.jpg,https://www.flickr.com/photos/34812976@N07/3265140076,https://creativecommons.org/licenses/by/2.0/,https://www.flickr.com/people/34812976@N07/,nortoncasey67,Beanie Babies (Creative Writing),3718521,Oi2hf4XwGAgzgh5kwAMiFA==,https://c2.staticflickr.com/4/3374/3265140076_359e6cf7cb_z.jpg,0.0,Bear,True
4285322a1f5adeb8,train,https://c1.staticflickr.com/4/3292/2877698576_7cfcb601bd_o.jpg,https://www.flickr.com/photos/nostri-imago/2877698576,https://creativecommons.org/licenses/by/2.0/,https://www.flickr.com/people/nostri-imago/,Cliff,Clark's Trading Post Bear Show,254225,9UAviVYG7ALAVaPS3ovk0Q==,https://c1.staticflickr.com/4/3292/2877698576_77b7469979_z.jpg?zz=1,0.0,Bear,True
76b9cab473fcb8a2,train,https://farm3.staticflickr.com/8034/8071984930_4e64498762_o.jpg,https://www.flickr.com/photos/watershedpost/8071984930,https://creativecommons.org/licenses/by/2.0/,https://www.flickr.com/people/watershedpost/,Watershed Post,Trail cam bear.,209399,tdmtDddd/2Es1dLEHeAg2g==,,,Bear,True
41bc8a142bf8850a,train,https://c3.staticflickr.com/6/5068/5790526724_c5d2261ff7_o.jpg,https://www.flickr.com/photos/tomitapio/5790526724,https://creativecommons.org/licenses/by/2.0/,https://www.flickr.com/people/tomitapio/,Tomi Tapio K,Take care of your rear,917270,JV2eN5FgSl5g2Pl3Jt2kIA==,https://c5.staticflickr.com/6/5068/5790526724_e4e1d5d19b_z.jpg,0.0,Bear,True
03d3bd89fda8fd34,train,https://farm5.staticflickr.com/3872/15038654851_1f2d738fd3_o.jpg,https://www.flickr.com/photos/wwarby/15038654851/,https://creativecommons.org/licenses/by/2.0/,https://www.flickr.com/people/wwarby/,William Warby,Red Panda,4247960,+e846QdkfEvmtDtom3iaCg==,https://c5.staticflickr.com/4/3872/15038654851_5b86e5b6be_z.jpg,0.0,Bear,True
0010d2713899ec77,train,https://farm8.staticflickr.com/7347/14169551895_e0141ed461_o.jpg,https://www.flickr.com/photos/kmkder/14169551895,https://creativecommons.org/licenses/by/2.0/,https://www.flickr.com/people/kmkder/,yudeLin,DSCN1094,1943598,sZN4s+9tlwWP/ZgNwm0Qcg==,https://c4.staticflickr.com/8/7347/14169551895_c21426dc70_z.jpg,0.0,Bear,True
0165dbd02437a856,train,https://farm7.staticflickr.com/2529/4228398716_a2683496b2_o.jpg,https://www.flickr.com/photos/camkage/4228398716,https://creativecommons.org/licenses/by/2.0/,https://www.flickr.com/people/camkage/,Cameron Russell,Tiny Dogs Sparkle Confusion,203942,eO0rka1wB/NfumsWiobhtA==,https://c7.staticflickr.com/3/2529/4228398716_b3f0400dc6_z.jpg,0.0,Bear,True
022578a2340da05b,train,https://c4.staticflickr.com/5/4071/4568564880_3180705528_o.jpg,https://www.flickr.com/photos/briangratwicke/4568564880,https://creativecommons.org/licenses/by/2.0/,https://www.flickr.com/people/briangratwicke/,Brian Gratwicke,Collared Peccary (Pecari tajacu),3977088,GKWMvn+waJuOXmi8nQRjug==,https://c2.staticflickr.com/5/4071/4568564880_28a554bf88_z.jpg,0.0,Bear,True
94a4f4c601dd75c5,train,https://farm6.staticflickr.com/2667/4102163528_4ea4593659_o.jpg,https://www.flickr.com/photos/cyrusbulsara/4102163528,https://creativecommons.org/licenses/by/2.0/,https://www.flickr.com/people/cyrusbulsara/,cyrusbulsara,panda climbing,2485192,PC3l3rw5hfExqSERcAzNCg==,https://c3.staticflickr.com/3/2667/4102163528_8f53377fb2_z.jpg,0.0,Bear,True
18afda531d62b4c5,train,https://farm6.staticflickr.com/3877/14905490566_4756d4a303_o.jpg,https://www.flickr.com/photos/22711505@N05/14905490566,https://creativecommons.org/licenses/by/2.0/,https://www.flickr.com/people/22711505@N05/,Ron Cogswell,Panda on a Bicycle -- Mobile in Arlington County (VA) August 2014,765047,RPvxUmnb8tS1KpWZ/4MiAw==,https://c6.staticflickr.com/4/3877/14905490566_0c944227f3_z.jpg,0.0,Bear,True
00e77ee3208972d8,train,https://c1.staticflickr.com/6/5442/8785232451_0d0bf42fca_o.jpg,https://www.flickr.com/photos/dandanjones/8785232451,https://creativecommons.org/licenses/by/2.0/,https://www.flickr.com/people/dandanjones/,Daniel Jones,"Quarry cats, Front Royal, VA",1016010,6LsI+jWk7eohOSEJwB5dOA==,https://c8.staticflickr.com/6/5442/8785232451_31807fa498_z.jpg,,Bear,True
33a4f78672f617d5,train,https://farm6.staticflickr.com/3096/2556061347_e1493d6bb6_o.jpg,https://www.flickr.com/photos/27474697@N08/2556061347,https://creativecommons.org/licenses/by/2.0/,https://www.flickr.com/people/27474697@N08/,prenylastman,002508741651,172521,KjY15vHhpsapGwiEY3VMCw==,https://c1.staticflickr.com/4/3096/2556061347_be4e075da1_z.jpg?zz=1,0.0,Bear,True
840943680ed653df,train,https://c8.staticflickr.com/9/8457/8020596853_3b1e6fd7b7_o.jpg,https://www.flickr.com/photos/elbilforeningen/8020596853,https://creativecommons.org/licenses/by/2.0/,https://www.flickr.com/people/elbilforeningen/,Norsk Elbilforening,IMG_9870,4093657,Fdrug1ZsLMq+2VUX0wq+TQ==,https://c3.staticflickr.com/9/8457/8020596853_f6e7eeab47_z.jpg,0.0,Bear,True
594be9fce0586b1d,train,https://c6.staticflickr.com/1/1/4291194_dad40f4484_o.jpg,https://www.flickr.com/photos/glutnix/4291194,https://creativecommons.org/licenses/by/2.0/,https://www.flickr.com/people/glutnix/,Brett Taylor,Feed the Firefoxes,722551,qR/q9y502OnbaGmp3EUeVA==,https://c1.staticflickr.com/1/1/4291194_dad40f4484_z.jpg,0.0,Bear,True
0d075f7b4076c149,train,https://c2.staticflickr.com/4/3161/2475189275_97dfa46e65_o.jpg,https://www.flickr.com/photos/cassandra23/2475189275,https://creativecommons.org/licenses/by/2.0/,https://www.flickr.com/people/cassandra23/,*Cassandra*,Altare dell'Aria,415804,K1G3W49InoSBT2X+TysR4g==,https://c1.staticflickr.com/4/3161/2475189275_1ef04a19f5_z.jpg?zz=1,0.0,Bear,True
00961fb31e1c9bdb,train,https://c4.staticflickr.com/3/2570/3900634853_7f3b31f742_o.jpg,https://www.flickr.com/photos/bibliodyssey/3900634853,https://creativecommons.org/licenses/by/2.0/,https://www.flickr.com/people/bibliodyssey/,Paul K,Chardon - Les Fleurs Animées - JJ Grandville,2699403,agUdLINZqRYGd+LgSBmXhg==,https://c7.staticflickr.com/3/2570/3900634853_f6154ebc4e_z.jpg,0.0,Bear,True
190a7be8118045e5,train,https://farm6.staticflickr.com/3098/2728963003_d81a41efb2_o.jpg,https://www.flickr.com/photos/tmarschner/2728963003,https://creativecommons.org/licenses/by/2.0/,https://www.flickr.com/people/tmarschner/,Marshmallow,Charge!,451430,Ts/Dc+ctb/Go/Qai62ES6g==,https://c6.staticflickr.com/4/3098/2728963003_9250d13877_z.jpg?zz=1,0.0,Bear,True
0055141363d9a00e,train,https://c7.staticflickr.com/6/5585/14652747537_26a0be1ea5_o.jpg,https://www.flickr.com/photos/sarafinalps/14652747537,https://creativecommons.org/licenses/by/2.0/,https://www.flickr.com/people/sarafinalps/,Sarafina LPS,otter,26309,2LVyujQvvewWGIKr4am9YQ==,,,Bear,True
403e73e37bf29a58,train,https://c1.staticflickr.com/9/8249/8662703340_962077e1f0_o.jpg,https://www.flickr.com/photos/pixellou/8662703340,https://creativecommons.org/licenses/by/2.0/,https://www.flickr.com/people/pixellou/,Lisa Williams,Pretty panda bear,4143309,DVwooY6bhc/XfoUxji/pMg==,https://c8.staticflickr.com/9/8249/8662703340_95925cf85c_z.jpg,0.0,Bear,True
5eb67317058daeec,train,https://c5.staticflickr.com/6/5285/5217775643_634d743d58_o.jpg,https://www.flickr.com/photos/exfordy/5217775643,https://creativecommons.org/licenses/by/2.0/,https://www.flickr.com/people/exfordy/,Brian Snelson,Polar bear,475028,08g4e2Ynz8DkHgZ7SgdjrA==,https://c5.staticflickr.com/6/5285/5217775643_a392d1c9e8_z.jpg,0.0,Bear,True
1c4ffa49be11a708,train,https://c1.staticflickr.com/4/3842/14689895870_e77f4f03f0_o.jpg,https://www.flickr.com/photos/kjgarbutt/14689895870,https://creativecommons.org/licenses/by/2.0/,https://www.flickr.com/people/kjgarbutt/,Kurtis Garbutt,Gorillas at Disney's Animal Kingdom,655169,+AbPE6BrzgteDxMvgNcgtA==,https://c8.staticflickr.com/4/3842/14689895870_c032b1e1e7_z.jpg,0.0,Bear,True
005af80984044339,train,https://c2.staticflickr.com/8/7686/16458107913_eaac0ff320_o.jpg,https://www.flickr.com/photos/sinnfeinireland/16458107913,https://creativecommons.org/licenses/by/2.0/,https://www.flickr.com/people/sinnfeinireland/,Sinn Féin,Máirtín Ó Muilleoir South Belfast,7485482,TCDHZzC2kxbxil3J75Js+g==,https://c1.staticflickr.com/8/7686/16458107913_a3f7317928_z.jpg,0.0,Bear,True
0004cce4491b6b50,train,https://farm1.staticflickr.com/2734/4108494424_1fc1588054_o.jpg,https://www.flickr.com/photos/jbcurio/4108494424,https://creativecommons.org/licenses/by/2.0/,https://www.flickr.com/people/jbcurio/,Jamie,Barbapapa Window Display,2521466,rr6Kq7VwDjw9OnRDO7VWxA==,https://c7.staticflickr.com/3/2734/4108494424_3b1008431c_z.jpg,0.0,Bear,True
2960d7733e5584fa,train,https://c3.staticflickr.com/4/3218/3099744412_85743f4a7f_o.jpg,https://www.flickr.com/photos/shankbone/3099744412,https://creativecommons.org/licenses/by/2.0/,https://www.flickr.com/people/shankbone/,David Shankbone,Vartan Gregorian,378912,ccZ6HVEUV2yTbMWGTVZCow==,https://c5.staticflickr.com/4/3218/3099744412_ea705738a7_z.jpg?zz=1,0.0,Bear,True
a8153f28510c8f88,train,https://c1.staticflickr.com/3/2477/3535937843_045211c67d_o.jpg,https://www.flickr.com/photos/clurr/3535937843,https://creativecommons.org/licenses/by/2.0/,https://www.flickr.com/people/clurr/,claire rowland,kicking back,758533,L08FgHZAUToVVAVFc4v9xg==,https://c7.staticflickr.com/3/2477/3535937843_62bc45558e_z.jpg,0.0,Bear,True
00c8be6b860f574f,train,https://c8.staticflickr.com/6/5008/5284466276_169cef614d_o.jpg,https://www.flickr.com/photos/zemoufette/5284466276,https://creativecommons.org/licenses/by/2.0/,https://www.flickr.com/people/zemoufette/,ZeMoufette,Splashing Goldendoodle,2191480,O6/RaI93HzrYunUT4P0KMQ==,https://c1.staticflickr.com/6/5008/5284466276_e92f214093_z.jpg,0.0,Bear,True
8e8cb4e08aa26e7a,train,https://c3.staticflickr.com/4/3081/3141947748_1dc15820a4_o.jpg,https://www.flickr.com/photos/railstoruin/3141947748,https://creativecommons.org/licenses/by/2.0/,https://www.flickr.com/people/railstoruin/,Brian Parkinson,"CRI&P Tunnel No. 4 - Vale, MO (West Portal)",625197,V5koJRwhw1A33Rj78jrdgw==,https://c2.staticflickr.com/4/3081/3141947748_deab2bf613_z.jpg,,Bear,True
3eb7b08cb0be1020,train,https://farm1.staticflickr.com/7317/12530604263_3015a16e58_o.jpg,https://www.flickr.com/photos/rbh/12530604263,https://creativecommons.org/licenses/by/2.0/,https://www.flickr.com/people/rbh/,RichardBH,Panda,2269854,evDzlw+BQgzPCBjVkl4RwQ==,https://c2.staticflickr.com/8/7317/12530604263_cb61cec032_z.jpg,0.0,Bear,True
1cebb3724fe4d85d,train,https://c6.staticflickr.com/1/66/190736129_ed75b6e7f2_o.jpg,https://www.flickr.com/photos/shibainu/190736129,https://creativecommons.org/licenses/by/2.0/,https://www.flickr.com/people/shibainu/,shibainu,Yonda Panda,1068577,tHv0Bvrc96Lbuczioi1Xyw==,https://c7.staticflickr.com/1/66/190736129_ed75b6e7f2_z.jpg,0.0,Bear,True
0000201cd362f303,train,https://farm4.staticflickr.com/3873/14152766838_f978e4b93e_o.jpg,https://www.flickr.com/photos/visitelpaso/14152766838,https://creativecommons.org/licenses/by/2.0/,https://www.flickr.com/people/visitelpaso/,Visit El Paso,Neon Desert Music Festival 2014,6077294,83jfRg0XalNxAq4Bo5LG1g==,https://c4.staticflickr.com/4/3873/14152766838_8030725dca_z.jpg,0.0,Bear,True
58274b58df55d5b5,train,https://farm6.staticflickr.com/5539/11292938164_c8b76393e3_o.jpg,https://www.flickr.com/photos/othree/11292938164,https://creativecommons.org/licenses/by/2.0/,https://www.flickr.com/people/othree/,othree,花卉裝置藝術設計大展,7896718,UMVTanqe1mqxdUcGl7Lriw==,https://c3.staticflickr.com/6/5539/11292938164_6f4dce1a89_z.jpg,0.0,Bear,True
00a2f13540149bc5,train,https://farm6.staticflickr.com/6001/5945890230_e27ed0e6f3_o.jpg,https://www.flickr.com/photos/michael_mayer/5945890230/,https://creativecommons.org/licenses/by/2.0/,https://www.flickr.com/people/michael_mayer/,Michael Mayer,Fake train,1536317,1vgNMjUO5/kW9d1xB14XgQ==,https://c3.staticflickr.com/7/6001/5945890230_a18d395067_z.jpg,0.0,Bear,True
008f88674d881b37,train,https://farm8.staticflickr.com/8744/16649883340_581312a388_o.jpg,https://www.flickr.com/photos/franklinparklibrary/16649883340,https://creativecommons.org/licenses/by/2.0/,https://www.flickr.com/people/franklinparklibrary/,Franklin Park Library,2015 Outreach,1300106,G24ZGQbBAfBkmqITyWrxHw==,https://c4.staticflickr.com/9/8744/16649883340_732527434e_z.jpg,270.0,Bear,True
04a0793f34f9078a,train,https://c3.staticflickr.com/9/8351/8287455476_311f931cc7_o.jpg,https://www.flickr.com/photos/benpbarnett/8287455476,https://creativecommons.org/licenses/by/2.0/,https://www.flickr.com/people/benpbarnett/,Ben Barnett,What you looking at?,67382,Me5C17gzBUNRybe7voyezA==,https://c4.staticflickr.com/9/8351/8287455476_42b11b59dd_z.jpg,0.0,Bear,True
5507f64d36b14bb0,train,https://farm1.staticflickr.com/8177/7985585642_68c3b6c5b3_o.jpg,https://www.flickr.com/photos/o_0/7985585642,https://creativecommons.org/licenses/by/2.0/,https://www.flickr.com/people/o_0/,Guilhem Vellut,Save pandas @ Chambery,3219044,QjyY3Q76ZuNNdPlcQqZwJw==,https://c6.staticflickr.com/9/8177/7985585642_579b9e62c5_z.jpg,0.0,Bear,True
0031c06e519f0a96,train,https://farm7.staticflickr.com/5180/5459383641_90764ebc22_o.jpg,https://www.flickr.com/photos/martinsen-jordenrundt/5459383641,https://creativecommons.org/licenses/by/2.0/,https://www.flickr.com/people/martinsen-jordenrundt/,Birgit Juel  Martinsen,Buarbreen5,1012255,D/q4ReSB0OtMoKWdLIm/ew==,https://c4.staticflickr.com/6/5180/5459383641_60aed3aea3_z.jpg,0.0,Bear,True
0509f33fe4aa6b92,train,https://farm3.staticflickr.com/3388/3433998607_0394295992_o.jpg,https://www.flickr.com/photos/gracesmith/3433998607,https://creativecommons.org/licenses/by/2.0/,https://www.flickr.com/people/gracesmith/,Grace Smith,Swans at Cushendun Marina,1306495,PPkBWXBlG5Hos6DBCBCGJg==,https://c4.staticflickr.com/4/3388/3433998607_d58b18d705_z.jpg,0.0,Bear,True
03237ee58d16730e,train,https://c7.staticflickr.com/6/5600/15423448919_ae42bb27e8_o.jpg,https://www.flickr.com/photos/kars4kids/15423448919/,https://creativecommons.org/licenses/by/2.0/,https://www.flickr.com/people/kars4kids/,Kars4Kids Car Donation &amp; Educational Programs,IMG_2666,5316996,FdMiBCV6kdtneEQE7QEGOw==,https://c2.staticflickr.com/6/5600/15423448919_3da7e341ca_z.jpg,0.0,Bear,True
019d32b8b6837854,train,https://farm5.staticflickr.com/4046/4448496650_dcfc2b0c34_o.jpg,https://www.flickr.com/photos/54544400@N00/4448496650,https://creativecommons.org/licenses/by/2.0/,https://www.flickr.com/people/54544400@N00/,Mikael Leppä,Protected,99712,SzTae0BAIxvP/5kfPRVccA==,,,Bear,True
ac805a49d8364714,train,https://farm5.staticflickr.com/8383/8459266487_7198ebd647_o.jpg,https://www.flickr.com/photos/bakaotaku/8459266487,https://creativecommons.org/licenses/by/2.0/,https://www.flickr.com/people/bakaotaku/,Charlie,Nendoroid Monokuma,60920,KvM1jpuzz2a1AzDVW9/vjg==,https://c4.staticflickr.com/9/8383/8459266487_d2d497a39a_z.jpg,0.0,Bear,True
5581d6ae3da485ac,train,https://c5.staticflickr.com/8/7011/6749947947_6d0857077a_o.jpg,https://www.flickr.com/photos/estudiante/6749947947,https://creativecommons.org/licenses/by/2.0/,https://www.flickr.com/people/estudiante/,Dan,Sea Turtle Relaxing On Black Sand Beach,617425,EsZUikRyAG95PgmlhmZVXw==,https://c3.staticflickr.com/8/7011/6749947947_e619740674_z.jpg,0.0,Bear,True
aaf408641d082b51,train,https://farm2.staticflickr.com/6107/6316735694_204fdfd723_o.jpg,https://www.flickr.com/photos/42932834@N04/6316735694,https://creativecommons.org/licenses/by/2.0/,https://www.flickr.com/people/42932834@N04/,David Hamrick,TJIMO 2011,2710937,bcmzbBMhKqylcsXwwBNSpg==,https://c2.staticflickr.com/7/6107/6316735694_bcdfcc0e34_z.jpg,0.0,Bear,True
9497fbf98705a96a,train,https://c3.staticflickr.com/9/8599/15920504085_60e2d97fd0_o.jpg,https://www.flickr.com/photos/asintjago/15920504085,https://creativecommons.org/licenses/by/2.0/,https://www.flickr.com/people/asintjago/,Alfonso Sintjago,Deadwood - SD - 2014,7825038,Ybbqwf+8Mglk5fmi0944uw==,https://c4.staticflickr.com/9/8599/15920504085_6970f9552a_z.jpg,0.0,Bear,True
1aa33720229e5697,train,https://farm8.staticflickr.com/402/19676933709_354d5a7961_o.jpg,https://www.flickr.com/photos/cmichel67/19676933709,https://creativecommons.org/licenses/by/2.0/,https://www.flickr.com/people/cmichel67/,Christopher Michel,Polar bear on thin ice.,119562,OxuONUpK+aQit2dyNY5lEA==,https://c6.staticflickr.com/1/402/19676933709_4d3f22719e_z.jpg,0.0,Bear,True
62f5633d79e8063b,train,https://c4.staticflickr.com/7/6144/5985746260_02b2f911a8_o.jpg,https://www.flickr.com/photos/newzgirl/5985746260/,https://creativecommons.org/licenses/by/2.0/,https://www.flickr.com/people/newzgirl/,Kristin Wolff,Untitled,406574,iEq9NoVPXc9/nRGgVLsMXw==,https://c6.staticflickr.com/7/6144/5985746260_fee6b56b3f_z.jpg,0.0,Bear,True
3e0e8b029501a31e,train,https://c7.staticflickr.com/4/3157/3066811584_c516eabc5e_o.jpg,https://www.flickr.com/photos/bibliodyssey/3066811584,https://creativecommons.org/licenses/by/2.0/,https://www.flickr.com/people/bibliodyssey/,Paul K,When Christopher Robin Had Nailed It On Its Right Place,1024301,iqNNJ7BRWX9NmGyBqwhiLA==,https://c1.staticflickr.com/4/3157/3066811584_43afb2943e_z.jpg,0.0,Bear,True
000f1e3a7b269f5e,train,https://c7.staticflickr.com/9/8009/7268643562_3a1359c336_o.jpg,https://www.flickr.com/photos/biodivlibrary/7268643562,https://creativecommons.org/licenses/by/2.0/,https://www.flickr.com/people/biodivlibrary/,Biodiversity Heritage Library,n386_w1150,776677,bpcPyjiiLOHLQMquCRts0g==,https://c3.staticflickr.com/9/8009/7268643562_81e0fb7ff3_z.jpg,270.0,Bear,True
3d3cbc11141f887c,train,https://c5.staticflickr.com/1/29/48463952_b0d3861f5c_o.jpg,https://www.flickr.com/photos/katmere/48463952,https://creativecommons.org/licenses/by/2.0/,https://www.flickr.com/people/katmere/,Kate Mereand-Sinha,Do not drill ANWR,185851,WTyFgoELzeK4Yz9NPyCgOw==,https://c7.staticflickr.com/1/29/48463952_b0d3861f5c_z.jpg?zz=1,0.0,Bear,True
2774024f0e86e88a,train,https://c3.staticflickr.com/4/3759/14296043001_0fb1d3bc2c_o.jpg,https://www.flickr.com/photos/vermazeren/14296043001,https://creativecommons.org/licenses/by/2.0/,https://www.flickr.com/people/vermazeren/,Arend,Playing around 5,814240,bd1E47vjeqmai4/z+fJ6jw==,https://c6.staticflickr.com/4/3759/14296043001_dfe161b466_z.jpg,0.0,Bear,True
12d61397f8e4ecf7,train,https://farm8.staticflickr.com/37/102769783_8816243927_o.jpg,https://www.flickr.com/photos/94953676@N00/102769783,https://creativecommons.org/licenses/by/2.0/,https://www.flickr.com/people/jessicafm/,Jessica Merz,Polar bear,698521,2IP/PBquGO9BKdpYVjjeqw==,https://c5.staticflickr.com/1/37/102769783_8816243927_z.jpg,0.0,Bear,True
d2cf4f79cd9db156,train,https://farm7.staticflickr.com/3059/2460117357_020451545f_o.jpg,https://www.flickr.com/photos/jumpyjodes/2460117357,https://creativecommons.org/licenses/by/2.0/,https://www.flickr.com/people/jumpyjodes/,Jodie Wilson,snuggly sleeper,3403874,+qbH0OVV1N3zoDZq+9J3nA==,https://c8.staticflickr.com/4/3059/2460117357_f580fbe629_z.jpg,0.0,Bear,True
f47e71b7c69034f7,train,https://farm8.staticflickr.com/4002/4652299027_4137f4bde3_o.jpg,https://www.flickr.com/photos/chudo1909/4652299027,https://creativecommons.org/licenses/by/2.0/,https://www.flickr.com/people/chudo1909/,misha maslennikov,Blind bedroom,252488,S9vO98iUOwY8ZeqbA5yhdg==,https://c8.staticflickr.com/5/4002/4652299027_2ce505c697_z.jpg,0.0,Bear,True
8c696f140130d9c9,train,https://c2.staticflickr.com/1/103/250780948_523de15809_o.jpg,https://www.flickr.com/photos/bzeiss/250780948,https://creativecommons.org/licenses/by/2.0/,https://www.flickr.com/people/bzeiss/,bnz99,Relaxed bear,3826684,/BnZwXzaSQ6hJm++61HkZg==,https://c1.staticflickr.com/1/103/250780948_523de15809_z.jpg,0.0,Bear,True
c634b3c243a7c6e0,train,https://farm1.staticflickr.com/8480/8263951593_e458db2c7f_o.jpg,https://www.flickr.com/photos/zaskoda/8263951593,https://creativecommons.org/licenses/by/2.0/,https://www.flickr.com/people/zaskoda/,Zaskoda,Polar Bear Up Close,262478,oMaCdzd5rtPlhIlHLm9ZUw==,https://c1.staticflickr.com/9/8480/8263951593_0a5744c2bb_z.jpg,0.0,Bear,True
76fe7d2e63e08545,train,https://farm6.staticflickr.com/6043/6367994573_5ba798024b_o.jpg,https://www.flickr.com/photos/coolinsights/6367994573,https://creativecommons.org/licenses/by/2.0/,https://www.flickr.com/people/coolinsights/,Walter Lim,Singapore Zoo - 19 Nov,157428,GWh+lxF/BdzOM2lvvyUobA==,https://c5.staticflickr.com/7/6043/6367994573_38e7d615c9_z.jpg,0.0,Bear,True
0b711a34ac396fdc,train,https://c5.staticflickr.com/4/3382/3424052400_1d97882e4b_o.jpg,https://www.flickr.com/photos/gillpenney/3424052400,https://creativecommons.org/licenses/by/2.0/,https://www.flickr.com/people/gillpenney/,gill_penney,"Giant Panda Cub, Chengdu, Sichuan april 2009 350D 2115",3939301,V/VyibNHIjEuGwry4izjFQ==,https://c4.staticflickr.com/4/3382/3424052400_7bb996c1a8_z.jpg,,Bear,True
a92a220c72d0c510,train,https://farm1.staticflickr.com/6209/6068741822_3d4491e1ce_o.jpg,https://www.flickr.com/photos/16725630@N00/6068741822,https://creativecommons.org/licenses/by/2.0/,https://www.flickr.com/people/16725630@N00/,Matt Zimmerman,Grizzly bear Denali National Park,3745359,xl3Xrzx8r76EwM/zpQaCrQ==,https://c4.staticflickr.com/7/6209/6068741822_b740b36033_z.jpg,0.0,Bear,True
082849a1549c56b7,train,https://farm8.staticflickr.com/693/20471928170_6f2417e263_o.jpg,https://www.flickr.com/photos/usdagov/20471928170,https://creativecommons.org/licenses/by/2.0/,https://www.flickr.com/people/usdagov/,U.S. Department of Agriculture,"Visitors at the Crooked Creek Information Center in Valdez, Alaska looking at a bear and salmon",3579154,dJUeVRuJbfRC32chtTPOVA==,https://c1.staticflickr.com/1/693/20471928170_2e2a5dc97f_z.jpg,,Bear,True
0b043b1fb1d48135,train,https://farm6.staticflickr.com/3610/3461541458_11782e17d8_o.jpg,https://www.flickr.com/photos/wackyvorlon/3461541458,https://creativecommons.org/licenses/by/2.0/,https://www.flickr.com/people/wackyvorlon/,Paul Anderson,IMG_1285,539097,USuZKGOLAQClXtyaSIQxfw==,https://c7.staticflickr.com/4/3610/3461541458_3634934d22_z.jpg,0.0,Bear,True
003eae3f991df25f,train,https://c8.staticflickr.com/6/5046/5305917690_b3b977b78c_o.jpg,https://www.flickr.com/photos/29638108@N06/5305917690,https://creativecommons.org/licenses/by/2.0/,https://www.flickr.com/people/29638108@N06/,Jennifer C.,Kittens Fighting in the Bathtub,1372927,ldODUBwXBzUH1nB7o78iWA==,https://c2.staticflickr.com/6/5046/5305917690_4168edffb4_z.jpg,0.0,Bear,True
1f6bad0f9250c18c,train,https://c5.staticflickr.com/8/7054/6998547842_c604efee1f_o.jpg,https://www.flickr.com/photos/newtown_grafitti/6998547842,https://creativecommons.org/licenses/by/2.0/,https://www.flickr.com/people/newtown_grafitti/,Newtown grafitti,"Zoo, XXVI",442777,C3w7iwaXcLGViB3jVcAR7g==,https://c4.staticflickr.com/8/7054/6998547842_6f21934f5d_z.jpg,,Bear,True
43fc15a55d0b333d,train,https://c6.staticflickr.com/8/7497/15502188919_a54382999c_o.jpg,https://www.flickr.com/photos/kameyama-mie/15502188919,https://creativecommons.org/licenses/by/2.0/,https://www.flickr.com/people/kameyama-mie/,Kasadera,"Beartic in Yonezawa, Yamagata 9",5529661,wpSgbre+20KzJH82UoIRMg==,https://c7.staticflickr.com/8/7497/15502188919_cb1d414a6d_z.jpg,,Bear,True
8aeb6a0f712b3694,train,https://farm5.staticflickr.com/2882/9601687837_04070f4c37_o.jpg,https://www.flickr.com/photos/alaska_region/9601687837,https://creativecommons.org/licenses/by/2.0/,https://www.flickr.com/people/alaska_region/,USDA Forest Service Alaska Region,TNF_AnanBearViewing01,10621032,AjhGCR8BUJZqodIFPUdFLA==,https://c2.staticflickr.com/3/2882/9601687837_7f3f3734d4_z.jpg,0.0,Bear,True
081102875ba6ae37,train,https://farm8.staticflickr.com/4087/5054692377_c75160283e_o.jpg,https://www.flickr.com/photos/99624358@N00/5054692377,https://creativecommons.org/licenses/by/2.0/,https://www.flickr.com/people/99624358@N00/,Heath Alseike,Coda,2556011,iTKm7k+adiHmZaKavV18lQ==,https://c7.staticflickr.com/5/4087/5054692377_97f0781180_z.jpg,0.0,Bear,True
1a8184498d0632b0,train,https://farm1.staticflickr.com/5025/5669910314_916a94240e_o.jpg,https://www.flickr.com/photos/cletch/5669910314,https://creativecommons.org/licenses/by/2.0/,https://www.flickr.com/people/cletch/,Pat (Cletch) Williams,Saw a Bear!,121318,AvrxmYBec+cemlErlWxU1g==,https://c8.staticflickr.com/6/5025/5669910314_483fd68b14_z.jpg,0.0,Bear,True
00845017261472d4,train,https://farm5.staticflickr.com/48/137502769_200fc06163_o.jpg,https://www.flickr.com/photos/duchamp/137502769,https://creativecommons.org/licenses/by/2.0/,https://www.flickr.com/people/duchamp/,spDuchamp,Gorilla,2067458,oVKnO2YYdSAg+xsOXQpVLw==,https://c2.staticflickr.com/1/48/137502769_200fc06163_z.jpg,0.0,Bear,True
4d70ee1876a22c77,train,https://farm8.staticflickr.com/3580/3308990117_fbc479abd2_o.jpg,https://www.flickr.com/photos/telemax/3308990117,https://creativecommons.org/licenses/by/2.0/,https://www.flickr.com/people/telemax/,Tilemahos Efthimiadis,Ancient Toys,3971600,3LVpiNKIuDZXCIVtqu/fYg==,https://c3.staticflickr.com/4/3580/3308990117_97a51962ba_z.jpg,0.0,Bear,True
2d287888f2549701,train,https://farm2.staticflickr.com/4153/4835662248_39a3d561ff_o.jpg,https://www.flickr.com/photos/jitbag/4835662248,https://creativecommons.org/licenses/by/2.0/,https://www.flickr.com/people/jitbag/,jit bag,DSC_0735,749901,qltaSWNBFTJLi1CxUN78vg==,https://c6.staticflickr.com/5/4153/4835662248_40ce80f44e_z.jpg,0.0,Bear,True
1be46a4f335ea899,train,https://c2.staticflickr.com/5/4047/4333862253_3e71448b90_o.jpg,https://www.flickr.com/photos/httpwwwflickrcomphotostopend/4333862253,https://creativecommons.org/licenses/by/2.0/,https://www.flickr.com/people/httpwwwflickrcomphotostopend/,Stephen Michael Barnett,Wang Wang at Adelaide Zoo,4424649,tEIPx3dXjkaNmaPcmu39DA==,https://c6.staticflickr.com/5/4047/4333862253_47168a44e4_z.jpg,0.0,Bear,True
127bcbea7d9ac8de,train,https://c7.staticflickr.com/8/7192/13234410083_1c1909e98e_o.jpg,https://www.flickr.com/photos/robotclaw/13234410083,https://creativecommons.org/licenses/by/2.0/,https://www.flickr.com/people/robotclaw/,Steve Terrell,IMG_3867,221361,utsoB2/ll9XZwcSNCwsFJg==,https://c4.staticflickr.com/8/7192/13234410083_4b5459794c_z.jpg,0.0,Bear,True
1aa7251f00cb54d4,train,https://farm5.staticflickr.com/8142/7516268048_4883ea227d_o.jpg,https://www.flickr.com/photos/vanderworld/7516268048,https://creativecommons.org/licenses/by/2.0/,https://www.flickr.com/people/vanderworld/,vanderfrog,mordmord,144980,9Cfo3PrKrmblieTZyFomXQ==,https://c5.staticflickr.com/9/8142/7516268048_a02d4750c8_z.jpg,0.0,Bear,True
8d059ab3f1426e4c,train,https://c5.staticflickr.com/7/6218/6216707209_266e19d4ac_o.jpg,https://www.flickr.com/photos/biodivlibrary/6216707209,https://creativecommons.org/licenses/by/2.0/,https://www.flickr.com/people/biodivlibrary/,Biodiversity Heritage Library,n65_w1150,463163,AfH+/7L4KlGf3++c8Q92qA==,https://c5.staticflickr.com/7/6218/6216707209_522dc4eb26_z.jpg,0.0,Bear,True
c728b817d6e56886,train,https://farm7.staticflickr.com/7728/18174936151_63a9568c88_o.jpg,https://www.flickr.com/photos/tangi_bertin/18174936151,https://creativecommons.org/licenses/by/2.0/,https://www.flickr.com/people/tangi_bertin/,tangi bertin,Panda perché,2488510,0BVXN+urKsG96/l2+5p5NA==,https://c1.staticflickr.com/8/7728/18174936151_35fe840bd0_z.jpg,0.0,Bear,True
0004cf6960827993,train,https://farm4.staticflickr.com/2471/3889386951_dcb48c9859_o.jpg,https://www.flickr.com/photos/55953988@N00/3889386951,https://creativecommons.org/licenses/by/2.0/,https://www.flickr.com/people/55953988@N00/,Otávio Nogueira,Rio Tocantins - entre Carolina e Filadélfia,7793214,rFTjAHTMivLAXnpkhWZ4EQ==,https://c7.staticflickr.com/3/2471/3889386951_e41bd18c21_z.jpg,0.0,Bear,True
14f00e3bda389754,train,https://farm5.staticflickr.com/133/350700095_5275ed1665_o.jpg,https://www.flickr.com/photos/mape_s/350700095,https://creativecommons.org/licenses/by/2.0/,https://www.flickr.com/people/mape_s/,Marieke IJsendoorn-Kuijpers,Polar bear,432648,6s7WHnGMl8np2pOjMwABMg==,https://c1.staticflickr.com/1/133/350700095_5275ed1665_z.jpg,0.0,Bear,True
c92d9ce488608976,train,https://farm7.staticflickr.com/1290/742174888_8695659d9a_o.jpg,https://www.flickr.com/photos/amelungc/742174888,https://creativecommons.org/licenses/by/2.0/,https://www.flickr.com/people/amelungc/,Chris Amelung,DSC_0514,4462765,lea2DcR/PA9FEUZqcFIR2w==,https://c4.staticflickr.com/2/1290/742174888_0fe766ec21_z.jpg,0.0,Bear,True
cd986bf54763c632,train,https://farm3.staticflickr.com/3419/3825531696_50b3631a73_o.jpg,https://www.flickr.com/photos/wandrus/3825531696/,https://creativecommons.org/licenses/by/2.0/,https://www.flickr.com/people/wandrus/,William Andrus,Grizzly Bear,3622941,A12oDW3Evxv3A6TVIVvU0Q==,https://c5.staticflickr.com/4/3419/3825531696_e3d90785d1_z.jpg,0.0,Bear,True
804832feaf799a70,train,https://farm1.staticflickr.com/6078/6139885140_76b196219e_o.jpg,https://www.flickr.com/photos/eljay/6139885140,https://creativecommons.org/licenses/by/2.0/,https://www.flickr.com/people/eljay/,Eljay,polar bear,528214,RhWNv/c3Nv5ho52GA8gEdw==,https://c7.staticflickr.com/7/6078/6139885140_57229c08da_z.jpg,0.0,Bear,True
59476c57215694e3,train,https://farm4.staticflickr.com/3866/15178230158_e472d28cd4_o.jpg,https://www.flickr.com/photos/alaskatravelgram/15178230158,https://creativecommons.org/licenses/by/2.0/,https://www.flickr.com/people/alaskatravelgram/,Scott McMurren,2 cubs #Kaktovik,2465695,3S5KexgvwG0Rt7u4urKs/Q==,https://c1.staticflickr.com/4/3866/15178230158_3a95a30870_z.jpg,0.0,Bear,True
c76801fcc1810b72,train,https://farm3.staticflickr.com/1123/4721675332_1257ba9bf6_o.jpg,https://www.flickr.com/photos/iwona_kellie/4721675332,https://creativecommons.org/licenses/by/2.0/,https://www.flickr.com/people/iwona_kellie/,iwona_kellie,Grouse Mountain.. two orphaned grizzly bears..,2292261,IwFRUtzpMrYPdxaAK5tK5g==,https://c2.staticflickr.com/2/1123/4721675332_8d9a68f8ea_z.jpg,0.0,Bear,True
2720dbb116b955aa,train,https://c3.staticflickr.com/1/46/132297262_595ad7070d_o.jpg,https://www.flickr.com/photos/brandnewbrain/132297262,https://creativecommons.org/licenses/by/2.0/,https://www.flickr.com/people/brandnewbrain/,Oyvind Solstad,Panda in Kobe Zoo,2361307,vlOfjXH7XyFDpfLJqeNQxQ==,https://c4.staticflickr.com/1/46/132297262_595ad7070d_z.jpg,0.0,Bear,True
0312356c607c20dc,train,https://c5.staticflickr.com/3/2226/1751263156_b394073df8_o.jpg,https://www.flickr.com/photos/jitze1942/1751263156,https://creativecommons.org/licenses/by/2.0/,https://www.flickr.com/people/jitze1942/,Jitze Couperus,Salmon for lunch,470366,986ez1RhSZaMQaqC2JEA5A==,https://c7.staticflickr.com/3/2226/1751263156_d51aac7a00_z.jpg,0.0,Bear,True
af708517d5d60974,train,https://farm5.staticflickr.com/2704/4043371318_0c889be8c1_o.jpg,https://www.flickr.com/photos/merec0/4043371318/,https://creativecommons.org/licenses/by/2.0/,https://www.flickr.com/people/merec0/,merec0,PA105244,2949324,Q+tbU9yRCvFVeNdumM3hnQ==,https://c7.staticflickr.com/3/2704/4043371318_f74dd70f34_z.jpg,0.0,Bear,True
0236590cb13e54b9,train,https://c2.staticflickr.com/6/5571/15285584025_d708e46d13_o.jpg,https://www.flickr.com/photos/16725630@N00/15285584025,https://creativecommons.org/licenses/by/2.0/,https://www.flickr.com/people/16725630@N00/,Matt Zimmerman,"Water buffalo on Annapruna Base Campe trek, Nepal",6594616,gk969wm+ZBU1tzgRztIzyg==,https://c1.staticflickr.com/6/5571/15285584025_eb76b7205f_z.jpg,,Bear,True
c5ad4031553d14ed,train,https://c6.staticflickr.com/6/5584/14617803890_2ed526330b_o.jpg,https://www.flickr.com/photos/imaginecup/14617803890,https://creativecommons.org/licenses/by/2.0/,https://www.flickr.com/people/imaginecup/,ImagineCup,JBS_3232,4760354,+EQsvfb+Dqp1d8YOq4pUnw==,https://c2.staticflickr.com/6/5584/14617803890_c41ce81ce9_z.jpg,0.0,Bear,True
00dfa446549313d7,train,https://farm8.staticflickr.com/6129/5927572351_57cf3c6e0c_o.jpg,https://www.flickr.com/photos/affiliate/5927572351,https://creativecommons.org/licenses/by/2.0/,https://www.flickr.com/people/affiliate/,Shawn Collins,Matti goes out to the deeper water,959714,mJ98ziCu3EAL//ySOAOBWA==,https://c2.staticflickr.com/7/6129/5927572351_a39fb75231_z.jpg,0.0,Bear,True
03ef0ef5aa3b348e,train,https://c7.staticflickr.com/9/8629/16217875930_1bc28ffc55_o.jpg,https://www.flickr.com/photos/130995712@N05/16217875930,https://creativecommons.org/licenses/by/2.0/,https://www.flickr.com/people/130995712@N05/,Maximilian Helm,Untitled,2768034,XMxeHksXwHm99AnB57/ANw==,https://c2.staticflickr.com/9/8629/16217875930_7fec5ba248_z.jpg,0.0,Bear,True
69fc8270cee6e5bd,train,https://c6.staticflickr.com/1/78/189689253_a012b2d191_o.jpg,https://www.flickr.com/photos/robertnyman/189689253,https://creativecommons.org/licenses/by/2.0/,https://www.flickr.com/people/robertnyman/,Robert Nyman,Beijing Zoo,727687,r3iEJjk/61/lasvjConGjw==,https://c3.staticflickr.com/1/78/189689253_a012b2d191_z.jpg,0.0,Bear,True
47a1272207d9b03a,train,https://c3.staticflickr.com/1/98/215589423_3ceff91f47_o.jpg,https://www.flickr.com/photos/iurikothe/215589423,https://creativecommons.org/licenses/by/2.0/,https://www.flickr.com/people/iurikothe/,iurikothe,ac_constelacao ursa maior,472008,hPQRRiMPGyLfWaXTvusbgg==,https://c7.staticflickr.com/1/98/215589423_3ceff91f47_z.jpg?zz=1,0.0,Bear,True
01d9867ddfb7c0ab,train,https://c4.staticflickr.com/7/6211/6266114045_e266c6d3a4_o.jpg,https://www.flickr.com/photos/42409752@N07/6266114045,https://creativecommons.org/licenses/by/2.0/,https://www.flickr.com/people/42409752@N07/,amareta kelly,Grizzly Bear,85883,/HdG1B3SaOXYDEmAXRhN3A==,https://c8.staticflickr.com/7/6211/6266114045_5624c79eb9_z.jpg,0.0,Bear,True
0314faa4d29693cf,train,https://c8.staticflickr.com/1/8/10690883_1e0e251802_o.jpg,https://www.flickr.com/photos/sa_ku_ra/10690883,https://creativecommons.org/licenses/by/2.0/,https://www.flickr.com/people/sa_ku_ra/,sakura,hana,434490,AOJxlaOqfRocdzJc3THpTw==,https://c7.staticflickr.com/1/8/10690883_1e0e251802_z.jpg,0.0,Bear,True
b9b2344fd7c64652,train,https://farm3.staticflickr.com/3567/3435388764_8d42810f13_o.jpg,https://www.flickr.com/photos/34517490@N00/3435388764,https://creativecommons.org/licenses/by/2.0/,https://www.flickr.com/people/34517490@N00/,Nick,Dancing Bear,76779,2HDJRkst1VsuoRomaZyBHg==,https://c6.staticflickr.com/4/3567/3435388764_de6cf13d9d_z.jpg?zz=1,0.0,Bear,True
c4f00d867abcc087,train,https://farm8.staticflickr.com/353/17681456113_ac1b2bb658_o.jpg,https://www.flickr.com/photos/iv4quad/17681456113,https://creativecommons.org/licenses/by/2.0/,https://www.flickr.com/people/iv4quad/,John Carkeet,"Two Friends, Two Days and a Tokyo",2549995,2c2YsNVIjWV1Jqq7EQZUiA==,https://c5.staticflickr.com/1/353/17681456113_a8274d68ea_z.jpg,,Bear,True
3318730ca577f93c,train,https://c5.staticflickr.com/6/5185/5599829878_2a14caf1ac_o.jpg,https://www.flickr.com/photos/majento/5599829878,https://creativecommons.org/licenses/by/2.0/,https://www.flickr.com/people/majento/,Majento,YouTube - Xtranormal - Authorize Cuteness,36248,ltxxHPT1gA14hCLdcJoADw==,https://c4.staticflickr.com/6/5185/5599829878_3a2f4e5538_z.jpg,0.0,Bear,True
e215685b27ee9717,train,https://farm8.staticflickr.com/2700/4227003739_72138a8f40_o.jpg,https://www.flickr.com/photos/moose-berry/4227003739,https://creativecommons.org/licenses/by/2.0/,https://www.flickr.com/people/moose-berry/,mooseberry,Camel foaming at the mouth,5483506,4ndi3BS5nQXR03rYJLenCQ==,https://c5.staticflickr.com/3/2700/4227003739_d3aac0aa87_z.jpg,0.0,Bear,True
be098db0bd6867e1,train,https://farm2.staticflickr.com/5452/7153327271_6169cc38b4_o.jpg,https://www.flickr.com/photos/polarbearuprising/7153327271,https://creativecommons.org/licenses/by/2.0/,https://www.flickr.com/people/polarbearuprising/,Polar Bear Uprising Photos,Photos from Los Angeles Dance Party,134690,+VySHAi+baKtlTiRF0vRJA==,https://c3.staticflickr.com/6/5452/7153327271_d450bac5b7_z.jpg,0.0,Bear,True
5349adb6cd35de49,train,https://c2.staticflickr.com/1/101/304285623_23828dadd6_o.jpg,https://www.flickr.com/photos/hyku/304285623,https://creativecommons.org/licenses/by/2.0/,https://www.flickr.com/people/hyku/,Josh Hallett,Coca-Cola Polar Bear at Discover Mills,354226,KiuuqCICn4xS6EmVrnDg3Q==,https://c2.staticflickr.com/1/101/304285623_23828dadd6_z.jpg,0.0,Bear,True
5d94ec85faa19350,train,https://farm1.staticflickr.com/7316/8733379339_2c37d3075d_o.jpg,https://www.flickr.com/photos/sheila_sund/8733379339,https://creativecommons.org/licenses/by/2.0/,https://www.flickr.com/people/sheila_sund/,Sheila Sund,Cookie Jar,3082899,DzI5yAIGaWDWP7dm90qpgA==,https://c3.staticflickr.com/8/7316/8733379339_99938e2a57_z.jpg,0.0,Bear,True
6bf580c9bd842480,train,https://farm1.staticflickr.com/8170/8035558190_abc9254378_o.jpg,https://www.flickr.com/photos/gwp57/8035558190,https://creativecommons.org/licenses/by/2.0/,https://www.flickr.com/people/gwp57/,George Pankewytch,IMG_4221,8197426,fWfJG/dwgqc8qUVxQqoGAw==,https://c4.staticflickr.com/9/8170/8035558190_45c90b8663_z.jpg,0.0,Bear,True
0f8e263ebdde6021,train,https://farm2.staticflickr.com/126/359255632_c4b66a87cb_o.jpg,https://www.flickr.com/photos/jonmelsa/359255632/,https://creativecommons.org/licenses/by/2.0/,https://www.flickr.com/people/jonmelsa/,Jon-Eric Melsæter,Whole Lotta Bear,299909,x7SG99xnjTPzPKe1fKzJzQ==,https://c8.staticflickr.com/1/126/359255632_c4b66a87cb_z.jpg,0.0,Bear,True
be91a332bf4cca46,train,https://farm7.staticflickr.com/138/319394899_317e5621d5_o.jpg,https://www.flickr.com/photos/toasty/319394899,https://creativecommons.org/licenses/by/2.0/,https://www.flickr.com/people/toasty/,Kenneth Lu,New Lamp,158666,Y+e54YZoF0AriWCHfsuM7A==,https://c4.staticflickr.com/1/138/319394899_317e5621d5_z.jpg?zz=1,0.0,Bear,True
0236dabf4a506c6d,train,https://c6.staticflickr.com/9/8605/15990970533_1e15e018e2_o.jpg,https://www.flickr.com/photos/jeepersmedia/15990970533,https://creativecommons.org/licenses/by/2.0/,https://www.flickr.com/people/jeepersmedia/,Mike Mozart,Peeps,978470,fpf6CslKEo5Ay+gv9S7reQ==,https://c2.staticflickr.com/9/8605/15990970533_e6c4de61a8_z.jpg,0.0,Bear,True
8e734da98397c7ad,train,https://c6.staticflickr.com/6/5663/20756482258_fd4912a731_o.jpg,https://www.flickr.com/photos/ninara/20756482258,https://creativecommons.org/licenses/by/2.0/,https://www.flickr.com/people/ninara/,Ninara,IMG_4939,2912312,/qvm86PD+xY+afgMnkT+uw==,https://c1.staticflickr.com/6/5663/20756482258_2125e6a303_z.jpg,0.0,Bear,True
8a601bff4429ab37,train,https://farm8.staticflickr.com/8517/8511877898_31fe49567d_o.jpg,https://www.flickr.com/photos/66368850@N00/8511877898/,https://creativecommons.org/licenses/by/2.0/,https://www.flickr.com/people/66368850@N00/,JustinLing,Anarchopanda,2896340,bZxH+ViJpQUsKuXSq6SIUw==,https://c8.staticflickr.com/9/8517/8511877898_d6975bb653_z.jpg,0.0,Bear,True
8f1cf1f87b2e94c8,train,https://c1.staticflickr.com/9/8225/8508943569_43a416dac1_o.jpg,https://www.flickr.com/photos/bakaotaku/8508943569,https://creativecommons.org/licenses/by/2.0/,https://www.flickr.com/people/bakaotaku/,Charlie,Nendoroid Monokuma,322502,PaO0btWNBU5zzPdFOF7k8w==,https://c7.staticflickr.com/9/8225/8508943569_bbd4e9836f_z.jpg,0.0,Bear,True
dc228ced6896078d,train,https://c6.staticflickr.com/4/3748/9078472968_c5654da9bb_o.jpg,https://www.flickr.com/photos/boogafrito/9078472968,https://creativecommons.org/licenses/by/2.0/,https://www.flickr.com/people/boogafrito/,David,Toronto Zoo - Grizzly Bear (2 of 8) 3D Stereogram,226048,AY/yvgmmpyp6lyeaUzLWYg==,https://c8.staticflickr.com/4/3748/9078472968_faffaa7a3b_z.jpg,0.0,Bear,True
c89de3e17dbb10ae,train,https://c7.staticflickr.com/4/3167/2955946862_835239c90e_o.jpg,https://www.flickr.com/photos/vitike/2955946862,https://creativecommons.org/licenses/by/2.0/,https://www.flickr.com/people/vitike/,Manuel J. Prieto,IMG_4280,4676976,Z1OqOzVMpYslMwdTR/AVYQ==,https://c2.staticflickr.com/4/3167/2955946862_33faaf52eb_z.jpg,0.0,Bear,True
32460ecb1586f1ac,train,https://c5.staticflickr.com/4/3476/3862810220_225520b8f9_o.jpg,https://www.flickr.com/photos/buffawhat/3862810220,https://creativecommons.org/licenses/by/2.0/,https://www.flickr.com/people/buffawhat/,Sean-Franc Strang,Buffalo Zoo 05,1549177,uoaMTaXe4kQD5tc2+9mpUQ==,https://c1.staticflickr.com/4/3476/3862810220_6a74c6cf6b_z.jpg,0.0,Bear,True
2d95401fdd20508a,train,https://c3.staticflickr.com/1/176/452361692_1bb86ed0d9_o.jpg,https://www.flickr.com/photos/beggs/452361692/,https://creativecommons.org/licenses/by/2.0/,https://www.flickr.com/people/beggs/,Brian Jeffery Beggerly,IMG_1848,3453631,NS58UXvhhgS3raeHJ/+zUA==,https://c5.staticflickr.com/1/176/452361692_ebba8e7b61_z.jpg,0.0,Bear,True
7df0d8ac8acccbbe,train,https://c7.staticflickr.com/2/1261/580611637_c2f0c10852_o.jpg,https://www.flickr.com/photos/simon_shek/580611637,https://creativecommons.org/licenses/by/2.0/,https://www.flickr.com/people/simon_shek/,Simon Shek,熊出沒,761518,/Wh4AhlrMtk225BxSSr3Ug==,https://c7.staticflickr.com/2/1261/580611637_f74e87c0f2_z.jpg,0.0,Bear,True
c5860476db9ae851,train,https://farm2.staticflickr.com/2670/4146604043_7f3f5ac615_o.jpg,https://www.flickr.com/photos/ingermaaike2/4146604043,https://creativecommons.org/licenses/by/2.0/,https://www.flickr.com/people/ingermaaike2/,inger maaike,Charcoal dragon wrap,1546398,dKRsEApFvP4Mu2N0FkDwug==,https://c2.staticflickr.com/3/2670/4146604043_f035216d48_z.jpg,0.0,Bear,True
80ca8eb78a155ef8,train,https://c1.staticflickr.com/4/3136/2442476228_a3267246e6_o.jpg,https://www.flickr.com/photos/7326810@N08/2442476228,https://creativecommons.org/licenses/by/2.0/,https://www.flickr.com/people/7326810@N08/,Jean,If I were the Hikers I'd be going away from the bear,115751,+nP8ATbIA80kRXJIkanqpQ==,,,Bear,True
fa60883f11494dc1,train,https://farm2.staticflickr.com/8005/7140122945_9469359b9e_o.jpg,https://www.flickr.com/photos/_jwg/7140122945,https://creativecommons.org/licenses/by/2.0/,https://www.flickr.com/people/_jwg/,James Grant,Pups,91974,Esj0/jYnbZFvK/W1OwLC+Q==,https://c2.staticflickr.com/9/8005/7140122945_1db89e10fc_z.jpg,0.0,Bear,True
00648ee778a0a959,train,https://c2.staticflickr.com/9/8518/8571025490_6490335e1d_o.jpg,https://www.flickr.com/photos/jeffgunn/8571025490,https://creativecommons.org/licenses/by/2.0/,https://www.flickr.com/people/jeffgunn/,Jeff Gunn,Colorado 2013,2727358,fsEMdWxV5QlcPI6grTjGEQ==,https://c8.staticflickr.com/9/8518/8571025490_c8ace9bc23_z.jpg,0.0,Bear,True
b8ce153a19f8133a,train,https://c3.staticflickr.com/3/2878/9490082070_37cd8ee743_o.jpg,https://www.flickr.com/photos/sonstroem/9490082070,https://creativecommons.org/licenses/by/2.0/,https://www.flickr.com/people/sonstroem/,Eric Sonstroem,Icelandic Sheep,2151048,l4oQMQhnHfbnTekMRkwXwQ==,https://c3.staticflickr.com/3/2878/9490082070_be7f1c7459_z.jpg,0.0,Bear,True
bec10992539f6295,train,https://farm6.staticflickr.com/3217/2790878477_3b8883acac_o.jpg,https://www.flickr.com/photos/jetalone/2790878477,https://creativecommons.org/licenses/by/2.0/,https://www.flickr.com/people/jetalone/,Hajime NAKANO,ヒグマ遭遇(知床) Ezo Brown Bear!,200967,Pgw/e5+GA9P4+lKF3RTASQ==,https://c8.staticflickr.com/4/3217/2790878477_efe436b286_z.jpg?zz=1,0.0,Bear,True
b87ca9bc3e8e29f6,train,https://farm7.staticflickr.com/2630/4353180962_70436aaaec_o.jpg,https://www.flickr.com/photos/zionfiction/4353180962,https://creativecommons.org/licenses/by/2.0/,https://www.flickr.com/people/zionfiction/,r. nial bradshaw,sputnik,1785427,7wqBKdEUoMo8oy+bfubNuA==,https://c2.staticflickr.com/3/2630/4353180962_3d43e4bdc8_z.jpg,0.0,Bear,True
2f55d2ecd807d355,train,https://farm6.staticflickr.com/7387/15860419154_bbc6c99943_o.jpg,https://www.flickr.com/photos/oireachtas/15860419154,https://creativecommons.org/licenses/by/2.0/,https://www.flickr.com/people/oireachtas/,Houses of the Oireachtas,michael mcgrath,6227338,hMnCxC3lTG0U3A9VbOZ6dA==,https://c6.staticflickr.com/8/7387/15860419154_4fffc50b4d_z.jpg,0.0,Bear,True
9465112ad569dd9e,train,https://c7.staticflickr.com/5/4040/4654031467_d935b9e364_o.jpg,https://www.flickr.com/photos/tuchodi/4654031467,https://creativecommons.org/licenses/by/2.0/,https://www.flickr.com/people/tuchodi/,tuchodi,Bold Black Bear,452385,hmktg5Z+Byr6/4ZKDm3Vtg==,https://c8.staticflickr.com/5/4040/4654031467_4bdc5bcd47_z.jpg,0.0,Bear,True
026cf209d585f87d,train,https://c6.staticflickr.com/9/8017/7150121355_dde03a6d78_o.jpg,https://www.flickr.com/photos/ell-r-brown/7150121355,https://creativecommons.org/licenses/by/2.0/,https://www.flickr.com/people/ell-r-brown/,Elliott Brown,"Clarks Village - Street, Somerset - Orvis Barbour - bear",2507493,yPKOIfNZMmsT0pOxU6zy0w==,https://c3.staticflickr.com/9/8017/7150121355_5398577577_z.jpg,,Bear,True
cd25d1d59965b5b8,train,https://c1.staticflickr.com/8/7355/16262762118_843a16b296_o.jpg,https://www.flickr.com/photos/arkaloides/16262762118,https://creativecommons.org/licenses/by/2.0/,https://www.flickr.com/people/arkaloides/,Arkaloides**,Bears*,2991288,p7NWkiRAa8DHh+TtWkXc/Q==,https://c6.staticflickr.com/8/7355/16262762118_219a9278a1_z.jpg,0.0,Bear,True
c080ab84dbd387d5,train,https://farm6.staticflickr.com/7335/11655297833_5cd0aa5bc9_o.jpg,https://www.flickr.com/photos/briangratwicke/11655297833,https://creativecommons.org/licenses/by/2.0/,https://www.flickr.com/people/briangratwicke/,Brian Gratwicke,Mei and her panda popsicle National Zoo,4121234,nlb2NC++zFy0ih0RwtiRCg==,https://c1.staticflickr.com/8/7335/11655297833_519e84200f_z.jpg,0.0,Bear,True
cd0e7e807fc1fe05,train,https://farm6.staticflickr.com/7430/8730424481_eb5a04a0e8_o.jpg,https://www.flickr.com/photos/ume-y/8730424481,https://creativecommons.org/licenses/by/2.0/,https://www.flickr.com/people/ume-y/,ume-y,DSC00052,12877824,+rOH8q81W9DxFPh2OG/BlQ==,https://c4.staticflickr.com/8/7430/8730424481_bd42500a58_z.jpg,0.0,Bear,True
b42397202ff20827,train,https://farm8.staticflickr.com/1065/746427079_a989f360a3_o.jpg,https://www.flickr.com/photos/matthijskoster/746427079,https://creativecommons.org/licenses/by/2.0/,https://www.flickr.com/people/matthijskoster/,Matthijs Koster,Red Panda,89207,TawFY0k5JdFkMdzAzleCMQ==,https://c1.staticflickr.com/2/1065/746427079_49262dfb96_z.jpg?zz=1,0.0,Bear,True
a7c0f7e6f6961e0e,train,https://c7.staticflickr.com/6/5182/5682751828_52f832a158_o.jpg,https://www.flickr.com/photos/dirty_black_chucks/5682751828,https://creativecommons.org/licenses/by/2.0/,https://www.flickr.com/people/dirty_black_chucks/,rebecca olarte,presshush,1010285,HcwWqatLgwCOITek27J/fg==,https://c4.staticflickr.com/6/5182/5682751828_95b5eefb5a_z.jpg,0.0,Bear,True
f7f2ee98a45a56a6,train,https://farm7.staticflickr.com/7504/15794270109_86ba3d26e3_o.jpg,https://www.flickr.com/photos/rickmccharles/15794270109,https://creativecommons.org/licenses/by/2.0/,https://www.flickr.com/people/rickmccharles/,Rick McCharles,Untitled,3216179,i6wicN3c07dncqp7KXblWw==,https://c8.staticflickr.com/8/7504/15794270109_298ea7dc46_z.jpg,0.0,Bear,True
08b5d7bedcaa863a,train,https://c3.staticflickr.com/8/7522/15677959670_0eefbc0c31_o.jpg,https://www.flickr.com/photos/carbonnyc/15677959670,https://creativecommons.org/licenses/by/2.0/,https://www.flickr.com/people/carbonnyc/,David Goehring,Prowl,7906434,N8DjRYvyekyWMJ4t42BE5w==,https://c8.staticflickr.com/8/7522/15677959670_5e14cc3af1_z.jpg,0.0,Bear,True
e2a4455070b09e94,train,https://farm5.staticflickr.com/3884/14412410785_35a05562d4_o.jpg,https://www.flickr.com/photos/lecachalotrusse/14412410785/,https://creativecommons.org/licenses/by/2.0/,https://www.flickr.com/people/lecachalotrusse/,Lucy Kitsunè Mj,262-G,2211214,NtX8WKtqpKtKIjUHMO71pg==,https://c2.staticflickr.com/4/3884/14412410785_4626bc8810_z.jpg,0.0,Bear,True
e4745a37c7ebb0db,train,https://c4.staticflickr.com/6/5329/6951618736_27899b8c77_o.jpg,https://www.flickr.com/photos/bradschafer/6951618736,https://creativecommons.org/licenses/by/2.0/,https://www.flickr.com/people/bradschafer/,Brad,Bear,5970349,11xPH+gsMv7eDTpyqajJUg==,https://c8.staticflickr.com/6/5329/6951618736_88e63789f2_z.jpg,0.0,Bear,True
8dc4452f670d1094,train,https://farm5.staticflickr.com/5275/5893144727_d6757b0b41_o.jpg,https://www.flickr.com/photos/lehcar1477/5893144727,https://creativecommons.org/licenses/by/2.0/,https://www.flickr.com/people/lehcar1477/,RachelC.Photography,IMG_3060,4289573,lbZGFIiZOFSG7BSpEqNxMA==,https://c5.staticflickr.com/6/5275/5893144727_483e4278e0_z.jpg,0.0,Bear,True
2ebb4a4772d7c03a,train,https://c3.staticflickr.com/4/3761/10202688414_7276853a22_o.jpg,https://www.flickr.com/photos/gerrythomasen/10202688414,https://creativecommons.org/licenses/by/2.0/,https://www.flickr.com/people/gerrythomasen/,Gerry Thomasen,Hi-five!,4922432,KpsxJpr8mZhnzlzvO/EazA==,https://c5.staticflickr.com/4/3761/10202688414_873f2acf0c_z.jpg,0.0,Bear,True
f91eeb6b49cd3769,train,https://c2.staticflickr.com/8/7309/8715981806_bf58b95e3a_o.jpg,https://www.flickr.com/photos/gotovan/8715981806,https://creativecommons.org/licenses/by/2.0/,https://www.flickr.com/people/gotovan/,GoToVan,Black bears in Whistler Olympic Park,10277337,AGfaSCIWuxDzcHOceruBJA==,https://c8.staticflickr.com/8/7309/8715981806_a53936d494_z.jpg,0.0,Bear,True
46899e3593684419,train,https://c2.staticflickr.com/4/3056/3025468426_7834116765_o.jpg,https://www.flickr.com/photos/chris_grier/3025468426,https://creativecommons.org/licenses/by/2.0/,https://www.flickr.com/people/chris_grier/,chrisgrier,bear,2049893,1AJgWWJKOXuqMsqCOgFc/Q==,https://c2.staticflickr.com/4/3056/3025468426_dd9ab1a02f_z.jpg,0.0,Bear,True
09e0ef32de37ce6f,train,https://c8.staticflickr.com/8/7349/9717290764_41a7f2859d_o.jpg,https://www.flickr.com/photos/mk-creatures/9717290764,https://creativecommons.org/licenses/by/2.0/,https://www.flickr.com/people/mk-creatures/,Michael MK Khor,Pied Hornbill,398856,dCstyXGpXyNcYbV+4seGAQ==,https://c2.staticflickr.com/8/7349/9717290764_4c525bc0f8_z.jpg,0.0,Bear,True
24fc68dbdeb666fd,train,https://c6.staticflickr.com/7/6161/6152249465_8df811bea9_o.jpg,https://www.flickr.com/photos/dtkindler/6152249465,https://creativecommons.org/licenses/by/2.0/,https://www.flickr.com/people/dtkindler/,David Kindler,Elmari Mamishov,99427,OYPMIwIaofrqRiObmWZXcA==,https://c1.staticflickr.com/7/6161/6152249465_d40cb34170_z.jpg,0.0,Bear,True
a6188fab6beea779,train,https://c2.staticflickr.com/2/1429/1077997594_5bf50492d1_o.jpg,https://www.flickr.com/photos/stevendepolo/1077997594,https://creativecommons.org/licenses/by/2.0/,https://www.flickr.com/people/stevendepolo/,Steven Depolo,nichole lisa haloween 05 002,154622,RWjg3vH3c1ZTs33TxIQaog==,,,Bear,True
fe56e3178d7b35d7,train,https://farm8.staticflickr.com/4106/4977657616_11b480cec4_o.jpg,https://www.flickr.com/photos/48518765@N03/4977657616,https://creativecommons.org/licenses/by/2.0/,https://www.flickr.com/people/48518765@N03/,Kelly Loughlin,Animal Masks,632819,XXaL/cStsxdVlTLjYBRlgg==,https://c2.staticflickr.com/5/4106/4977657616_9cc84a2ef3_z.jpg,0.0,Bear,True
b6c7fcd6f3e17202,train,https://farm3.staticflickr.com/3467/5776233050_80fbf720e6_o.jpg,https://www.flickr.com/photos/inkdroid/5776233050,https://creativecommons.org/licenses/by/2.0/,https://www.flickr.com/people/inkdroid/,Ed Summers,Huggies,1842368,m9vyQmMyr6Knbgvj+NEMXQ==,https://c4.staticflickr.com/4/3467/5776233050_7f774a05bb_z.jpg,0.0,Bear,True
a1e673fa305a9eaf,train,https://c8.staticflickr.com/5/4094/4938752117_24e4714083_o.jpg,https://www.flickr.com/photos/16725630@N00/4938752117/,https://creativecommons.org/licenses/by/2.0/,https://www.flickr.com/people/16725630@N00/,Matt Zimmerman,Denali National Park backpacking 2010,2801709,Sgxie9dBEXt1j1Sl4aMUBA==,https://c4.staticflickr.com/5/4094/4938752117_55aef65d16_z.jpg,0.0,Bear,True
0c4745035bb60902,train,https://farm3.staticflickr.com/3343/3183871286_5e706f87a3_o.jpg,https://www.flickr.com/photos/amaynez/3183871286,https://creativecommons.org/licenses/by/2.0/,https://www.flickr.com/people/amaynez/,Armando Maynez,They just don't get it!,3040035,zBC2CooQkMXV7RfS+/9yHQ==,https://c2.staticflickr.com/4/3343/3183871286_c2e8c089bc_z.jpg,0.0,Bear,True
05d7d61e5e8a8169,train,https://c2.staticflickr.com/9/8593/15686622410_ba0aafea10_o.jpg,https://www.flickr.com/photos/lakpura/15686622410,https://creativecommons.org/licenses/by/2.0/,https://www.flickr.com/people/lakpura/,Amila Tennakoon,Wild Life Sri Lanka,75137,YgQ9/Zh8sFJiD3sMXYfimQ==,https://c3.staticflickr.com/9/8593/15686622410_b1889f397d_z.jpg,0.0,Bear,True
3fe1fb5f385489e7,train,https://farm8.staticflickr.com/7172/6469294883_e2c96e9c41_o.jpg,https://www.flickr.com/photos/rusty_clark/6469294883,https://creativecommons.org/licenses/by/2.0/,https://www.flickr.com/people/rusty_clark/,Rusty Clark - On the Air M-F 8am-noon,Black Point Wildlife Drive,428937,wSxHViPJC1WAKuyNdQGX9g==,https://c4.staticflickr.com/8/7172/6469294883_59d37ffc2b_z.jpg,0.0,Bear,True
08f88c71e6c033be,train,https://c7.staticflickr.com/1/46/146913044_f7fc67b81b_o.jpg,https://www.flickr.com/photos/greggoconnell/146913044,https://creativecommons.org/licenses/by/2.0/,https://www.flickr.com/people/greggoconnell/,Gregg O&#x27;Connell,Coke: Polar Bear,1471056,7qHrEgdI//nu8hcr3zmyfQ==,https://c6.staticflickr.com/1/46/146913044_f7fc67b81b_z.jpg,0.0,Bear,True
16559978b8293674,train,https://farm5.staticflickr.com/435/19532115519_cf8e07a4b5_o.jpg,https://www.flickr.com/photos/max-goldberg/19532115519,https://creativecommons.org/licenses/by/2.0/,https://www.flickr.com/people/max-goldberg/,Max Goldberg,Kenai Peninsula Day 2,781661,iPDyzFYWR68+UJnm750ETg==,https://c6.staticflickr.com/1/435/19532115519_a7132fafb5_z.jpg,0.0,Bear,True
14af07a7b169eb9b,train,https://c4.staticflickr.com/4/3854/14275012758_717ec254e3_o.jpg,https://www.flickr.com/photos/alaska_region/14275012758,https://creativecommons.org/licenses/by/2.0/,https://www.flickr.com/people/alaska_region/,USDA Forest Service Alaska Region,Kootznoowoo Brown Bear 8,5107206,LWmn8kVGoRO6QaG7X5w4zw==,https://c2.staticflickr.com/4/3854/14275012758_2e865f246d_z.jpg,0.0,Bear,True
00e6d310f33c2e42,train,https://farm3.staticflickr.com/33/92791314_4ffe4993e9_o.jpg,https://www.flickr.com/photos/klauspost/92791314,https://creativecommons.org/licenses/by/2.0/,https://www.flickr.com/people/klauspost/,Klaus Post,Elephant,272163,B3RmeiLh8+f9Wtk/gp3NyA==,https://c7.staticflickr.com/1/33/92791314_4ffe4993e9_z.jpg?zz=1,0.0,Bear,True
834f743880624119,train,https://c2.staticflickr.com/8/7176/6941769055_84a411972f_o.jpg,https://www.flickr.com/photos/75471828@N03/6941769055,https://creativecommons.org/licenses/by/2.0/,https://www.flickr.com/people/75471828@N03/,Ellie Attebery,Curiosity,3535774,YnqFIEYUljhyUBojJf6BuA==,https://c1.staticflickr.com/8/7176/6941769055_404ee30d14_z.jpg,0.0,Bear,True
17c823ab5eeb6a69,train,https://c2.staticflickr.com/1/343/18969677405_4068965154_o.jpg,https://www.flickr.com/photos/mypubliclands/18969677405,https://creativecommons.org/licenses/by/2.0/,https://www.flickr.com/people/mypubliclands/,Bureau  of Land Management,"My Public Lands Roadtrip: Headwaters Forest Reserve in California, Wildlife",503546,bwEcZVlSlRIRXgPsfYl8zA==,https://c3.staticflickr.com/1/343/18969677405_20ce2d5498_z.jpg,,Bear,True
955157ef4fe4631c,train,https://c5.staticflickr.com/1/592/20529383809_c3ca55f000_o.jpg,https://www.flickr.com/photos/rejohnston/20529383809,https://creativecommons.org/licenses/by/2.0/,https://www.flickr.com/people/rejohnston/,Ruth Johnston,20150512-25.jpg,8082456,QgBmrsh+pZi7bFAH9Z3F5g==,https://c4.staticflickr.com/1/592/20529383809_ba23457723_z.jpg,0.0,Bear,True
9ed366b48b2b66ae,train,https://c7.staticflickr.com/8/7285/16619340019_3fa29307bd_o.jpg,https://www.flickr.com/photos/skope-ca/16619340019,https://creativecommons.org/licenses/by/2.0/,https://www.flickr.com/people/skope-ca/,Skope Intercambio Canada,"Você sabe porque os ursos polares, que habitam a região norte do Canadá, são brancos? #turismo #travel #férias #instagood #interessante #videododia #lindo #amigos   #igers #natureza #Canada",113347,DyLx9kPR5Piq2Tn7uwMiIA==,https://c2.staticflickr.com/8/7285/16619340019_5e99f80c56_z.jpg,,Bear,True
2e9320f22875cccd,train,https://c6.staticflickr.com/6/5588/14541983867_f5503de4b5_o.jpg,https://www.flickr.com/photos/annethomas/14541983867/,https://creativecommons.org/licenses/by/2.0/,https://www.flickr.com/people/annethomas/,anne Thomas,Photo,99246,QGme535hqu97h/UKai0PVQ==,https://c8.staticflickr.com/6/5588/14541983867_18f7a70905_z.jpg,0.0,Bear,True
0a97447a4d406c9a,train,https://c3.staticflickr.com/3/2820/9946394876_7580308b7b_o.jpg,https://www.flickr.com/photos/markoknuutila/9946394876,https://creativecommons.org/licenses/by/2.0/,https://www.flickr.com/people/markoknuutila/,Marko Knuutila,Brown bear in snow,3339603,ssQxwOt92zvPEJWgLxRelw==,https://c6.staticflickr.com/3/2820/9946394876_fb4fb46f9d_z.jpg,0.0,Bear,True
0f33f2b10157367b,train,https://c4.staticflickr.com/4/3625/3634956270_a29174f562_o.jpg,https://www.flickr.com/photos/st_heave/3634956270,https://creativecommons.org/licenses/by/2.0/,https://www.flickr.com/people/st_heave/,saint heave,IMG_0261.JPG,108288,2iemeon0Pt+q5/0IRQ5cGQ==,https://c7.staticflickr.com/4/3625/3634956270_781177cb7c_z.jpg?zz=1,0.0,Bear,True
0167bc8192f03c83,train,https://farm4.staticflickr.com/7081/7268102268_d9b4fa83f3_o.jpg,https://www.flickr.com/photos/faceme/7268102268,https://creativecommons.org/licenses/by/2.0/,https://www.flickr.com/people/faceme/,FaceMePLS,'Agricola Novus',4615928,9KqXne8t1uhFXHuTtvqqJQ==,https://c5.staticflickr.com/8/7081/7268102268_1e1a07ed75_z.jpg,0.0,Bear,True
e461837f0fb35048,train,https://c1.staticflickr.com/1/162/360785808_eb43aa6e6a_o.jpg,https://www.flickr.com/photos/nadadenovo/360785808,https://creativecommons.org/licenses/by/2.0/,https://www.flickr.com/people/nadadenovo/,Naíza Vieira,Untitled,25312,f4hjorItsYtgte2LByWKJA==,,,Bear,True
0128cdf6512a2553,train,https://farm4.staticflickr.com/2948/15180712648_48cbcde102_o.jpg,https://www.flickr.com/photos/marc_smith/15180712648,https://creativecommons.org/licenses/by/2.0/,https://www.flickr.com/people/marc_smith/,Marc Smith,Panda and Kangaroo transact,2899288,Mt6PNmo7ng7lmhUFjXHkaw==,https://c1.staticflickr.com/3/2948/15180712648_b985a374ed_z.jpg,0.0,Bear,True
04af77cca5b2ba0c,train,https://c5.staticflickr.com/8/7387/9929449843_50b1268d40_o.jpg,https://www.flickr.com/photos/trondheim_byarkiv/9929449843,https://creativecommons.org/licenses/by/2.0/,https://www.flickr.com/people/trondheim_byarkiv/,Municipal Archives of Trondheim,Sirkuselefanter (1962),2788370,7YIbYToa2hJIvmBX2YLNEw==,https://c3.staticflickr.com/8/7387/9929449843_86c7e2af76_z.jpg,0.0,Bear,True
00b1a2490b8c0930,train,https://farm1.staticflickr.com/90/263092251_2c152affaf_o.jpg,https://www.flickr.com/photos/raindog808/263092251,https://creativecommons.org/licenses/by/2.0/,https://www.flickr.com/people/raindog808/,raindog808,doggy inna window stylee,319098,Ie9U19BdrMlyug1ThQinzw==,https://c1.staticflickr.com/1/90/263092251_2c152affaf_z.jpg,0.0,Bear,True
3b702d3b13c6c630,train,https://farm1.staticflickr.com/7352/12406924084_58ab42112f_o.jpg,https://www.flickr.com/photos/o_0/12406924084,https://creativecommons.org/licenses/by/2.0/,https://www.flickr.com/people/o_0/,Guilhem Vellut,Swiss Days @ Roppongi Hills,5370845,swkW6gNLNH89ZW1gU2T70A==,https://c6.staticflickr.com/8/7352/12406924084_fce2f0cbc4_z.jpg,0.0,Bear,True
cd037adca6d2c298,train,https://c1.staticflickr.com/8/7148/6842476017_78c271b8aa_o.jpg,https://www.flickr.com/photos/usfwshq/6842476017,https://creativecommons.org/licenses/by/2.0/,https://www.flickr.com/people/usfwshq/,U.S. Fish and Wildlife Service Headquarters,bear sow with salmon and cubs,4719575,K7P3SngVmMGDMfxx+9iSIg==,https://c2.staticflickr.com/8/7148/6842476017_9da02b0932_z.jpg,0.0,Bear,True
c154a1c43a814754,train,https://farm5.staticflickr.com/548/19128335656_3ce1e43920_o.jpg,https://www.flickr.com/photos/barrigoni/19128335656,https://creativecommons.org/licenses/by/2.0/,https://www.flickr.com/people/barrigoni/,HarmonyonPlanetEarth,Black Bear (yearling) |South Fork|Cave Creek|AZ | 2015-06-08at12-38-207,233000,MDcX5F9EfTgL4xYsnUAuzQ==,https://c3.staticflickr.com/1/548/19128335656_ae5782ecf0_z.jpg,0.0,Bear,True
6e72689ea763b58c,train,https://c5.staticflickr.com/6/5133/5501665904_d61d6bb6cc_o.jpg,https://www.flickr.com/photos/redpandaland/5501665904,https://creativecommons.org/licenses/by/2.0/,https://www.flickr.com/people/redpandaland/,theredpanda,Chang Tan eating bamboo,115421,lh8DnDwPGWOII98Sk1b+MA==,https://c6.staticflickr.com/6/5133/5501665904_cb705acf7e_z.jpg,0.0,Bear,True
367734a009887fe6,train,https://farm7.staticflickr.com/6035/6376322413_94a810edd2_o.jpg,https://www.flickr.com/photos/emmabishop/6376322413,https://creativecommons.org/licenses/by/2.0/,https://www.flickr.com/people/emmabishop/,Emma,Earring,1271165,UP+7lNomzw7RTkV39Paspw==,https://c2.staticflickr.com/7/6035/6376322413_94b29c8db7_z.jpg,0.0,Bear,True
db0384373b921116,train,https://farm7.staticflickr.com/1144/939253750_5c9d08ca19_o.jpg,https://www.flickr.com/photos/toasty/939253750,https://creativecommons.org/licenses/by/2.0/,https://www.flickr.com/people/toasty/,Kenneth Lu,Panda Adjustment Experiment,312578,7yH/fapKPL4mmtk9cKvN6Q==,https://c4.staticflickr.com/2/1144/939253750_847c3e8362_z.jpg,0.0,Bear,True
c087ca4f9b46b63b,train,https://c4.staticflickr.com/2/1135/1437385537_fe569a5b2c_o.jpg,https://www.flickr.com/photos/kamikura/1437385537,https://creativecommons.org/licenses/by/2.0/,https://www.flickr.com/people/kamikura/,Masaru Kamikura,Bear,1945338,CnUUrsJiA0cnUq98eYlslg==,https://c2.staticflickr.com/2/1135/1437385537_520e260c35_z.jpg,0.0,Bear,True
9b9857147c6d5178,train,https://c1.staticflickr.com/6/5489/9484420480_409a6e5221_o.jpg,https://www.flickr.com/photos/bearskinlodge/9484420480,https://creativecommons.org/licenses/by/2.0/,https://www.flickr.com/people/bearskinlodge/,Bearskin Lodge,8.2.13,404682,P+iBgaejBGoEmRb6G5KYvA==,https://c7.staticflickr.com/6/5489/9484420480_e974737e76_z.jpg,0.0,Bear,True
3d4879382be8059e,train,https://c7.staticflickr.com/1/324/19773272202_3256c3f4d4_o.jpg,https://www.flickr.com/photos/alaska_region/19773272202,https://creativecommons.org/licenses/by/2.0/,https://www.flickr.com/people/alaska_region/,USDA Forest Service Alaska Region,DSC_0555,3137525,/EnV9fnYUPjgTdcMKeitLA==,https://c5.staticflickr.com/1/324/19773272202_2b5c8858fb_z.jpg,0.0,Bear,True
0af9345e567f1b06,train,https://farm7.staticflickr.com/3802/10797571035_18c9272ba0_o.jpg,https://www.flickr.com/photos/home_of_chaos/10797571035,https://creativecommons.org/licenses/by/2.0/,https://www.flickr.com/people/home_of_chaos/,thierry ehrmann,thierry Ehrmann: No Legend by Abode of Chaos N°95,190678,YOpCWrJ4rCDKSoC5afpASw==,https://c3.staticflickr.com/4/3802/10797571035_92eed5ca8c_z.jpg,0.0,Bear,True
02d23a833120c202,train,https://farm3.staticflickr.com/5569/15050383419_cc17cf363f_o.jpg,https://www.flickr.com/photos/harlequeen/15050383419,https://creativecommons.org/licenses/by/2.0/,https://www.flickr.com/people/harlequeen/,Neil McIntosh,CambridgeFurs 09-2014 001,8317611,rUgY/7ZmaHNGeqjvF5OTCA==,https://c4.staticflickr.com/6/5569/15050383419_fd50038c25_z.jpg,0.0,Bear,True
087e2627fa9ca26d,train,https://c6.staticflickr.com/1/2/2775743_fa6bf30dd0_o.jpg,https://www.flickr.com/photos/pasfam/2775743,https://creativecommons.org/licenses/by/2.0/,https://www.flickr.com/people/pasfam/,Paul Schultz,Kodiak Bear,800721,S+6cyRa4Dp7FULjp8F169A==,https://c8.staticflickr.com/1/2/2775743_fa6bf30dd0_z.jpg,0.0,Bear,True
01cc62af4006c07c,train,https://c5.staticflickr.com/6/5050/5331018240_e42f3799c6_o.jpg,https://www.flickr.com/photos/kdinuraj/5331018240,https://creativecommons.org/licenses/by/2.0/,https://www.flickr.com/people/kdinuraj/,Dinuraj K,Wild Elephant,11714619,DEJ4o5hCkwkGi76avRIUMg==,https://c4.staticflickr.com/6/5050/5331018240_56671bc56f_z.jpg,0.0,Bear,True
988e58ac110d335b,train,https://c4.staticflickr.com/6/5574/14251067017_78511b0984_o.jpg,https://www.flickr.com/photos/befuddledsenses/14251067017,https://creativecommons.org/licenses/by/2.0/,https://www.flickr.com/people/befuddledsenses/,Luke Jones,Brown Bear  Muzzle,3822153,WeqXnu17CYdKiU9cTo+7rw==,https://c3.staticflickr.com/6/5574/14251067017_4b7cd1d02d_z.jpg,0.0,Bear,True
6b68187d68574c48,train,https://c1.staticflickr.com/2/1261/1205937611_33bd638dd4_o.jpg,https://www.flickr.com/photos/dylwalters/1205937611,https://creativecommons.org/licenses/by/2.0/,https://www.flickr.com/people/dylwalters/,Dylan Walters,DSC_0865,2858722,ELjj/8oQe1Pwe6dhwPy/sg==,https://c5.staticflickr.com/2/1261/1205937611_00c375e7fe_z.jpg,0.0,Bear,True
4a7d2a3ca0e06cc0,train,https://farm1.staticflickr.com/1392/1440728461_37c33917af_o.jpg,https://www.flickr.com/photos/26786061@N00/1440728461,https://creativecommons.org/licenses/by/2.0/,https://www.flickr.com/people/26786061@N00/,kcxd,P1010053,86631,BD+XMpBgoos9pkry919o2A==,https://c2.staticflickr.com/2/1392/1440728461_06546b9676_z.jpg?zz=1,0.0,Bear,True
029aab2bc478499c,train,https://c5.staticflickr.com/8/7100/7217885720_a4da1aa75f_o.jpg,https://www.flickr.com/photos/forestwildlife/7217885720,https://creativecommons.org/licenses/by/2.0/,https://www.flickr.com/people/forestwildlife/,Steve Hooton,Wild boar,4521984,OWCWSiYMvMH0c5VzmhjK6w==,https://c5.staticflickr.com/8/7100/7217885720_6132d945ed_z.jpg,0.0,Bear,True
ec66349ffb3791b9,train,https://c2.staticflickr.com/4/3600/3599779118_09ae23c9b1_o.jpg,https://www.flickr.com/photos/ebergquist/3599779118,https://creativecommons.org/licenses/by/2.0/,https://www.flickr.com/people/ebergquist/,Emily Bergquist,Baby Polar Bears,948562,WetRq9MOnYwuIuYolSPnuA==,https://c1.staticflickr.com/4/3600/3599779118_efb1d3c403_z.jpg,0.0,Bear,True
071d8c38e741a9eb,train,https://c4.staticflickr.com/2/1170/546220961_ce8df0e785_o.jpg,https://www.flickr.com/photos/spine/546220961,https://creativecommons.org/licenses/by/2.0/,https://www.flickr.com/people/spine/,rick,The Great Room,1708545,recZjqDREuzchOZlv6qtUg==,https://c6.staticflickr.com/2/1170/546220961_bb2993b1f0_z.jpg,0.0,Bear,True
37c243c561ae6fbf,train,https://c8.staticflickr.com/3/2454/3833038799_42fff82647_o.jpg,https://www.flickr.com/photos/agecombahia/3833038799,https://creativecommons.org/licenses/by/2.0/,https://www.flickr.com/people/agecombahia/,Fotos GOVBA,"James Correia, novo secretário de Indústria, Comércio e Mineração",419115,4e1xk9phqKka+uXdG5N12w==,https://c2.staticflickr.com/3/2454/3833038799_f6a2dd1b0f_z.jpg,,Bear,True
1f29cde9b54633ac,train,https://c5.staticflickr.com/2/1425/853545726_e8f58bc0cf_o.jpg,https://www.flickr.com/photos/klfitness/853545726,https://creativecommons.org/licenses/by/2.0/,https://www.flickr.com/people/klfitness/,Ken Liu,pandas,221569,48i2MfsK6UmKaEN0hxUjvQ==,https://c3.staticflickr.com/2/1425/853545726_35b20a0062_z.jpg?zz=1,0.0,Bear,True
0011879633d8ef0c,train,https://c5.staticflickr.com/4/3812/12278955404_412a97f932_o.jpg,https://www.flickr.com/photos/world_is_beautiful/12278955404,https://creativecommons.org/licenses/by/2.0/,https://www.flickr.com/people/world_is_beautiful/,Hasan Raza,tiny tiny,5184146,Ay/T6tVjFQrSm+loJ9/jsg==,https://c2.staticflickr.com/4/3812/12278955404_620c634253_z.jpg,0.0,Bear,True
3c5026ab1d180f8c,train,https://c5.staticflickr.com/3/2694/4035745898_0edb7d1381_o.jpg,https://www.flickr.com/photos/stuartwebster/4035745898,https://creativecommons.org/licenses/by/2.0/,https://www.flickr.com/people/stuartwebster/,Stuart Webster,Moorlands Ted,89943,PS3tn9U8mJVPlO/MI0p69A==,https://c7.staticflickr.com/3/2694/4035745898_abe4948922_z.jpg,0.0,Bear,True
00f7d2bd4a88776e,train,https://c7.staticflickr.com/1/190/478509362_52dc5863f5_o.jpg,https://www.flickr.com/photos/vroig/478509362,https://creativecommons.org/licenses/by/2.0/,https://www.flickr.com/people/vroig/,VRoig,Flicky_family (6),111686,hE/qdwvCasU0xG/en8dl7w==,,,Bear,True
48cde053dd310f9d,train,https://c6.staticflickr.com/4/3169/2779857674_f6e987d019_o.jpg,https://www.flickr.com/photos/nakae/2779857674,https://creativecommons.org/licenses/by/2.0/,https://www.flickr.com/people/nakae/,Nakae,White and Red,238032,b5G9l6LviV+D1qnHIeZnQQ==,https://c4.staticflickr.com/4/3169/2779857674_838a42f07a_z.jpg,0.0,Bear,True
b22e0dec6ceea1f0,train,https://farm1.staticflickr.com/2440/3708093499_052cf860f6_o.jpg,https://www.flickr.com/photos/gabrielgm/3708093499,https://creativecommons.org/licenses/by/2.0/,https://www.flickr.com/people/gabrielgm/,Gabriel Garcia Marengo,P1100219,1562051,GaIonWGuQ2yxFEbOtelb+g==,https://c7.staticflickr.com/3/2440/3708093499_da921789fc_z.jpg,0.0,Bear,True
0109481b07f1908a,train,https://c3.staticflickr.com/1/122/290692784_9a13a702ea_o.jpg,https://www.flickr.com/photos/playingwithpsp/290692784,https://creativecommons.org/licenses/by/2.0/,https://www.flickr.com/people/playingwithpsp/,&#x27;Playingwithbrushes&#x27;,Dogg,21245,U5V/VTTTjdNgisjjlmbn+g==,,,Bear,True
001bda125f2ec696,train,https://farm7.staticflickr.com/3636/3385894843_8e73c85e6c_o.jpg,https://www.flickr.com/photos/nostri-imago/3385894843,https://creativecommons.org/licenses/by/2.0/,https://www.flickr.com/people/nostri-imago/,Cliff,River Man with Black Cross,565429,HdMTcikrjRJoyg5YF1ZPvw==,https://c6.staticflickr.com/4/3636/3385894843_b68de52f99_z.jpg,0.0,Bear,True
d367874d39ede2dd,train,https://c6.staticflickr.com/1/111/285874783_9f0b879f11_o.jpg,https://www.flickr.com/photos/12567713@N00/285874783,https://creativecommons.org/licenses/by/2.0/,https://www.flickr.com/people/12567713@N00/,born1945,Bears and Old Car in Yellowstone National Park,305243,JMbNo0nuJb59t3H/QX+TFA==,https://c3.staticflickr.com/1/111/285874783_9f0b879f11_z.jpg,0.0,Bear,True
b48748c7418c2b79,train,https://c2.staticflickr.com/6/5558/13939519500_ac2691ee40_o.jpg,https://www.flickr.com/photos/pmuellr/13939519500,https://creativecommons.org/licenses/by/2.0/,https://www.flickr.com/people/pmuellr/,Patrick Mueller,bear,3158193,IS3LOd5QOjbB7Zvj/enxSA==,https://c2.staticflickr.com/6/5558/13939519500_fefde2111a_z.jpg,0.0,Bear,True
072391d8ba8e7a94,train,https://farm5.staticflickr.com/391/20133310530_46ca19fb5e_o.jpg,https://www.flickr.com/photos/jared422/20133310530,https://creativecommons.org/licenses/by/2.0/,https://www.flickr.com/people/jared422/,Jared,Tampa - Lowry Park Zoo - Zoominations - Panda,1591245,jwaVDuYqPUDACcXbpN8CiA==,https://c7.staticflickr.com/1/391/20133310530_7e479caeed_z.jpg,0.0,Bear,True
103dda9229970de6,train,https://farm7.staticflickr.com/2944/15136643927_07c6c8afae_o.jpg,https://www.flickr.com/photos/24062889@N00/15136643927,https://creativecommons.org/licenses/by/2.0/,https://www.flickr.com/people/24062889@N00/,loppear,"Two grizzlies at Lake Sherburne, Glacier NP",2321481,luBPhbOpJCOdUF8NpEyEoQ==,https://c7.staticflickr.com/3/2944/15136643927_dd63c7c34a_z.jpg,,Bear,True
27079bc1504db145,train,https://farm6.staticflickr.com/8842/17963176006_56bb859e79_o.jpg,https://www.flickr.com/photos/hide10/17963176006,https://creativecommons.org/licenses/by/2.0/,https://www.flickr.com/people/hide10/,Hideto KOBAYASHI,DSC08190.jpg,5350931,Leyr94w1tojSBPhrxb5Ntg==,https://c1.staticflickr.com/9/8842/17963176006_fea36b2d0c_z.jpg,0.0,Bear,True
853b84328d145634,train,https://farm5.staticflickr.com/8528/8674502088_94392b1b6d_o.jpg,https://www.flickr.com/photos/bikeman04/8674502088,https://creativecommons.org/licenses/by/2.0/,https://www.flickr.com/people/bikeman04/,Gerry Lauzon,Anarchopanda supporters,2329726,/p2YuWZirNly98lpO5ij4w==,https://c4.staticflickr.com/9/8528/8674502088_58298dba4e_z.jpg,0.0,Bear,True
f58c8825d34aba86,train,https://farm7.staticflickr.com/80/222358900_844ef4add3_o.jpg,https://www.flickr.com/photos/hisgett/222358900,https://creativecommons.org/licenses/by/2.0/,https://www.flickr.com/people/hisgett/,Tony Hisgett,BC Spirit Bear,3282719,5SOM0I1Te1y2ufylNlwsng==,https://c4.staticflickr.com/1/80/222358900_844ef4add3_z.jpg,0.0,Bear,True
3eef962612963255,train,https://farm6.staticflickr.com/733/21009240859_dd91545ab0_o.jpg,https://www.flickr.com/photos/129047484@N07/21009240859,https://creativecommons.org/licenses/by/2.0/,https://www.flickr.com/people/129047484@N07/,Jussi Hynninen,Bear,1718646,Rn+MpN8JA/WzFYvdp9hiOA==,https://c4.staticflickr.com/1/733/21009240859_5db7ff6a8e_z.jpg,0.0,Bear,True
4c487ea78aae4e4f,train,https://c8.staticflickr.com/4/3878/15131140359_6cd6a644ff_o.jpg,https://www.flickr.com/photos/sheila_sund/15131140359,https://creativecommons.org/licenses/by/2.0/,https://www.flickr.com/people/sheila_sund/,Sheila Sund,Sleep tight.jpg,6254036,D0Ui/X1ZbqhNWktS4fDEnw==,https://c5.staticflickr.com/4/3878/15131140359_076ecd4a27_z.jpg,0.0,Bear,True
0e656ab17f715b23,train,https://farm4.staticflickr.com/3395/5835544185_d9afed6716_o.jpg,https://www.flickr.com/photos/coolinsights/5835544185,https://creativecommons.org/licenses/by/2.0/,https://www.flickr.com/people/coolinsights/,Walter Lim,Wildlife in Canada,255754,srbB+zHPM0Z/l69joInWLg==,https://c4.staticflickr.com/4/3395/5835544185_7615d630cd_z.jpg,0.0,Bear,True
696de3eab44a8126,train,https://farm7.staticflickr.com/5283/5249694688_8317d664c4_o.jpg,https://www.flickr.com/photos/jaxstrong/5249694688,https://creativecommons.org/licenses/by/2.0/,https://www.flickr.com/people/jaxstrong/,JaxStrong,Florida black bear at edge of road,692879,EoAAjxzNMO7ECaaQ2veY9w==,https://c3.staticflickr.com/6/5283/5249694688_ae2b13e859_z.jpg,0.0,Bear,True
28c9dc33d81b51f2,train,https://farm3.staticflickr.com/6063/6132292966_38e83f97af_o.jpg,https://www.flickr.com/photos/su-may/6132292966,https://creativecommons.org/licenses/by/2.0/,https://www.flickr.com/people/su-may/,Su--May,Cheng Du Panda Base,67361,wZlxyJndW7Tcr5DEC1EE2g==,https://c4.staticflickr.com/7/6063/6132292966_12288d4180_z.jpg,0.0,Bear,True
0bd086a70d065c86,train,https://farm7.staticflickr.com/2082/3533408736_819fc255e6_o.jpg,https://www.flickr.com/photos/liquene/3533408736/,https://creativecommons.org/licenses/by/2.0/,https://www.flickr.com/people/liquene/,Alessandro Valli,Clementina and Jobs,5743512,ZvWnbS6DsoCmNOny8AfLZQ==,https://c8.staticflickr.com/3/2082/3533408736_2e4c50f308_z.jpg,0.0,Bear,True
52e8bc89daabae8a,train,https://c3.staticflickr.com/2/1185/591729460_4e130521a0_o.jpg,https://www.flickr.com/photos/freecat/591729460,https://creativecommons.org/licenses/by/2.0/,https://www.flickr.com/people/freecat/,José Antonio Gil Martínez,Conjunto Etnográfico de Santo Antón,943852,ykoXxQ8GnN9OgtQJ+PQJCA==,https://c1.staticflickr.com/2/1185/591729460_4b60830239_z.jpg,0.0,Bear,True
7d5fc03375b00afe,train,https://c7.staticflickr.com/1/175/395962842_94ccb02ccb_o.jpg,https://www.flickr.com/photos/veisto/395962842,https://creativecommons.org/licenses/by/2.0/,https://www.flickr.com/people/veisto/,Antti T. Nissinen,"Recycle, You Ee-diot!",6699236,5jZt/vVksIQmghm3c4mRgA==,https://c1.staticflickr.com/1/175/395962842_94ccb02ccb_z.jpg,,Bear,True
93438655ae5ef2d1,train,https://farm2.staticflickr.com/55/149002227_a67defba4f_o.jpg,https://www.flickr.com/photos/davehogg/149002227,https://creativecommons.org/licenses/by/2.0/,https://www.flickr.com/people/davehogg/,Dave Hogg,Cuddle Bears,1192362,rY9GUoRj8DIEnrR5HCqZnQ==,https://c2.staticflickr.com/1/55/149002227_a67defba4f_z.jpg,0.0,Bear,True
b3883b6f6a39a8d0,train,https://farm1.staticflickr.com/2610/4020140554_f188f80d37_o.jpg,https://www.flickr.com/photos/crestedcrazy/4020140554,https://creativecommons.org/licenses/by/2.0/,https://www.flickr.com/people/crestedcrazy/,Sheri Terris,Close-up CC Embroidery,752310,CUlSN5SB1643TXNfZAnRRA==,https://c1.staticflickr.com/3/2610/4020140554_954042944c_z.jpg,0.0,Bear,True
2fdcbec7a307d621,train,https://farm2.staticflickr.com/3595/3512867524_f8f528af0f_o.jpg,https://www.flickr.com/photos/feserc/3512867524,https://creativecommons.org/licenses/by/2.0/,https://www.flickr.com/people/feserc/,Chris Feser,Exploring,5394391,/0BNkV38DuZlRrpsYK+J3A==,https://c3.staticflickr.com/4/3595/3512867524_5bdea630c5_z.jpg,0.0,Bear,True
004d273aedc2e90f,train,https://c8.staticflickr.com/3/2305/2437683767_ddf4f3cd0e_o.jpg,https://www.flickr.com/photos/markhardie/2437683767,https://creativecommons.org/licenses/by/2.0/,https://www.flickr.com/people/markhardie/,Mark Hardie,Cougar - Weezer Poster 1,280672,lYZaW7+wAUdfntLUFTKMlg==,https://c4.staticflickr.com/3/2305/2437683767_69409ede1c_z.jpg,0.0,Bear,True
1e0795723de46f79,train,https://c2.staticflickr.com/4/3043/2664616933_b34261fa5a_o.jpg,https://www.flickr.com/photos/lora313/2664616933,https://creativecommons.org/licenses/by/2.0/,https://www.flickr.com/people/lora313/,lora_313,Panda Mom,1558278,5jP84w0sdYBjIRF0WYoiUg==,https://c3.staticflickr.com/4/3043/2664616933_4039850ea0_z.jpg,0.0,Bear,True
01f75c6d2399160a,train,https://c3.staticflickr.com/1/400/18685142752_d88f46c563_o.jpg,https://www.flickr.com/photos/pleia2/18685142752,https://creativecommons.org/licenses/by/2.0/,https://www.flickr.com/people/pleia2/,Elizabeth Krumbach Joseph,Wily has his hot chocolate #UbuntuHour,2709467,3Y8VoGVwt2wmWEIqpW8H8g==,https://c8.staticflickr.com/1/400/18685142752_cfe55f52b6_z.jpg,0.0,Bear,True
0022dc4455ecce2e,train,https://c7.staticflickr.com/9/8678/16523579046_63b867f21c_o.jpg,https://www.flickr.com/photos/yto/16523579046,https://creativecommons.org/licenses/by/2.0/,https://www.flickr.com/people/yto/,Tatsuo Yamashita,バッグインバッグ MacBook Air 13 入る,3052569,+b5TObRnnZSe9lnPygsYbw==,https://c4.staticflickr.com/9/8678/16523579046_d5294fbea3_z.jpg,0.0,Bear,True
0c18959430b90c2d,train,https://c6.staticflickr.com/1/5/8512889_4601987ba6_o.jpg,https://www.flickr.com/photos/acme/8512889,https://creativecommons.org/licenses/by/2.0/,https://www.flickr.com/people/acme/,Leon Brocard,IMG_0322,108490,kTsWujunUA9ydWXevVvAFg==,https://c7.staticflickr.com/1/5/8512889_4601987ba6_z.jpg?zz=1,0.0,Bear,True
30b6e9f678329907,train,https://farm8.staticflickr.com/2443/5750580968_ec2ea9a607_o.jpg,https://www.flickr.com/photos/jdennes/5750580968,https://creativecommons.org/licenses/by/2.0/,https://www.flickr.com/people/jdennes/,James Dennes,Blik Panda,277912,VInQKiP+U5r75W2L6zz9HA==,https://c6.staticflickr.com/3/2443/5750580968_1c478d52bb_z.jpg,0.0,Bear,True
02b17e2ad6ae7304,train,https://farm5.staticflickr.com/3049/3016903426_4dca125103_o.jpg,https://www.flickr.com/photos/nostri-imago/3016903426,https://creativecommons.org/licenses/by/2.0/,https://www.flickr.com/people/nostri-imago/,Cliff,"Carolina, Ossabaw Island Hog",446630,mjj+EquAHoVgOXcvi+zdhg==,https://c3.staticflickr.com/4/3049/3016903426_60f8c54d71_z.jpg?zz=1,,Bear,True
0a781a28e876311b,train,https://c4.staticflickr.com/2/1203/731685070_261df8dc18_o.jpg,https://www.flickr.com/photos/the_pink_princess/731685070,https://creativecommons.org/licenses/by/2.0/,https://www.flickr.com/people/the_pink_princess/,Katy,Flobo,73117,9N6HmmguQTD5Kzl0cprgkg==,https://c3.staticflickr.com/2/1203/731685070_a97746b032_z.jpg?zz=1,0.0,Bear,True
e04e9a670f05ae95,train,https://farm6.staticflickr.com/49/169660187_0429ecc572_o.jpg,https://www.flickr.com/photos/ajay/169660187,https://creativecommons.org/licenses/by/2.0/,https://www.flickr.com/people/ajay/,Ajay,Oh! I forgot the keys again!,507339,+wRC5pUWFzpYEAM7cHlncA==,https://c2.staticflickr.com/1/49/169660187_0429ecc572_z.jpg,0.0,Bear,True
3f883da1c03648df,train,https://c8.staticflickr.com/4/3172/2958281379_faf6d855fe_o.jpg,https://www.flickr.com/photos/7326810@N08/2958281379,https://creativecommons.org/licenses/by/2.0/,https://www.flickr.com/people/7326810@N08/,Jean,Grizzly Bear,356472,QCGU96RNmYRUgSZPHkK5Hw==,https://c4.staticflickr.com/4/3172/2958281379_4f0e7901ca_z.jpg,0.0,Bear,True
03a022112ab36e71,train,https://farm2.staticflickr.com/7117/7667874088_c646efea4b_o.jpg,https://www.flickr.com/photos/jdhancock/7667874088,https://creativecommons.org/licenses/by/2.0/,https://www.flickr.com/people/jdhancock/,JD Hancock,Super Blast Donkey Kong,1498350,uMC7jKezOtB4t5opjq20XA==,https://c1.staticflickr.com/8/7117/7667874088_2f677acf06_z.jpg,0.0,Bear,True
7f8efc2cb5088f08,train,https://c1.staticflickr.com/3/2440/3581485643_b0dae067fe_o.jpg,https://www.flickr.com/photos/nostri-imago/3581485643,https://creativecommons.org/licenses/by/2.0/,https://www.flickr.com/people/nostri-imago/,Cliff,Sloth Bear (Melursus ursinus),393574,cDF02n53vyWCCQk3gMFpAA==,https://c2.staticflickr.com/3/2440/3581485643_da499356ec_z.jpg,0.0,Bear,True
6afe20dcc7431c0b,train,https://c4.staticflickr.com/3/2768/4523625265_b727e85a45_o.jpg,https://www.flickr.com/photos/morristownnps/4523625265,https://creativecommons.org/licenses/by/2.0/,https://www.flickr.com/people/morristownnps/,Morristown National Historical Park,Black bear at Jockey Hollow,2833172,xnyxGYAk3wYdW9jaWu7TeQ==,https://c5.staticflickr.com/3/2768/4523625265_a8c845513d_z.jpg,0.0,Bear,True
48da25a89f4af9ed,train,https://c6.staticflickr.com/9/8310/7956364766_4bf62b718e_o.jpg,https://www.flickr.com/photos/denalinps/7956364766,https://creativecommons.org/licenses/by/2.0/,https://www.flickr.com/people/denalinps/,Denali National Park and Preserve,Springer Grizzly Cub,11620418,527w/46241xbTWMRaZ/XjQ==,https://c2.staticflickr.com/9/8310/7956364766_cb51a02c18_z.jpg,0.0,Bear,True
0000048549557964,train,https://farm5.staticflickr.com/5582/18233009494_029b52ca79_o.jpg,https://www.flickr.com/photos/45909111@N00/18233009494,https://creativecommons.org/licenses/by/2.0/,https://www.flickr.com/people/45909111@N00/,Gwydion M. Williams,2015_06_100015,1282717,bIoO16vdUB8MpG+Wbe1bxw==,https://c8.staticflickr.com/6/5582/18233009494_9a56f8900d_z.jpg,0.0,Bear,True
01914df4f981fd8c,train,https://c5.staticflickr.com/9/8074/8429341519_3d335b57e5_o.jpg,https://www.flickr.com/photos/mendez_hernandez/8429341519,https://creativecommons.org/licenses/by/2.0/,https://www.flickr.com/people/mendez_hernandez/,David Leonardo Méndez Hernández,Acuarela,2204211,JrB5J4yagCRj7hCmltfnrg==,https://c1.staticflickr.com/9/8074/8429341519_5a3c9775c8_z.jpg,0.0,Bear,True
0522fce6788f273e,train,https://c7.staticflickr.com/1/32/50927039_0abbacc7cf_o.jpg,https://www.flickr.com/photos/ansik/50927039,https://creativecommons.org/licenses/by/2.0/,https://www.flickr.com/people/ansik/,Anssi Koskinen,karhuparkki?,320843,aaU18deZAztQtYAqBNtziA==,https://c4.staticflickr.com/1/32/50927039_0abbacc7cf_z.jpg,0.0,Bear,True
7b78b668fecff0a4,train,https://c3.staticflickr.com/4/3267/2878109874_6c1ac6385d_o.jpg,https://www.flickr.com/photos/22244945@N00/2878109874,https://creativecommons.org/licenses/by/2.0/,https://www.flickr.com/people/22244945@N00/,Erik Fitzpatrick,Teddy at Fort Point under the Golden Gate Bridge,1571948,S3K9v4u+Wk1DD4WSD5+N1g==,https://c8.staticflickr.com/4/3267/2878109874_706beb5603_z.jpg,0.0,Bear,True
c95306600fe94e65,train,https://farm6.staticflickr.com/2676/4237910891_5731a7b9fc_o.jpg,https://www.flickr.com/photos/maveric2003/4237910891,https://creativecommons.org/licenses/by/2.0/,https://www.flickr.com/people/maveric2003/,Eric Chan,California Grizzlies: all gone,1577998,3aDTWZUp2YASgykhIcNxHQ==,https://c4.staticflickr.com/3/2676/4237910891_fa199784c4_z.jpg,0.0,Bear,True
000907815d95449f,train,https://c8.staticflickr.com/2/1273/1141481325_68cddfeecf_o.jpg,https://www.flickr.com/photos/7326810@N08/1141481325,https://creativecommons.org/licenses/by/2.0/,https://www.flickr.com/people/7326810@N08/,Jean,Malayan Flying Fox,66142,8Qv/H9EpuK1GiTsSBXx8Tg==,https://c3.staticflickr.com/2/1273/1141481325_e8e6f70754_z.jpg?zz=1,0.0,Bear,True
01d6d1dc6109a108,train,https://c1.staticflickr.com/8/7497/15731292387_fc3f82bf89_o.jpg,https://www.flickr.com/photos/24900086@N02/15731292387,https://creativecommons.org/licenses/by/2.0/,https://www.flickr.com/people/24900086@N02/,Antonio Correa,Dente de Leão,1096694,fAXoefHjzstdFu+EugVzWg==,https://c2.staticflickr.com/8/7497/15731292387_a4954f488c_z.jpg,0.0,Bear,True
710961d7f3c3a096,train,https://farm7.staticflickr.com/3236/2478623520_3378174455_o.jpg,https://www.flickr.com/photos/barretthall/2478623520,https://creativecommons.org/licenses/by/2.0/,https://www.flickr.com/people/barretthall/,popofatticus,panda gaze,1971814,HjCmctoNAnLY9/YhpFk7Kg==,https://c3.staticflickr.com/4/3236/2478623520_ce2a441793_z.jpg,0.0,Bear,True
fa8c892f55d47698,train,https://c1.staticflickr.com/8/7190/6893887819_354674d7d2_o.jpg,https://www.flickr.com/photos/usfwshq/6893887819,https://creativecommons.org/licenses/by/2.0/,https://www.flickr.com/people/usfwshq/,U.S. Fish and Wildlife Service Headquarters,egrets,355005,Y1uI0ypqzzOczNWEqiTiAg==,https://c5.staticflickr.com/8/7190/6893887819_a1ccf9e70a_z.jpg,0.0,Bear,True
02351e9a24ecae6a,train,https://c3.staticflickr.com/8/7389/11502247225_7dbed2811a_o.jpg,https://www.flickr.com/photos/12587661@N06/11502247225,https://creativecommons.org/licenses/by/2.0/,https://www.flickr.com/people/12587661@N06/,Michael Gwyther-Jones,Giant Panda @ Singapore River Safari,4661857,HGXwqhI+R1npwdOp4ezznA==,https://c1.staticflickr.com/8/7389/11502247225_4f89bb70e6_z.jpg,0.0,Bear,True
853bcf69a9c8b4a0,train,https://farm1.staticflickr.com/3017/2296861231_8a086e654d_o.jpg,https://www.flickr.com/photos/mokaiwen/2296861231,https://creativecommons.org/licenses/by/2.0/,https://www.flickr.com/people/mokaiwen/,Kevin Bowman,"Panda Statue - National Zoo - Washington, DC",586319,VtVfhkgcOccUXofys1sK+A==,https://c2.staticflickr.com/4/3017/2296861231_13e8fa22a9_z.jpg,,Bear,True
6529787048983994,train,https://farm5.staticflickr.com/3270/2770844511_ebf2ee3466_o.jpg,https://www.flickr.com/photos/snappa2006/2770844511,https://creativecommons.org/licenses/by/2.0/,https://www.flickr.com/people/snappa2006/,SNappa2006,Marmotte,3316520,u5BvUKxOlDPr9vNw0ucOfA==,https://c3.staticflickr.com/4/3270/2770844511_1698bb322a_z.jpg,0.0,Bear,True
0940914ad9ae9006,train,https://farm7.staticflickr.com/8143/7486795026_120eebed69_o.jpg,https://www.flickr.com/photos/66965313@N02/7486795026/,https://creativecommons.org/licenses/by/2.0/,https://www.flickr.com/people/66965313@N02/,Greenpeace Birmingham &amp; Black Country,IMG_0096,3166539,mfsMSg7XL8ieHIVI90Ovnw==,https://c2.staticflickr.com/9/8143/7486795026_45bc2d347a_z.jpg,0.0,Bear,True
cfb882e93bfac1b9,train,https://c2.staticflickr.com/5/4020/4658571606_649a7703f9_o.jpg,https://www.flickr.com/photos/castle_life/4658571606,https://creativecommons.org/licenses/by/2.0/,https://www.flickr.com/people/castle_life/,Barry Pousman,Vermont - On the hike,5876266,DExFJZCC7ZdUJNgncKf9RA==,https://c7.staticflickr.com/5/4020/4658571606_8eebd31317_z.jpg,0.0,Bear,True
00006f304dd2d92d,train,https://c6.staticflickr.com/9/8279/8754650331_18bb51ef11_o.jpg,https://www.flickr.com/photos/sivvamyndir/8754650331,https://creativecommons.org/licenses/by/2.0/,https://www.flickr.com/people/sivvamyndir/,Sivva Eysteins,Norge Útey,12091647,9J/0cy+Wz0eoFN6Densrzw==,https://c4.staticflickr.com/9/8279/8754650331_9af5864222_z.jpg,0.0,Bear,True
942152e6e6aba67a,train,https://c3.staticflickr.com/9/8246/8455638512_064c9a957e_o.jpg,https://www.flickr.com/photos/shankaronline/8455638512,https://creativecommons.org/licenses/by/2.0/,https://www.flickr.com/people/shankaronline/,shankar s.,Kodiak Bear,2490607,Hgzuz2XDnCxWgB+zLFCzjA==,https://c8.staticflickr.com/9/8246/8455638512_bf9617c169_z.jpg,0.0,Bear,True
8f40f2774df5bd12,train,https://farm3.staticflickr.com/2531/4043438324_d368586bd5_o.jpg,https://www.flickr.com/photos/cherrysweetdeal/4043438324,https://creativecommons.org/licenses/by/2.0/,https://www.flickr.com/people/cherrysweetdeal/,Cherrysweetdeal,Story of a Lonely Bear,1037376,d9lXpPz/vA5pOggIEw4hsA==,https://c4.staticflickr.com/3/2531/4043438324_b05eb511b9_z.jpg,0.0,Bear,True
050fa018ad440cde,train,https://c7.staticflickr.com/1/84/261313874_eeeee1b73b_o.jpg,https://www.flickr.com/photos/paulmannix/261313874,https://creativecommons.org/licenses/by/2.0/,https://www.flickr.com/people/paulmannix/,Paul Mannix,"Bear, Vancouver, Canada",2598107,wH1/j7tAWD72FJN1iMicYw==,https://c4.staticflickr.com/1/84/261313874_eeeee1b73b_z.jpg,,Bear,True
0010618063851449,train,https://c2.staticflickr.com/4/3767/10841808326_bbbecc6398_o.jpg,https://www.flickr.com/photos/70251312@N00/10841808326,https://creativecommons.org/licenses/by/2.0/,https://www.flickr.com/people/70251312@N00/,Wystan,"Ann Arbor factory outlook, 1913.",133494,abHoa6iu+emEHxbW7PwUlA==,https://c4.staticflickr.com/4/3767/10841808326_b29f8d9ea1_z.jpg,,Bear,True
00007902a7b96e8c,train,https://c5.staticflickr.com/3/2728/4428641720_0ac9908cb5_o.jpg,https://www.flickr.com/photos/infrogmation/4428641720,https://creativecommons.org/licenses/by/2.0/,https://www.flickr.com/people/infrogmation/,Infrogmation of New Orleans,Wait Octavia Amy D Crouch Cropped,627760,poFPzc8v07/qFN5PtisNOg==,https://c7.staticflickr.com/3/2728/4428641720_92e919f3e7_z.jpg,0.0,Bear,True
13c874d5eb7414a7,train,https://farm8.staticflickr.com/7117/7026769083_5f5c8a3667_o.jpg,https://www.flickr.com/photos/nickwebb/7026769083,https://creativecommons.org/licenses/by/2.0/,https://www.flickr.com/people/nickwebb/,Nick Webb,Red panda,4043669,F0E0+utlw1nh+UbJrgGYxw==,https://c2.staticflickr.com/8/7117/7026769083_72f4744b91_z.jpg,0.0,Bear,True
6eead4cb813ac500,train,https://farm1.staticflickr.com/98/241928814_75bd2d0f52_o.jpg,https://www.flickr.com/photos/scottkeddy/241928814,https://creativecommons.org/licenses/by/2.0/,https://www.flickr.com/people/scottkeddy/,skeddy in NYC,self-portrait II,154299,WCM3m5Gxd2PsN1/wE/u5rw==,https://c7.staticflickr.com/1/98/241928814_75bd2d0f52_z.jpg?zz=1,0.0,Bear,True
04a850d5a03bc380,train,https://farm1.staticflickr.com/3183/2586134956_58b349ca09_o.jpg,https://www.flickr.com/photos/fundenburg/2586134956/,https://creativecommons.org/licenses/by/2.0/,https://www.flickr.com/people/fundenburg/,Paul Fundenburg,Buffaloes,1242292,bFFXAa6zR/BiGMU9Ngx0/w==,https://c2.staticflickr.com/4/3183/2586134956_a3fc454604_z.jpg,0.0,Bear,True
8bf54049e196b535,train,https://farm6.staticflickr.com/6012/5927110145_80e42e69bc_o.jpg,https://www.flickr.com/photos/lyng883/5927110145,https://creativecommons.org/licenses/by/2.0/,https://www.flickr.com/people/lyng883/,Lyn Gateley,100_0774,1155516,gm9onFPFScSDCDvw8muxCQ==,https://c2.staticflickr.com/7/6012/5927110145_134d148407_z.jpg,0.0,Bear,True
f03c4f142bbc224e,train,https://c7.staticflickr.com/8/7095/7138581267_1005dae0bb_o.jpg,https://www.flickr.com/photos/emrank/7138581267,https://creativecommons.org/licenses/by/2.0/,https://www.flickr.com/people/emrank/,Emran Kassim,"Higashiyama Zoo, Nagoya - 東山動物園",5027821,kAXTuPJGQQjOKIK5vApFkQ==,https://c6.staticflickr.com/8/7095/7138581267_9e4cfc05ef_z.jpg,,Bear,True
00e38e4fca4d4800,train,https://farm1.staticflickr.com/3628/3406314361_f558f87ce3_o.jpg,https://www.flickr.com/photos/danielvoyager/3406314361,https://creativecommons.org/licenses/by/2.0/,https://www.flickr.com/people/danielvoyager/,Daniel  Voyager,Panda sees Easter Eggs,114747,voncbUdgSMI1jfuqqFG3dA==,https://c5.staticflickr.com/4/3628/3406314361_e805f24a53_z.jpg?zz=1,0.0,Bear,True
05c8abd81eecc100,train,https://farm1.staticflickr.com/1076/934425148_ecee692579_o.jpg,https://www.flickr.com/photos/phalinn/934425148,https://creativecommons.org/licenses/by/2.0/,https://www.flickr.com/people/phalinn/,Phalinn Ooi,Wrinkled Hornbill,905935,bkDGz+FjA7yx9bgG/bArow==,https://c8.staticflickr.com/2/1076/934425148_e35678f5e6_z.jpg,0.0,Bear,True
4700275e449e084a,train,https://c3.staticflickr.com/4/3558/3287897401_c4395c613c_o.jpg,https://www.flickr.com/photos/lyng883/3287897401,https://creativecommons.org/licenses/by/2.0/,https://www.flickr.com/people/lyng883/,Lyn Gateley,DSC00226 (2)-Sea Otters,548434,8Nv0HQKAddYciEreSJB+4w==,https://c8.staticflickr.com/4/3558/3287897401_a293c02fe7_z.jpg?zz=1,0.0,Bear,True
a74996d634bfa13f,train,https://c8.staticflickr.com/1/14/14529066_542eaddc64_o.jpg,https://www.flickr.com/photos/sis/14529066/,https://creativecommons.org/licenses/by/2.0/,https://www.flickr.com/people/sis/,Jackie,Not Scared Of You,697453,Z8vcDh9PZjhuTT29DKq+KQ==,https://c3.staticflickr.com/1/14/14529066_542eaddc64_z.jpg?zz=1,0.0,Bear,True
013aeee02fc1aaca,train,https://c3.staticflickr.com/5/4005/4425058801_0cb98798f8_o.jpg,https://www.flickr.com/photos/clairity/4425058801,https://creativecommons.org/licenses/by/2.0/,https://www.flickr.com/people/clairity/,Sharon Mollerus,Polar Whites,3619548,By7rTtABwTgUziy+M+AO4w==,https://c3.staticflickr.com/5/4005/4425058801_401b522c38_z.jpg,0.0,Bear,True
000d4bba88e330e1,train,https://farm2.staticflickr.com/3710/11644447156_11e19cf159_o.jpg,https://www.flickr.com/photos/flowcomm/11644447156,https://creativecommons.org/licenses/by/2.0/,https://www.flickr.com/people/flowcomm/,flowcomm,Leopard 6,12931140,HgNxnHggodNOezyCR8Bjtw==,https://c3.staticflickr.com/4/3710/11644447156_12c7c3565a_z.jpg,0.0,Bear,True
0397ff3116cd43ef,train,https://c8.staticflickr.com/8/7602/16972519569_d18daf5690_o.jpg,https://www.flickr.com/photos/sparkfun/16972519569,https://creativecommons.org/licenses/by/2.0/,https://www.flickr.com/people/sparkfun/,SparkFun Electronics,Chibitronics Circuit Stickers - LED Effects Add-On Kit,107189,NdZJtprdSa8uGoavcFgGrw==,https://c6.staticflickr.com/8/7602/16972519569_d05be87c67_z.jpg,0.0,Bear,True
b9b7846d0e109675,train,https://farm6.staticflickr.com/6166/6247360652_5dc0676164_o.jpg,https://www.flickr.com/photos/davidwilson1949/6247360652,https://creativecommons.org/licenses/by/2.0/,https://www.flickr.com/people/davidwilson1949/,David Wilson,"20110926 36 Bear at Mt. Mitchell, NC",1021165,+FRG/ahzjbCDTs/dR8CGfg==,https://c3.staticflickr.com/7/6166/6247360652_ce8cf564e9_z.jpg,,Bear,True
8512ae0fbc7e2f5b,train,https://c4.staticflickr.com/6/5093/5535039087_4fe498be80_o.jpg,https://www.flickr.com/photos/rikkisrefugeother/5535039087,https://creativecommons.org/licenses/by/2.0/,https://www.flickr.com/people/rikkisrefugeother/,RikkisRefuge Other,CartoonBearHoney,28369,VjyJ8Tk6ICpAea7EHTgYlA==,,,Bear,True
01399dab5c3366e4,train,https://farm5.staticflickr.com/49/149002126_cb3698a1a2_o.jpg,https://www.flickr.com/photos/davehogg/149002126,https://creativecommons.org/licenses/by/2.0/,https://www.flickr.com/people/davehogg/,Dave Hogg,Baby Got Big!,1555976,j+r8T35hNUJB6ZWGUXFhzw==,https://c4.staticflickr.com/1/49/149002126_cb3698a1a2_z.jpg,0.0,Bear,True
77b16cc1c526a2d4,train,https://farm5.staticflickr.com/18/68913810_dddf712232_o.jpg,https://www.flickr.com/photos/trumley/68913810,https://creativecommons.org/licenses/by/2.0/,https://www.flickr.com/people/trumley/,Thomas Rumley,10-22-2005_vacation207,5321206,PwfZZ9wXqd3UiO/gfn4xog==,https://c1.staticflickr.com/1/18/68913810_dddf712232_z.jpg,0.0,Bear,True
71f60cb6eceabb51,train,https://farm2.staticflickr.com/2292/2289688255_e3ca89c8c7_o.jpg,https://www.flickr.com/photos/glokbell/2289688255,https://creativecommons.org/licenses/by/2.0/,https://www.flickr.com/people/glokbell/,Gloria Bell,Kevin &quot;Panda&quot; Campbell,159961,KlEu5P1Aqc3piXWbKtb91g==,,,Bear,True
cfbcb593cef2f637,train,https://farm8.staticflickr.com/8146/7708863546_d3e14d9473_o.jpg,https://www.flickr.com/photos/gzlu/7708863546,https://creativecommons.org/licenses/by/2.0/,https://www.flickr.com/people/gzlu/,George Lu,Panda,13413646,N5ksO6MMb3+335KZKZUQiw==,https://c3.staticflickr.com/9/8146/7708863546_a823678d50_z.jpg,0.0,Bear,True
134729c5e870c6b6,train,https://farm7.staticflickr.com/5647/20693792941_cdf1ec4d55_o.jpg,https://www.flickr.com/photos/icanchangethisright/20693792941,https://creativecommons.org/licenses/by/2.0/,https://www.flickr.com/people/icanchangethisright/,Bradley Gordon,I finally saw one of them #bears what's been getting in my trashcan. #trinidadcolorado #animal #citybear,175781,b1trRMKWO0ZDV3rQnUaTbA==,https://c5.staticflickr.com/6/5647/20693792941_ee8cc39561_z.jpg,0.0,Bear,True
2b0ebce2c0c345a7,train,https://farm8.staticflickr.com/7244/6860799898_7ef24faee5_o.jpg,https://www.flickr.com/photos/ikrichter/6860799898,https://creativecommons.org/licenses/by/2.0/,https://www.flickr.com/people/ikrichter/,Ingrid Richter,Washington DC: Red Panda,657150,JERxgFKXYrlsf7TnXhjhvA==,https://c6.staticflickr.com/8/7244/6860799898_be255c172a_z.jpg,0.0,Bear,True
0bfeadb0b0f595b5,train,https://farm6.staticflickr.com/3841/15024536461_ee0eac6ab3_o.jpg,https://www.flickr.com/photos/phillis_photos/15024536461,https://creativecommons.org/licenses/by/2.0/,https://www.flickr.com/people/phillis_photos/,Philip  Li,DSC_0303,1679825,4xncGW7G/j02qwLPhmhnhA==,https://c3.staticflickr.com/4/3841/15024536461_d28bc63db2_z.jpg,0.0,Bear,True
dffaa82f13dc60d7,train,https://farm8.staticflickr.com/8110/8529011928_dc72bbe9cb_o.jpg,https://www.flickr.com/photos/blmurch/8529011928,https://creativecommons.org/licenses/by/2.0/,https://www.flickr.com/people/blmurch/,Beatrice Murch,Rearview mirror,145801,HR1G5PpU5nAF6AcoxqpeJA==,https://c7.staticflickr.com/9/8110/8529011928_09dc6c9187_z.jpg,0.0,Bear,True
d4c6f4f3742e951b,train,https://c4.staticflickr.com/1/237/445119133_085ac6f660_o.jpg,https://www.flickr.com/photos/andryone/445119133,https://creativecommons.org/licenses/by/2.0/,https://www.flickr.com/people/andryone/,Chris Ingrassia,Brown Bear,1517207,GXEEBEBUiGCfLqDarHhLAA==,https://c5.staticflickr.com/1/237/445119133_ebfd4b6afc_z.jpg,0.0,Bear,True
eb1e5320645d9e25,train,https://farm6.staticflickr.com/5584/13976207700_9967eebaba_o.jpg,https://www.flickr.com/photos/carbonnyc/13976207700,https://creativecommons.org/licenses/by/2.0/,https://www.flickr.com/people/carbonnyc/,David Goehring,Tenzing,8369282,uzGLB5YNbUrEqoog/6Fjiw==,https://c4.staticflickr.com/6/5584/13976207700_97b3894bc9_z.jpg,0.0,Bear,True
a9ab9f4b6ebf29f3,train,https://farm4.staticflickr.com/7434/9267672840_55377b58ee_o.jpg,https://www.flickr.com/photos/bontempscharly/9267672840,https://creativecommons.org/licenses/by/2.0/,https://www.flickr.com/people/bontempscharly/,Charles Barilleaux,"Panda, from Above",1025536,dG9JOaL1e+EpYi3FmWGhcw==,https://c8.staticflickr.com/8/7434/9267672840_6230c8ec2c_z.jpg,,Bear,True
3984d0e3795afbe5,train,https://farm6.staticflickr.com/5094/5487470482_7d7b333160_o.jpg,https://www.flickr.com/photos/ocarchives/5487470482,https://creativecommons.org/licenses/by/2.0/,https://www.flickr.com/people/ocarchives/,Orange County Archives,"Michael Jackson and Snoopy at Knott's Berry Farm, April 1984",1589133,OE8lhL98cbbIj9UW7i7W3g==,https://c7.staticflickr.com/6/5094/5487470482_a52899ede6_z.jpg,,Bear,True
f14a7c2bbcf788af,train,https://c8.staticflickr.com/4/3166/2917161371_42aa75232b_o.jpg,https://www.flickr.com/photos/phalinn/2917161371,https://creativecommons.org/licenses/by/2.0/,https://www.flickr.com/people/phalinn/,Phalinn Ooi,Panther,2109124,Anx8yWuoR/qZ4cfxw7fEhA==,https://c2.staticflickr.com/4/3166/2917161371_1091a17d44_z.jpg,0.0,Bear,True
005ac184bca26621,train,https://farm2.staticflickr.com/7171/6731149715_eb91e789c8_o.jpg,https://www.flickr.com/photos/yakobusan/6731149715/,https://creativecommons.org/licenses/by/2.0/,https://www.flickr.com/people/yakobusan/,Jakob Montrasio,Untitled,9574529,75c+ltx1gQ1DN3Oja4mKXA==,https://c6.staticflickr.com/8/7171/6731149715_f64ee99b0f_z.jpg,0.0,Bear,True
0491c48467e81c33,train,https://farm4.staticflickr.com/5301/5671589249_d3645ca496_o.jpg,https://www.flickr.com/photos/lilachdan/5671589249,https://creativecommons.org/licenses/by/2.0/,https://www.flickr.com/people/lilachdan/,Lilach Daniel,Arrrg...,2431238,hVaqgKcZLS2Bv1bUEzwN4Q==,https://c6.staticflickr.com/6/5301/5671589249_ce223338ec_z.jpg,0.0,Bear,True
0051d60a109b6f23,train,https://farm4.staticflickr.com/8441/7950803884_7dd916ce3a_o.jpg,https://www.flickr.com/photos/karen_roe/7950803884,https://creativecommons.org/licenses/by/2.0/,https://www.flickr.com/people/karen_roe/,Karen Roe,London Discovery Trail 2012,294728,DvaGwVo/y9eJMCGg8sLxCQ==,https://c6.staticflickr.com/9/8441/7950803884_93e948234c_z.jpg,0.0,Bear,True
9b640abe23dc6b3d,train,https://c6.staticflickr.com/5/4041/4372411522_1b39926527_o.jpg,https://www.flickr.com/photos/party0/4372411522,https://creativecommons.org/licenses/by/2.0/,https://www.flickr.com/people/party0/,Party Lin,2010.01.29 蜜月DAY8-旭山動物園北極熊,2483599,qUmZqURHnURK0Lgc9Nhhzw==,https://c4.staticflickr.com/5/4041/4372411522_0e845b72bb_z.jpg,0.0,Bear,True
0837b35a566aaad0,train,https://farm1.staticflickr.com/3074/2947736111_0eda21fc99_o.jpg,https://www.flickr.com/photos/alfredandwilson/2947736111,https://creativecommons.org/licenses/by/2.0/,https://www.flickr.com/people/alfredandwilson/,teejayscool,Bouvier With Tigger,56605,jna8fbX/d6ElBTZjtCU5Yw==,,,Bear,True
01f52056a83d6eca,train,https://c3.staticflickr.com/4/3939/15506109912_f8d4922776_o.jpg,https://www.flickr.com/photos/hannanewton/15506109912,https://creativecommons.org/licenses/by/2.0/,https://www.flickr.com/people/hannanewton/,Hanna Newton,Untitled photo,1019374,Y/pMhvTV71KidZd6JpRt4Q==,https://c7.staticflickr.com/4/3939/15506109912_7830d9abd1_z.jpg,0.0,Bear,True
d38aca4a7f64cf76,train,https://farm7.staticflickr.com/2250/2305218847_69fb920815_o.jpg,https://www.flickr.com/photos/johnspooner/2305218847,https://creativecommons.org/licenses/by/2.0/,https://www.flickr.com/people/johnspooner/,John Spooner,Glaciar Grey,399833,k21qK22xEz5UoTfkcqbN0Q==,https://c8.staticflickr.com/3/2250/2305218847_1b870f824a_z.jpg,0.0,Bear,True
fd5a0280e9052bb9,train,https://c2.staticflickr.com/5/4080/4925144299_a116ffa413_o.jpg,https://www.flickr.com/photos/rbulmahn/4925144299,https://creativecommons.org/licenses/by/2.0/,https://www.flickr.com/people/rbulmahn/,Rob Bulmahn,IMG_18695,3648464,RoMqF60hlfxdMdKUK1hteA==,https://c2.staticflickr.com/5/4080/4925144299_deb4def31a_z.jpg,0.0,Bear,True
7acc58835af0246f,train,https://c8.staticflickr.com/9/8373/8507490283_c8c329906a_o.jpg,https://www.flickr.com/photos/calliope/8507490283,https://creativecommons.org/licenses/by/2.0/,https://www.flickr.com/people/calliope/,liz west,Seldom Seen in These Parts,5489017,4/QZPBqpJZTtGP9O7RUsnQ==,https://c2.staticflickr.com/9/8373/8507490283_d399e27c27_z.jpg,0.0,Bear,True
ec335489064c3446,train,https://farm7.staticflickr.com/5301/5809191497_af3e14885a_o.jpg,https://www.flickr.com/photos/63052489@N03/5809191497,https://creativecommons.org/licenses/by/2.0/,https://www.flickr.com/people/63052489@N03/,SS Games Online,Kung Fu Panda 2 - 1,43940,meghR7/KU1YpEigCtJ+Yvw==,https://c2.staticflickr.com/6/5301/5809191497_b896583325_z.jpg,0.0,Bear,True
4f6be515cb58b78d,train,https://c6.staticflickr.com/1/38/81626213_91f35d1c66_o.jpg,https://www.flickr.com/photos/tonycecala/81626213,https://creativecommons.org/licenses/by/2.0/,https://www.flickr.com/people/tonycecala/,Tony Cecala,PC310038.JPG,570016,YRtmwkb91/KNvfik7J0sNg==,https://c2.staticflickr.com/1/38/81626213_91f35d1c66_z.jpg,0.0,Bear,True
16d3dccffdf03628,train,https://c1.staticflickr.com/9/8613/16663643692_05b4f6628c_o.jpg,https://www.flickr.com/photos/fredrte/16663643692,https://creativecommons.org/licenses/by/2.0/,https://www.flickr.com/people/fredrte/,~Ealasaid~,DSC_0119,7575938,g1Up0V95HETzDUSoX+uPZg==,https://c2.staticflickr.com/9/8613/16663643692_bde2e9a96b_z.jpg,0.0,Bear,True
059a45a42b3c1c87,train,https://farm8.staticflickr.com/514/19661491823_5bff575369_o.jpg,https://www.flickr.com/photos/tipsfortravellers/19661491823/,https://creativecommons.org/licenses/by/2.0/,https://www.flickr.com/people/tipsfortravellers/,Gary Bembridge,"Polar Bear at Burgerbukta Glacier, Svalbad, Arctic",929319,jAcseVarWpvd17E2A/3zuA==,https://c8.staticflickr.com/1/514/19661491823_09bdc15eb0_z.jpg,,Bear,True
01f212294af81b3c,train,https://c5.staticflickr.com/8/7284/8732841690_a79e5a5513_o.jpg,https://www.flickr.com/photos/tinyfroglet/8732841690,https://creativecommons.org/licenses/by/2.0/,https://www.flickr.com/people/tinyfroglet/,tinyfroglet,Photo Project - 8,1089293,X9JGVOBDcX/reBqMSCcpjg==,https://c4.staticflickr.com/8/7284/8732841690_110cd4d1f4_z.jpg,0.0,Bear,True
399d658f48371240,train,https://farm1.staticflickr.com/7230/7398336050_6535b29b1b_o.jpg,https://www.flickr.com/photos/donhomer/7398336050,https://creativecommons.org/licenses/by/2.0/,https://www.flickr.com/people/donhomer/,Michael Bentley,Very Tired Panda,12311936,8yI1kt0yaEH5sZA657D0Xg==,https://c6.staticflickr.com/8/7230/7398336050_ec65e64792_z.jpg,0.0,Bear,True
13a1da575a5afbd4,train,https://farm5.staticflickr.com/5093/5425731313_54de8bcb7d_o.jpg,https://www.flickr.com/photos/the4mahers/5425731313,https://creativecommons.org/licenses/by/2.0/,https://www.flickr.com/people/the4mahers/,Michael Maher,Polar Bear NC Zoo,5760479,6Whr2ou2dHbToyKPt8eqKw==,https://c7.staticflickr.com/6/5093/5425731313_c0d0726c9a_z.jpg,0.0,Bear,True
183ba5e0d1d44549,train,https://c2.staticflickr.com/6/5349/17653628201_a7b6873a1a_o.jpg,https://www.flickr.com/photos/yellowstonenps/17653628201,https://creativecommons.org/licenses/by/2.0/,https://www.flickr.com/people/yellowstonenps/,Yellowstone National Park,Grizzly sow and cubs,8926345,yh7IKbCplezLjbaUE0NSNw==,https://c6.staticflickr.com/6/5349/17653628201_f294936b1e_z.jpg,0.0,Bear,True
709a11df7e998623,train,https://farm4.staticflickr.com/285/19652500030_9263a41dc6_o.jpg,https://www.flickr.com/photos/cmichel67/19652500030,https://creativecommons.org/licenses/by/2.0/,https://www.flickr.com/people/cmichel67/,Christopher Michel,Polar Bears on Thin Ice,15715511,MnQ5ESvzKGK9c/eFtLFTMg==,https://c2.staticflickr.com/1/285/19652500030_be35a59710_z.jpg,0.0,Bear,True
03d2f7c3273053fd,train,https://c6.staticflickr.com/3/2476/3802601279_6c2cb0528d_o.jpg,https://www.flickr.com/photos/bibliodyssey/3802601279,https://creativecommons.org/licenses/by/2.0/,https://www.flickr.com/people/bibliodyssey/,Paul K,Blinky Bill (vignette) by Dorothy Wall,666644,ysGj8gWoHm9ILVIN26b8hw==,https://c3.staticflickr.com/3/2476/3802601279_0df1c47838_z.jpg,0.0,Bear,True
0db6601682a368e8,train,https://c1.staticflickr.com/5/4108/5028703135_391d62d1a2_o.jpg,https://www.flickr.com/photos/kabacchi/5028703135,https://creativecommons.org/licenses/by/2.0/,https://www.flickr.com/people/kabacchi/,Kabacchi,Masked Palm Civet - 08,291027,EupCzBuZXySbLRyPWODTYA==,https://c4.staticflickr.com/5/4108/5028703135_6f4d7389f1_z.jpg,0.0,Bear,True
3ceb3b97972dcb1e,train,https://c7.staticflickr.com/4/3881/14935171668_256bc4695a_o.jpg,https://www.flickr.com/photos/littlemisspurps/14935171668,https://creativecommons.org/licenses/by/2.0/,https://www.flickr.com/people/littlemisspurps/,Becks,Camels,5177430,z9VYK/DV/e+yGZVMXJBECg==,https://c1.staticflickr.com/4/3881/14935171668_316024858c_z.jpg,0.0,Bear,True
5237a8158f77e010,train,https://farm1.staticflickr.com/4138/4849551135_b49fe0e2d1_o.jpg,https://www.flickr.com/photos/douglashaase/4849551135/,https://creativecommons.org/licenses/by/2.0/,https://www.flickr.com/people/douglashaase/,douglas haase,15,238144,4Kv6xyq2TppxLEBLvJwM9A==,https://c6.staticflickr.com/5/4138/4849551135_aee1984b75_z.jpg,0.0,Bear,True
02a8381569441cd6,train,https://farm7.staticflickr.com/2765/4160275814_218d035dba_o.jpg,https://www.flickr.com/photos/patsch/4160275814,https://creativecommons.org/licenses/by/2.0/,https://www.flickr.com/people/patsch/,Patrik Tschudin,05.12.2009,378012,vsGVbY8ywSj8Ck31jZvGDA==,https://c7.staticflickr.com/3/2765/4160275814_8033149d07_z.jpg,0.0,Bear,True
8268335640651bd7,train,https://farm8.staticflickr.com/9/13682192_e077aa99f8_o.jpg,https://www.flickr.com/photos/toms/13682192,https://creativecommons.org/licenses/by/2.0/,https://www.flickr.com/people/toms/,Toms Baugis,Sunny winter day,207953,5Rf1MC3KVMhbG2eGFYkB9g==,https://c3.staticflickr.com/1/9/13682192_e077aa99f8_z.jpg,0.0,Bear,True
e55318c20b7f9d05,train,https://farm6.staticflickr.com/8282/7761841618_a0db0fb56b_o.jpg,https://www.flickr.com/photos/cmichel67/7761841618,https://creativecommons.org/licenses/by/2.0/,https://www.flickr.com/people/cmichel67/,Christopher Michel,Wolves attack a grizzly mother & cubs.  She escapes,211124,+/yrojoYZaUDlr0Gl/ds9g==,https://c3.staticflickr.com/9/8282/7761841618_dfedfcd963_z.jpg,0.0,Bear,True
58f27800b4514eae,train,https://c7.staticflickr.com/3/2540/4164832491_8702a0128e_o.jpg,https://www.flickr.com/photos/pat_ossa/4164832491,https://creativecommons.org/licenses/by/2.0/,https://www.flickr.com/people/pat_ossa/,momentcaptured1,Teddy Bear with Elephant 004,1013650,UniFB3IMPjQ2J0FpRoIfpw==,https://c6.staticflickr.com/3/2540/4164832491_91fb3967d6_z.jpg,0.0,Bear,True
0752ff6b8a451865,train,https://farm6.staticflickr.com/3360/3309461038_6cc68007a2_o.jpg,https://www.flickr.com/photos/cdianne/3309461038,https://creativecommons.org/licenses/by/2.0/,https://www.flickr.com/people/cdianne/,Dee&#x27;lite,Group Hug!!,839174,QBG3WeWIEhK+ypRK7GIICg==,https://c4.staticflickr.com/4/3360/3309461038_f1c8935eb0_z.jpg,0.0,Bear,True
39cf3fb3ebe92405,train,https://farm6.staticflickr.com/177/388512533_8cc4814777_o.jpg,https://www.flickr.com/photos/art_es_anna/388512533,https://creativecommons.org/licenses/by/2.0/,https://www.flickr.com/people/art_es_anna/,Anna,Follet,232947,4JomsIZAf2FUraC8O0p5Yg==,https://c2.staticflickr.com/1/177/388512533_8cc4814777_z.jpg,0.0,Bear,True
bb03f7510e8e2419,train,https://c2.staticflickr.com/6/5453/17883025969_84ebf02e1f_o.jpg,https://www.flickr.com/photos/photographingtravis/17883025969,https://creativecommons.org/licenses/by/2.0/,https://www.flickr.com/people/photographingtravis/,Travis Wise,NYC,1205839,Qfk9U/t1pGuC2oUdLXpHtw==,https://c1.staticflickr.com/6/5453/17883025969_3749292697_z.jpg,0.0,Bear,True
c3e0e47477d87ad5,train,https://farm6.staticflickr.com/2169/2193900080_4ed8396bcd_o.jpg,https://www.flickr.com/photos/jamiedfw/2193900080,https://creativecommons.org/licenses/by/2.0/,https://www.flickr.com/people/jamiedfw/,Jim Bowen,"Tree Climbing, Bear Style",3262753,7Sgl4PqZeSgeRLqTtWgVvA==,https://c7.staticflickr.com/3/2169/2193900080_ac25f2a7c5_z.jpg,,Bear,True
675946ca481af990,train,https://farm1.staticflickr.com/8447/7865846578_ec286371b0_o.jpg,https://www.flickr.com/photos/clownfish/7865846578,https://creativecommons.org/licenses/by/2.0/,https://www.flickr.com/people/clownfish/,Mike Spasoff,IMG_4045,5107515,M2q5U71VYv2BZSg0w3M5YA==,https://c5.staticflickr.com/9/8447/7865846578_3ee03ecfcb_z.jpg,0.0,Bear,True
d35e5fdbec9b0d8e,train,https://c7.staticflickr.com/5/4019/4484838460_19764299c6_o.jpg,https://www.flickr.com/photos/perpetualplum/4484838460,https://creativecommons.org/licenses/by/2.0/,https://www.flickr.com/people/perpetualplum/,Sue Clark,anteater page 113,171002,q5LX7tonIz8XAKoByz0VjQ==,https://c4.staticflickr.com/5/4019/4484838460_3296e0692e_z.jpg,0.0,Bear,True
001272829ec1711e,train,https://c7.staticflickr.com/3/2422/3633004074_5289eab79d_o.jpg,https://www.flickr.com/photos/mike_mc/3633004074,https://creativecommons.org/licenses/by/2.0/,https://www.flickr.com/people/mike_mc/,miketually,Tucan crossing over 70s ring rd,287952,tFsLlf8uERgFxxzMX+/kjA==,https://c1.staticflickr.com/3/2422/3633004074_f1b01e29e4_z.jpg,0.0,Bear,True
09a01afa2c510a88,train,https://c1.staticflickr.com/6/5272/5915886914_05f8e2c525_o.jpg,https://www.flickr.com/photos/98706376@N00/5915886914,https://creativecommons.org/licenses/by/2.0/,https://www.flickr.com/people/98706376@N00/,John S. Quarterman,No school consolidation,3143650,PzvEutKM87sO7zZsq74wiQ==,https://c6.staticflickr.com/6/5272/5915886914_b089eb8a63_z.jpg,0.0,Bear,True
ca7ffda8f1092c21,train,https://farm2.staticflickr.com/3302/3215484400_51aa5e3be4_o.jpg,https://www.flickr.com/photos/bobistraveling/3215484400,https://creativecommons.org/licenses/by/2.0/,https://www.flickr.com/people/bobistraveling/,bobistraveling,Snow Scene Cary NC 8523,751677,3vrxlSEgj0Qb7t9vrBv9lw==,https://c2.staticflickr.com/4/3302/3215484400_7436434ee2_z.jpg,0.0,Bear,True
7bade0a46e351491,train,https://farm2.staticflickr.com/7092/7089196081_24aee77607_o.jpg,https://www.flickr.com/photos/lynielavasy/7089196081,https://creativecommons.org/licenses/by/2.0/,https://www.flickr.com/people/lynielavasy/,Lyniel Sy,A panda does not simply gets full.,1062644,lRQw/FR8UTCTbcXX+SyUow==,https://c1.staticflickr.com/8/7092/7089196081_4cb96794bf_z.jpg,0.0,Bear,True
03fbbcd4708819c9,train,https://c2.staticflickr.com/2/1006/850749443_8f897aa487_o.jpg,https://www.flickr.com/photos/gilad_rom/850749443,https://creativecommons.org/licenses/by/2.0/,https://www.flickr.com/people/gilad_rom/,Gilad Rom,IMG_0992,148333,S80zvpHqo1NFKkqIabkgjA==,https://c2.staticflickr.com/2/1006/850749443_2e357e4077_z.jpg?zz=1,0.0,Bear,True
0060d238d4929bcb,train,https://c4.staticflickr.com/3/2144/2545907609_c6f8ce3dc8_o.jpg,https://www.flickr.com/photos/mylittleheart/2545907609,https://creativecommons.org/licenses/by/2.0/,https://www.flickr.com/people/mylittleheart/,Kendra,little_bden_bear...yeah_yeah_its_cute.--large-msg-118445529112,19844,RLLX1KwcTFbE5Cpcpt8ZhQ==,,,Bear,True
2ca05a60770f9bca,train,https://c3.staticflickr.com/3/2802/4136725536_0c50f643d9_o.jpg,https://www.flickr.com/photos/dahlstroms/4136725536,https://creativecommons.org/licenses/by/2.0/,https://www.flickr.com/people/dahlstroms/,Håkan Dahlström,California Republic,3506600,TtIoh410jSBxgxI6OisHsg==,https://c3.staticflickr.com/3/2802/4136725536_7bda2f7b3b_z.jpg,0.0,Bear,True
006a0958123deab1,train,https://farm2.staticflickr.com/5107/5655428426_6b0e49b5fd_o.jpg,https://www.flickr.com/photos/nrdcpix/5655428426,https://creativecommons.org/licenses/by/2.0/,https://www.flickr.com/people/nrdcpix/,NRDC pix,arct0080,857420,D0MrGOZppDCDu3Hnx1frAA==,https://c4.staticflickr.com/6/5107/5655428426_9c043e57e0_z.jpg,0.0,Bear,True
eb880c1c81317d62,train,https://farm3.staticflickr.com/219/499613984_b3e5ff34a0_o.jpg,https://www.flickr.com/photos/jlz/499613984,https://creativecommons.org/licenses/by/2.0/,https://www.flickr.com/people/jlz/,Jukka Zitting,Juuso,1236409,w3hZ2xPRc91vPbViMNT0aQ==,https://c3.staticflickr.com/1/219/499613984_1db8fe56d2_z.jpg,0.0,Bear,True
023452f5cfc72239,train,https://c2.staticflickr.com/8/7511/15475929053_29a006659c_o.jpg,https://www.flickr.com/photos/22738816@N07/15475929053,https://creativecommons.org/licenses/by/2.0/,https://www.flickr.com/people/22738816@N07/,Doug Coldwell,DSC01944,1310323,fVaxIA/VHEfKFrgab23Fjw==,https://c8.staticflickr.com/8/7511/15475929053_a9c0fbeeb6_z.jpg,0.0,Bear,True
97a78c75fccfd27c,train,https://c5.staticflickr.com/4/3077/2507621689_0c7a2f4b49_o.jpg,https://www.flickr.com/photos/crusell/2507621689,https://creativecommons.org/licenses/by/2.0/,https://www.flickr.com/people/crusell/,Cristoffer Crusell,Untitled,797339,N7xGVlfR3jxttr1D8sxg3g==,https://c1.staticflickr.com/4/3077/2507621689_90a168a5fb_z.jpg,0.0,Bear,True
8a1eff149c6e3c24,train,https://farm5.staticflickr.com/2064/1745557827_9036879a87_o.jpg,https://www.flickr.com/photos/mattmurf/1745557827,https://creativecommons.org/licenses/by/2.0/,https://www.flickr.com/people/mattmurf/,Matt Murphy,hati hati nanti mati,1610484,dPoGuvRmK/hzKvYEGIiphA==,https://c3.staticflickr.com/3/2064/1745557827_3d3289a9c4_z.jpg,0.0,Bear,True
f2b77befa696d8ad,train,https://c6.staticflickr.com/5/4141/4899208036_6958616639_o.jpg,https://www.flickr.com/photos/tipsfortravellers/4899208036,https://creativecommons.org/licenses/by/2.0/,https://www.flickr.com/people/tipsfortravellers/,Gary Bembridge,Design Museum London - Brit Insurance 2010,4230412,0rGyGhrnkQVNQtonqT5iFw==,https://c5.staticflickr.com/5/4141/4899208036_ed78794dec_z.jpg,0.0,Bear,True
27a684a76b2fe775,train,https://farm6.staticflickr.com/2500/4080312934_6d315e98c6_o.jpg,https://www.flickr.com/photos/25559122@N06/4080312934,https://creativecommons.org/licenses/by/2.0/,https://www.flickr.com/people/25559122@N06/,sammydavisdog,here we go gathering nuts in may.,170835,KDzQCDzhaU19IuzC+fN6Ng==,https://c2.staticflickr.com/3/2500/4080312934_1c79921f97_z.jpg?zz=1,0.0,Bear,True
dc065c14d9df4389,train,https://c2.staticflickr.com/5/4045/4683416423_d8940b24d1_o.jpg,https://www.flickr.com/photos/polarphotos/4683416423,https://creativecommons.org/licenses/by/2.0/,https://www.flickr.com/people/polarphotos/,Polar Cruises,Untitled,282754,mr5YlStEfuNANi6RFu1nuQ==,https://c4.staticflickr.com/5/4045/4683416423_1893e398a9_z.jpg,0.0,Bear,True
e352accdacee0213,train,https://farm4.staticflickr.com/5289/5281653059_b5712cb2d8_o.jpg,https://www.flickr.com/photos/hyunlab/5281653059,https://creativecommons.org/licenses/by/2.0/,https://www.flickr.com/people/hyunlab/,Hyun Lee,Lego Polar Bears,6475719,2DYu+w8oYR75T4H6Q6+WCg==,https://c4.staticflickr.com/6/5289/5281653059_fb2767e9cd_z.jpg,0.0,Bear,True
f89b782bb49966e9,train,https://c2.staticflickr.com/1/72/189689732_a8fd132f5c_o.jpg,https://www.flickr.com/photos/robertnyman/189689732,https://creativecommons.org/licenses/by/2.0/,https://www.flickr.com/people/robertnyman/,Robert Nyman,Beijing Zoo,421462,a18LRes+hj8FViRH+xddZA==,https://c2.staticflickr.com/1/72/189689732_a8fd132f5c_z.jpg,0.0,Bear,True
010815a634ad0e39,train,https://c2.staticflickr.com/8/7380/12585709285_7849a8e69b_o.jpg,https://www.flickr.com/photos/pvdanl/12585709285,https://creativecommons.org/licenses/by/2.0/,https://www.flickr.com/people/pvdanl/,Partij van de Arbeid,7. Adnan Tekin,2152039,oZEV/2uFAD3ah4LVh23USg==,https://c7.staticflickr.com/8/7380/12585709285_34abbf0b2f_z.jpg,0.0,Bear,True
3ca3f8e41ce937f5,train,https://farm6.staticflickr.com/5131/5504705815_6f2108d64d_o.jpg,https://www.flickr.com/photos/losmocanos/5504705815/,https://creativecommons.org/licenses/by/2.0/,https://www.flickr.com/people/losmocanos/,LosMocanos.com,DSC_9202,119279,Sfi+fK4cWgsDMg4J5me4rw==,https://c3.staticflickr.com/6/5131/5504705815_91da225888_z.jpg,0.0,Bear,True
aefe21451ee9d836,train,https://farm7.staticflickr.com/3810/9001423932_c29ea20912_o.jpg,https://www.flickr.com/photos/12587661@N06/9001423932,https://creativecommons.org/licenses/by/2.0/,https://www.flickr.com/people/12587661@N06/,Michael Gwyther-Jones,Talygarn June 2013 095,1463233,JO2mE2i5uEFk4Yi8jAhT5A==,https://c5.staticflickr.com/4/3810/9001423932_07c831764e_z.jpg,0.0,Bear,True
0beb68cc85f20f4c,train,https://c5.staticflickr.com/1/463/20351476346_1b4c2a3205_o.jpg,https://www.flickr.com/photos/moondance38/20351476346,https://creativecommons.org/licenses/by/2.0/,https://www.flickr.com/people/moondance38/,sailn1,20150801animalsanc-9.jpg,1145070,tNkCWVeBovB59p6QeO13Ww==,https://c8.staticflickr.com/1/463/20351476346_66062a8489_z.jpg,0.0,Bear,True
d20fb87ffa881805,train,https://farm6.staticflickr.com/3038/2591959773_e0b64d9379_o.jpg,https://www.flickr.com/photos/wordridden/2591959773,https://creativecommons.org/licenses/by/2.0/,https://www.flickr.com/people/wordridden/,Jessica Spengler,Alaskan Amber,1777035,OvRHxlNlMqLo6FlnDWLOZA==,https://c1.staticflickr.com/4/3038/2591959773_8983edc241_z.jpg,0.0,Bear,True
0a0755bfefee3555,train,https://farm6.staticflickr.com/3641/3461519894_98e6016400_o.jpg,https://www.flickr.com/photos/wackyvorlon/3461519894,https://creativecommons.org/licenses/by/2.0/,https://www.flickr.com/people/wackyvorlon/,Paul Anderson,IMG_1227,726479,QRBu8+DmcC8pNWGTTl6+3Q==,https://c3.staticflickr.com/4/3641/3461519894_ef6579ef7f_z.jpg,0.0,Bear,True
2e3c1e117bb8342e,train,https://c7.staticflickr.com/5/4085/4845557464_9a8e579421_o.jpg,https://www.flickr.com/photos/ex_magician/4845557464,https://creativecommons.org/licenses/by/2.0/,https://www.flickr.com/people/ex_magician/,Michael (a.k.a. moik) McCullough,Mossy Polar Bear,433045,dyPTLXjN4uC0S9BDqIPGhA==,https://c4.staticflickr.com/5/4085/4845557464_1504204b8b_z.jpg,0.0,Bear,True
04044be83d3919bd,train,https://c6.staticflickr.com/9/8331/8102425957_6dae24fa79_o.jpg,https://www.flickr.com/photos/planeta/8102425957,https://creativecommons.org/licenses/by/2.0/,https://www.flickr.com/people/planeta/,Ron Mader,"Livestreaming #COP 11, Final Matters",789418,feTYvrP+gL78sxhA98gQ3g==,https://c6.staticflickr.com/9/8331/8102425957_bcfe942055_z.jpg,,Bear,True
da9d9e8c8dff96ce,train,https://c7.staticflickr.com/3/2285/4510373858_ac2e44b53a_o.jpg,https://www.flickr.com/photos/rickmccharles/4510373858,https://creativecommons.org/licenses/by/2.0/,https://www.flickr.com/people/rickmccharles/,Rick McCharles,"hiking the Lost Coast Trail, California",1153416,vnwBr1F0nW9Npy1lmtG79g==,https://c4.staticflickr.com/3/2285/4510373858_dcab24d336_z.jpg,,Bear,True
e4f734a5655c02ba,train,https://c3.staticflickr.com/9/8668/15730802167_2209eeb7de_o.jpg,https://www.flickr.com/photos/betsyweber/15730802167,https://creativecommons.org/licenses/by/2.0/,https://www.flickr.com/people/betsyweber/,Betsy Weber,"Oh, look who I found! I will take care of this bear! #paddington #igerslondon #uk #london",138349,sLWdIXOOe2MJeGzBq+yAIA==,https://c1.staticflickr.com/9/8668/15730802167_9af3383dbd_z.jpg,,Bear,True
7e4076e5ece14631,train,https://farm2.staticflickr.com/6130/5967241113_1393616403_o.jpg,https://www.flickr.com/photos/ablthor/5967241113,https://creativecommons.org/licenses/by/2.0/,https://www.flickr.com/people/ablthor/,Abelthor,Magical bear shooting water from his mouth,3347423,Im9ndo/IQvq0K0Szc0VFPw==,https://c8.staticflickr.com/7/6130/5967241113_9c86d0c733_z.jpg,0.0,Bear,True
48d0801794eecd77,train,https://farm8.staticflickr.com/8210/8190017936_9bc5a73242_o.jpg,https://www.flickr.com/photos/14108953@N02/8190017936,https://creativecommons.org/licenses/by/2.0/,https://www.flickr.com/people/14108953@N02/,Evan Hargus,Detroit Zoo - Polar Bear,1507296,u05B0C1lhA0FGksT1kTezQ==,https://c3.staticflickr.com/9/8210/8190017936_9c24c43152_z.jpg,0.0,Bear,True
852fc0d22ae4b406,train,https://farm7.staticflickr.com/3293/2718032661_9d2b813239_o.jpg,https://www.flickr.com/photos/javsthemute/2718032661,https://creativecommons.org/licenses/by/2.0/,https://www.flickr.com/people/javsthemute/,Andrew Coyle,nuzzle,936109,eqxLAWTyoBmSmkTGsnk3Ww==,https://c4.staticflickr.com/4/3293/2718032661_ee38679f24_z.jpg?zz=1,0.0,Bear,True
00c0a12624b04837,train,https://farm8.staticflickr.com/1393/5110786468_113ccc6577_o.jpg,https://www.flickr.com/photos/pagedooley/5110786468,https://creativecommons.org/licenses/by/2.0/,https://www.flickr.com/people/pagedooley/,Kevin Dooley,Cosplay 2010 portraits,2975814,sZ49I16d0zagwaYbRa9+FQ==,https://c1.staticflickr.com/2/1393/5110786468_24909ffbcd_z.jpg,0.0,Bear,True
00683715ae2e8b55,train,https://farm6.staticflickr.com/3/3708188_47091c2b68_o.jpg,https://www.flickr.com/photos/russelljsmith/3708188,https://creativecommons.org/licenses/by/2.0/,https://www.flickr.com/people/russelljsmith/,Russell James Smith,Dark campsite shot,713913,9eSpnsix28f/yTQlprLZOQ==,https://c1.staticflickr.com/1/3/3708188_47091c2b68_z.jpg,0.0,Bear,True
75023a8b893c7668,train,https://c1.staticflickr.com/4/3862/15234273855_dde07b6d28_o.jpg,https://www.flickr.com/photos/61626678@N07/15234273855,https://creativecommons.org/licenses/by/2.0/,https://www.flickr.com/people/61626678@N07/,Joan Carles Torres,Bears,141151,KgUE8NoomQISoGwZM6Vjqw==,https://c8.staticflickr.com/4/3862/15234273855_de613f0cfd_z.jpg,0.0,Bear,True
024f5a20a0b23349,train,https://c2.staticflickr.com/1/161/333863470_7b6d1c14ef_o.jpg,https://www.flickr.com/photos/mape_s/333863470,https://creativecommons.org/licenses/by/2.0/,https://www.flickr.com/people/mape_s/,Marieke IJsendoorn-Kuijpers,Wild boar,868163,g/muvKC4fq6LIQkJA2UTyw==,https://c4.staticflickr.com/1/161/333863470_7b6d1c14ef_z.jpg,0.0,Bear,True
02332005d7a2aa0b,train,https://c4.staticflickr.com/9/8676/16752225885_b1012db9fd_o.jpg,https://www.flickr.com/photos/rikkis_refuge/16752225885,https://creativecommons.org/licenses/by/2.0/,https://www.flickr.com/people/rikkis_refuge/,Rikki&#x27;s  Refuge,I'm pretty!,86994,8/Q3fhgMGLyfRwe9uW2xRQ==,https://c6.staticflickr.com/9/8676/16752225885_ce818da546_z.jpg,0.0,Bear,True
368e1c253ac4889d,train,https://c6.staticflickr.com/1/486/19255757232_1c62439b48_o.jpg,https://www.flickr.com/photos/phalinn/19255757232,https://creativecommons.org/licenses/by/2.0/,https://www.flickr.com/people/phalinn/,Phalinn Ooi,Phnom Tamao Wildlife Rescue Centre,1770484,b+Q95D7t6Davys9ARs/EDg==,https://c6.staticflickr.com/1/486/19255757232_5910db8120_z.jpg,0.0,Bear,True
5dbad9f1fb719edd,train,https://c6.staticflickr.com/4/3614/3461278630_63c9ac0554_o.jpg,https://www.flickr.com/photos/emlynstokes/3461278630,https://creativecommons.org/licenses/by/2.0/,https://www.flickr.com/people/emlynstokes/,Emlyn Stokes,Red panda sleeping,1122029,kYjY5dPLlPPUIrZL0j9R7Q==,https://c3.staticflickr.com/4/3614/3461278630_3baeef0a5f_z.jpg,0.0,Bear,True
0606c010c1c0b59c,train,https://c5.staticflickr.com/1/165/335374214_017e0f1442_o.jpg,https://www.flickr.com/photos/61172365@N00/335374214,https://creativecommons.org/licenses/by/2.0/,https://www.flickr.com/people/powerbooktrance/,Terry Johnston,Home Plate,1822196,Xx9enKLmLBi9QG8Kwfw3cw==,https://c4.staticflickr.com/1/165/335374214_017e0f1442_z.jpg,0.0,Bear,True
00119d989d1e515e,train,https://c7.staticflickr.com/4/3198/2384101811_c9e4c3deda_o.jpg,https://www.flickr.com/photos/spine/2384101811,https://creativecommons.org/licenses/by/2.0/,https://www.flickr.com/people/spine/,rick,Castro Camera,1044640,y8aMj3bvV424mV7MsOrwiQ==,https://c7.staticflickr.com/4/3198/2384101811_17d4bceaf6_z.jpg,0.0,Bear,True
10d8c12bd02c738e,train,https://c7.staticflickr.com/7/6165/6177047209_32b2e796e9_o.jpg,https://www.flickr.com/photos/barbara-james/6177047209,https://creativecommons.org/licenses/by/2.0/,https://www.flickr.com/people/barbara-james/,B Hartford J Strong,Bear eating blackberries,792590,Ua3uidPYjIexQSse4WesyQ==,https://c3.staticflickr.com/7/6165/6177047209_cf2d79b494_z.jpg,0.0,Bear,True
fd2e0348af4d23c1,train,https://farm2.staticflickr.com/6051/6385544573_30fa128951_o.jpg,https://www.flickr.com/photos/emmabishop/6385544573,https://creativecommons.org/licenses/by/2.0/,https://www.flickr.com/people/emmabishop/,Emma,Mum told you not to eat the tyres,1059855,ZYaAhvngriHN28YMfQTbdg==,https://c4.staticflickr.com/7/6051/6385544573_d153837191_z.jpg,0.0,Bear,True
70ba56ed2453d93d,train,https://c6.staticflickr.com/4/3640/3582035760_74200cddf2_o.jpg,https://www.flickr.com/photos/nostri-imago/3582035760,https://creativecommons.org/licenses/by/2.0/,https://www.flickr.com/people/nostri-imago/,Cliff,Giant Panda (Ailuropoda melanoleuca) &quot;Tian Tian&quot;,864639,Kf5Vf2za75ZmGlVpoSiKzw==,https://c1.staticflickr.com/4/3640/3582035760_a920589038_z.jpg,0.0,Bear,True
4b5bbd58d48755a0,train,https://farm1.staticflickr.com/155/380895948_6546a40b6d_o.jpg,https://www.flickr.com/photos/jfuentejr/380895948,https://creativecommons.org/licenses/by/2.0/,https://www.flickr.com/people/jfuentejr/,Jaime de la Fuente,Zacango Zoo -24,388552,z6ECgA7bBWro8IVoPP/Myw==,https://c4.staticflickr.com/1/155/380895948_6546a40b6d_z.jpg?zz=1,0.0,Bear,True
e10765064ca1e985,train,https://farm6.staticflickr.com/2725/4159113299_1d0a79c5d8_o.jpg,https://www.flickr.com/photos/29638108@N06/4159113299,https://creativecommons.org/licenses/by/2.0/,https://www.flickr.com/people/29638108@N06/,Jennifer C.,Bear,802117,ZZsX6pQImAGn43PdjgHTfQ==,https://c7.staticflickr.com/3/2725/4159113299_d66f344feb_z.jpg,0.0,Bear,True
8ee90240ed06ddd8,train,https://c1.staticflickr.com/3/2658/4099090299_ea9ea9a907_o.jpg,https://www.flickr.com/photos/bradipo/4099090299,https://creativecommons.org/licenses/by/2.0/,https://www.flickr.com/people/bradipo/,Philip Brewer,Bear with Giant Pine Cone,289934,dRc5YvfyCHvhMUTGJBfIzQ==,https://c6.staticflickr.com/3/2658/4099090299_b94a0f1c71_z.jpg?zz=1,0.0,Bear,True
39c36229c73bc4e2,train,https://farm3.staticflickr.com/4142/4939221662_31225965ec_o.jpg,https://www.flickr.com/photos/16725630@N00/4939221662,https://creativecommons.org/licenses/by/2.0/,https://www.flickr.com/people/16725630@N00/,Matt Zimmerman,Denali National Park backpacking 2010,3115039,Uh8KhRwZcOPOMyFkNJrnLg==,https://c6.staticflickr.com/5/4142/4939221662_e1f48a3f51_z.jpg,0.0,Bear,True
1e12398bd5683d2b,train,https://c4.staticflickr.com/4/3170/4556466320_d4bb1eff4c_o.jpg,https://www.flickr.com/photos/technohippybiker/4556466320/,https://creativecommons.org/licenses/by/2.0/,https://www.flickr.com/people/technohippybiker/,TechnoHippyBiker,Bison on Road - 2,1316785,pKR9mrNLF0GwFIouf0qEjg==,https://c8.staticflickr.com/4/3170/4556466320_b281424b86_z.jpg,0.0,Bear,True
ad5f1df170d7554d,train,https://c6.staticflickr.com/3/2484/3654314077_52108d6a85_o.jpg,https://www.flickr.com/photos/leeco/3654314077,https://creativecommons.org/licenses/by/2.0/,https://www.flickr.com/people/leeco/,Lee Coursey,Black Bears in the Smoky Mountains,377281,Cx6LQyUmgzlmNrBGjHnZHg==,https://c4.staticflickr.com/3/2484/3654314077_d8d6537003_z.jpg?zz=1,0.0,Bear,True
00da578d57d1eac5,train,https://farm6.staticflickr.com/608/21138323271_8c6233746a_o.jpg,https://www.flickr.com/photos/dierkschaefer/21138323271,https://creativecommons.org/licenses/by/2.0/,https://www.flickr.com/people/dierkschaefer/,dierk schaefer,"Photos aus der Provinz, auch in Bad Boll der Vollmond - wie überall",594430,zGDUg6fgrW3kG1v7/JE39A==,https://c1.staticflickr.com/1/608/21138323271_4237c8fd77_z.jpg,,Bear,True
9d6365e2e05df0c3,train,https://farm4.staticflickr.com/4027/4328588205_165912bf87_o.jpg,https://www.flickr.com/photos/notionscapital/4328588205,https://creativecommons.org/licenses/by/2.0/,https://www.flickr.com/people/notionscapital/,Mike Licht,"Hail and Farewell, Panda Princess",13294,DOeBtLgmPpwk2PoE1KJu4Q==,,,Bear,True
6ba3e7d44cfd13b0,train,https://farm1.staticflickr.com/3726/11324266633_2f12d153e6_o.jpg,https://www.flickr.com/photos/o_0/11324266633,https://creativecommons.org/licenses/by/2.0/,https://www.flickr.com/people/o_0/,Guilhem Vellut,Softbank @ Ginza,3582520,xwjelBTx9LyDz2jE9bFxZw==,https://c7.staticflickr.com/4/3726/11324266633_fdaaff0d1c_z.jpg,270.0,Bear,True
00d324f1c7c0a648,train,https://c1.staticflickr.com/7/6108/6253258924_e12e058d7d_o.jpg,https://www.flickr.com/photos/south-african-tourism/6253258924,https://creativecommons.org/licenses/by/2.0/,https://www.flickr.com/people/south-african-tourism/,South African Tourism,"Grazing (not praying) warthog, North West Province",171798,3TLbAXzXYyZm4IqMO7k31w==,https://c8.staticflickr.com/7/6108/6253258924_850e53e796_z.jpg,,Bear,True
079d73e94f2ce509,train,https://c2.staticflickr.com/6/5130/5374611747_a910c68c88_o.jpg,https://www.flickr.com/photos/robertglenfogarty/5374611747,https://creativecommons.org/licenses/by/2.0/,https://www.flickr.com/people/robertglenfogarty/,Robert Glen Fogarty,This is Not a Thylacine,69003,4TPLZV0pgw7YAQ28xLbyKw==,https://c3.staticflickr.com/6/5130/5374611747_9aaec86edd_z.jpg,0.0,Bear,True
01fbaa046c685d41,train,https://farm2.staticflickr.com/5552/13919111350_1a18a80cbb_o.jpg,https://www.flickr.com/photos/slgc/13919111350,https://creativecommons.org/licenses/by/2.0/,https://www.flickr.com/people/slgc/,slgckgc,Raiders Fan Bear,8739623,bs6rYwfajmfKisnhd7GDKg==,https://c4.staticflickr.com/6/5552/13919111350_555848476c_z.jpg,90.0,Bear,True
3a77a258cbe5e225,train,https://farm6.staticflickr.com/7527/15293443733_951869e3d8_o.jpg,https://www.flickr.com/photos/james_mann/15293443733,https://creativecommons.org/licenses/by/2.0/,https://www.flickr.com/people/james_mann/,James Mann,Un-Armed Snowman,717684,o1zN5h1ASx+Ikt8R5zhQYQ==,https://c7.staticflickr.com/8/7527/15293443733_97ff9328ef_z.jpg,0.0,Bear,True
a2a2c4967dad4785,train,https://farm6.staticflickr.com/2840/9352994417_481c958f94_o.jpg,https://www.flickr.com/photos/emilysnuffer/9352994417,https://creativecommons.org/licenses/by/2.0/,https://www.flickr.com/people/emilysnuffer/,Emily May,DIY Animal Silhouette Art,4130596,X4T/5Zvlf4XhEvM38le9fw==,https://c1.staticflickr.com/3/2840/9352994417_be3f4277fc_z.jpg,0.0,Bear,True
d74ada651287b524,train,https://farm5.staticflickr.com/5061/5625185789_1aaefe463c_o.jpg,https://www.flickr.com/photos/scottcalleja/5625185789,https://creativecommons.org/licenses/by/2.0/,https://www.flickr.com/people/scottcalleja/,Scott Calleja,Detroit Zoo Polar Bear 5,7214942,bd3ikpRvUAmNENevJBOdNQ==,https://c2.staticflickr.com/6/5061/5625185789_f3e2562395_z.jpg,0.0,Bear,True
00245e422606a6f9,train,https://c2.staticflickr.com/6/5297/5468969872_16157644ff_o.jpg,https://www.flickr.com/photos/pochocard/5468969872,https://creativecommons.org/licenses/by/2.0/,https://www.flickr.com/people/pochocard/,Alfonso Cárdenas Ortega,www.killeridea.com.pe,249602,ypKEVVLa0Hj1gkPUZQp8Vw==,https://c7.staticflickr.com/6/5297/5468969872_69eb5f8b91_z.jpg,0.0,Bear,True
ad633c85f2b4f5a7,train,https://farm8.staticflickr.com/8627/16530763527_0e685af696_o.jpg,https://www.flickr.com/photos/rjbailey/16530763527,https://creativecommons.org/licenses/by/2.0/,https://www.flickr.com/people/rjbailey/,Ron Bailey,"I didn't do this puzzle, one of my neighbors did. But it looks cool. 😊     #nelsonville #ohio #AthensCountyOhio #ohiogram #ohioigers #like #like4like #l4l #likes4likes #photooftheday #love #likeforlike #likesforlikes #SquareInstaPic",117788,Phc7sF3j69aDxbcwyVywjA==,https://c2.staticflickr.com/9/8627/16530763527_ac440668d4_z.jpg,,Bear,True
5b8405e2c26b1aa3,train,https://farm4.staticflickr.com/3006/2892823188_3277795609_o.jpg,https://www.flickr.com/photos/nostri-imago/2892823188/in/photostream/,https://creativecommons.org/licenses/by/2.0/,https://www.flickr.com/people/nostri-imago/,Cliff,Sloth Bear (Melursus ursinus),311504,sVwjMac58eGNys2XMB3A7w==,https://c7.staticflickr.com/4/3006/2892823188_4b5907c639_z.jpg?zz=1,0.0,Bear,True
0a162cbfa5f5166c,train,https://c5.staticflickr.com/9/8309/8027220684_37f42d38a8_o.jpg,https://www.flickr.com/photos/tammylo/8027220684,https://creativecommons.org/licenses/by/2.0/,https://www.flickr.com/people/tammylo/,Tammy Lo,Stuffed Pandas @ San Diego Zoo,3903855,wXCwZ13aCnIEik4JhJNAaA==,https://c6.staticflickr.com/9/8309/8027220684_7729fff90a_z.jpg,0.0,Bear,True
0ac167bc91324dc0,train,https://farm1.staticflickr.com/2752/5718646554_10b7c41298_o.jpg,https://www.flickr.com/photos/mujitra/5718646554,https://creativecommons.org/licenses/by/2.0/,https://www.flickr.com/people/mujitra/,MIKI Yoshihito,MARUYAMA Zoo.,6020004,UWQXRYhjY42i21ilEEmFow==,https://c8.staticflickr.com/3/2752/5718646554_ec99e88036_z.jpg,0.0,Bear,True
0ac59a2da371a2cb,train,https://c4.staticflickr.com/5/4038/4375768257_8168390604_o.jpg,https://www.flickr.com/photos/97793800@N00/4375768257,https://creativecommons.org/licenses/by/2.0/,https://www.flickr.com/people/97793800@N00/,adrigu,IMG_1733,1399182,53ecKq0ZiSrTP/CqbF3i4w==,https://c1.staticflickr.com/5/4038/4375768257_75ff18bb28_z.jpg,0.0,Bear,True
05385dd0b8e83aa7,train,https://farm8.staticflickr.com/259/19435445240_cdc0da330a_o.jpg,https://www.flickr.com/photos/cmichel67/19435445240,https://creativecommons.org/licenses/by/2.0/,https://www.flickr.com/people/cmichel67/,Christopher Michel,Polar Bears near the North Pole,6444506,U14C2rvHDrP4+XUP07YQOw==,https://c5.staticflickr.com/1/259/19435445240_4316b9101d_z.jpg,0.0,Bear,True
25cbe4892a40bafc,train,https://c5.staticflickr.com/8/7019/14002858181_3074ee428c_o.jpg,https://www.flickr.com/photos/drwang86/14002858181,https://creativecommons.org/licenses/by/2.0/,https://www.flickr.com/people/drwang86/,Jim Wang,美国阿拉斯加州，北极野生动物国家保护区内的北极熊,289459,kBXxwNpMFwJL8XH7uTukzA==,https://c4.staticflickr.com/8/7019/14002858181_f28e71d91d_z.jpg,0.0,Bear,True
ce503b103fbcb97e,train,https://c7.staticflickr.com/9/8652/16255354933_dac6aa52c9_o.jpg,https://www.flickr.com/photos/svenskamassan/16255354933,https://creativecommons.org/licenses/by/2.0/,https://www.flickr.com/people/svenskamassan/,Svenska Mässan,TUR 2015,6584111,DVivBT/h4R7pIKwDWHGg9w==,https://c7.staticflickr.com/9/8652/16255354933_b1d296df04_z.jpg,0.0,Bear,True
006aa31a813a58c8,train,https://c1.staticflickr.com/4/3003/5716265980_66dda9dd9d_o.jpg,https://www.flickr.com/photos/basykes/5716265980,https://creativecommons.org/licenses/by/2.0/,https://www.flickr.com/people/basykes/,Bev Sykes,Little Panda Rug,3608900,FcaMJ1AzBrrFIpcCaMeNuQ==,https://c7.staticflickr.com/4/3003/5716265980_306e2e81fb_z.jpg,0.0,Bear,True
af052004002ee13d,train,https://c6.staticflickr.com/4/3387/3407342590_d29fcfb442_o.jpg,https://www.flickr.com/photos/schrodingers_duck/3407342590,https://creativecommons.org/licenses/by/2.0/,https://www.flickr.com/people/schrodingers_duck/,schrodingersduck,IMG_0881,1527051,8PPH/goPcLDT16JFLr94Xw==,https://c3.staticflickr.com/4/3387/3407342590_0c66448e04_z.jpg,0.0,Bear,True
003b96537d3fa059,train,https://c2.staticflickr.com/5/4145/5056627095_a4dc1fd71b_o.jpg,https://www.flickr.com/photos/cdrummbks/5056627095,https://creativecommons.org/licenses/by/2.0/,https://www.flickr.com/people/cdrummbks/,CHRIS DRUMM,warrant for x,86620,UVS6/SfrTrcHk1Pe4VQ2LQ==,https://c1.staticflickr.com/5/4145/5056627095_59735d8a13_z.jpg,0.0,Bear,True
0000d59fa570d973,train,https://farm4.staticflickr.com/3165/2548414279_cfe4ee0005_o.jpg,https://www.flickr.com/photos/shkumbin/2548414279,https://creativecommons.org/licenses/by/2.0/,https://www.flickr.com/people/shkumbin/,Shkumbin Saneja,James Blunt Tour 5,778226,nPqr5Ngx1hTYH381eq4fyQ==,https://c6.staticflickr.com/4/3165/2548414279_f4201311bf_z.jpg?zz=1,0.0,Bear,True
3a804f5b5bdd9875,train,https://farm6.staticflickr.com/7428/11633279564_158d1c0e41_o.jpg,https://www.flickr.com/photos/emilygracephotography/11633279564,https://creativecommons.org/licenses/by/2.0/,https://www.flickr.com/people/emilygracephotography/,Emily Burnett,Sunbathing Bear,6229669,EP6WFWh+wQ9i0QZ6pQIIUA==,https://c4.staticflickr.com/8/7428/11633279564_98f6ded6be_z.jpg,0.0,Bear,True
fbe45af719fe2bc6,train,https://farm7.staticflickr.com/5598/14973864913_cd6e10a3dc_o.jpg,https://www.flickr.com/photos/vanillaandlaceblog/14973864913,https://creativecommons.org/licenses/by/2.0/,https://www.flickr.com/people/vanillaandlaceblog/,Abi Porter,10 months old | Eric Carle PJ's,817808,vHZjPwFqversbq9b4JL1FQ==,https://c6.staticflickr.com/6/5598/14973864913_9cc0fba4fa_z.jpg,0.0,Bear,True
154d233f6ee222ea,train,https://c3.staticflickr.com/9/8475/8349012318_6d3bdd8122_o.jpg,https://www.flickr.com/photos/raybouk/8349012318,https://creativecommons.org/licenses/by/2.0/,https://www.flickr.com/people/raybouk/,Ray Bouknight,"Panda, San Diego Zoo",4884538,JDdfYLTNu9JwwVfSpmqZng==,https://c4.staticflickr.com/9/8475/8349012318_144a88dae3_z.jpg,,Bear,True
db44558877af0c23,train,https://farm4.staticflickr.com/3109/2597643759_ba54643787_o.jpg,https://www.flickr.com/photos/a_siegel/2597643759,https://creativecommons.org/licenses/by/2.0/,https://www.flickr.com/people/a_siegel/,A Siegel,two polar bears protesting Exxon,510801,Rt3zqWV+MOK5OPccQJn1EA==,https://c6.staticflickr.com/4/3109/2597643759_083ac733b9_z.jpg,0.0,Bear,True
1b62e162c651d4d3,train,https://farm4.staticflickr.com/5834/20436103609_1e8cce3f2b_o.jpg,https://www.flickr.com/photos/phalinn/20436103609,https://creativecommons.org/licenses/by/2.0/,https://www.flickr.com/people/phalinn/,Phalinn Ooi,Pulau Langkawi,3212481,HD25kAz8kUw/Ybob/FXAEw==,https://c2.staticflickr.com/6/5834/20436103609_cf31d80222_z.jpg,0.0,Bear,True
0c367abe78cbcf6d,train,https://c6.staticflickr.com/1/36/78233580_621299391b_o.jpg,https://www.flickr.com/photos/mcdlttx/78233580,https://creativecommons.org/licenses/by/2.0/,https://www.flickr.com/people/mcdlttx/,mcdlttx,Bear,77705,IiApQXa3YfhnHEhMG5steg==,https://c3.staticflickr.com/1/36/78233580_621299391b_z.jpg?zz=1,0.0,Bear,True
00980c944e449b69,train,https://c2.staticflickr.com/3/2118/2123592827_0ce8221427_o.jpg,https://www.flickr.com/photos/jkirkhart35/2123592827,https://creativecommons.org/licenses/by/2.0/,https://www.flickr.com/people/jkirkhart35/,Jerry Kirkhart,Sea Otter,1046879,mKvJknFPt/dB2E28Eus9MQ==,https://c2.staticflickr.com/3/2118/2123592827_83a998547e_z.jpg,0.0,Bear,True
0badd36382a6cb7c,train,https://c5.staticflickr.com/3/2071/5816081725_077bc5805c_o.jpg,https://www.flickr.com/photos/ethansphotosarecool/5816081725,https://creativecommons.org/licenses/by/2.0/,https://www.flickr.com/people/ethansphotosarecool/,Ethan Ableman,Brown Bear and Whale Carcass,4852496,KAttTNRSmxWLx8H0g5776g==,https://c3.staticflickr.com/3/2071/5816081725_e957493bee_z.jpg,0.0,Bear,True
972c31dd9e4fdbf6,train,https://farm7.staticflickr.com/7126/7577030988_c5ea1dfb37_o.jpg,https://www.flickr.com/photos/damork/7577030988,https://creativecommons.org/licenses/by/2.0/,https://www.flickr.com/people/damork/,Karri Huhtanen,Menacing Cow,8338819,VBbCnjl4YiaDYS3EvMyoHA==,https://c1.staticflickr.com/8/7126/7577030988_04e7f28797_z.jpg,0.0,Bear,True
26c5155fc61c71e6,train,https://farm7.staticflickr.com/3194/2876859469_e98c8ae7c3_o.jpg,https://www.flickr.com/photos/nostri-imago/2876859469,https://creativecommons.org/licenses/by/2.0/,https://www.flickr.com/people/nostri-imago/,Cliff,Clark's Trading Post Bear Show,350841,Sor+8JC9uczVN/GRX1Pusg==,https://c7.staticflickr.com/4/3194/2876859469_df058961cf_z.jpg?zz=1,0.0,Bear,True
0380fa51229d65a0,train,https://farm1.staticflickr.com/77/201597071_28ad9b16d3_o.jpg,https://www.flickr.com/photos/bmh4you/201597071,https://creativecommons.org/licenses/by/2.0/,https://www.flickr.com/people/bmh4you/,b r e n t,we had to be really quiet by this fella cause some scientist was observing him,339661,mAWgcNHAdHEPz6W/721oEg==,https://c4.staticflickr.com/1/77/201597071_28ad9b16d3_z.jpg?zz=1,0.0,Bear,True
004c5d2626e8f372,train,https://farm3.staticflickr.com/7023/6666002783_9477735a12_o.jpg,https://www.flickr.com/photos/hagengraf/6666002783,https://creativecommons.org/licenses/by/2.0/,https://www.flickr.com/people/hagengraf/,Christine und Hagen Graf,Nutria,3702609,l9krzWv4ysIn4WQMdTJjjQ==,https://c2.staticflickr.com/8/7023/6666002783_733a573fbb_z.jpg,0.0,Bear,True
4cce4a4158948bba,train,https://c3.staticflickr.com/3/2018/2117323918_2fa32711ca_o.jpg,https://www.flickr.com/photos/iphonepics/2117323918,https://creativecommons.org/licenses/by/2.0/,https://www.flickr.com/people/iphonepics/,iphonepics,Seen on a greeting card,66399,Shaa6ADBRtDU4TOBHwbtVA==,https://c8.staticflickr.com/3/2018/2117323918_fff9d18d89_z.jpg?zz=1,0.0,Bear,True
98502487f2afb5ce,train,https://c7.staticflickr.com/8/7231/7257903522_728fdbfe96_o.jpg,https://www.flickr.com/photos/mig/7257903522,https://creativecommons.org/licenses/by/2.0/,https://www.flickr.com/people/mig/,miguelb,IMG_4884,2786348,9vp+HCx6YB7OAIVh79TUDg==,https://c3.staticflickr.com/8/7231/7257903522_44a9e8dcf3_z.jpg,0.0,Bear,True
3ae73379285eecb7,train,https://farm8.staticflickr.com/1/73405_0ed6084559_o.jpg,https://www.flickr.com/photos/pjbeardsley/73405,https://creativecommons.org/licenses/by/2.0/,https://www.flickr.com/people/pjbeardsley/,Peter Beardsley,DSCN0491,138124,mSfljq/iAj84I2uFOy5iHQ==,https://c4.staticflickr.com/1/1/73405_0ed6084559_z.jpg?zz=1,0.0,Bear,True
a84ba31f3400dfdc,train,https://c5.staticflickr.com/1/313/19538600499_8c01def8d1_o.jpg,https://www.flickr.com/photos/blmoregon/19538600499,https://creativecommons.org/licenses/by/2.0/,https://www.flickr.com/people/blmoregon/,Bureau of Land Management Oregon and Washington,Carnivore camera: Wildlife photos from the Wild Rogue Wilderness,4536272,Hd0vG0rdKouxFjGa6sd0wQ==,https://c8.staticflickr.com/1/313/19538600499_3fb426e7e4_z.jpg,0.0,Bear,True
013336079531b131,train,https://farm2.staticflickr.com/5481/12566363924_de4f88a5fb_o.jpg,https://www.flickr.com/photos/hrns/12566363924,https://creativecommons.org/licenses/by/2.0/,https://www.flickr.com/people/hrns/,Henry Söderlund,Balls of steel with cuddly touch,14390919,ud7/ql5S+fnR3FO3S1DsfA==,https://c2.staticflickr.com/6/5481/12566363924_1d3f73c295_z.jpg,0.0,Bear,True
0f24843420382116,train,https://farm7.staticflickr.com/7172/6587442377_79f7d17d5c_o.jpg,https://www.flickr.com/photos/freedom-studios/6587442377,https://creativecommons.org/licenses/by/2.0/,https://www.flickr.com/people/freedom-studios/,Graham Holtshausen,Cheetah Feeding,3139316,XwElU1HCzYIF2qi1NG1cSA==,https://c7.staticflickr.com/8/7172/6587442377_257964a5e3_z.jpg,0.0,Bear,True
9534992110560266,train,https://farm7.staticflickr.com/2467/3567900432_eaeb6a5319_o.jpg,https://www.flickr.com/photos/38854793@N08/3567900432,https://creativecommons.org/licenses/by/2.0/,https://www.flickr.com/people/38854793@N08/,olis57,Zoo d'Amnéville,3277272,8lO0IxoRJhFLjcO52w29uQ==,https://c5.staticflickr.com/3/2467/3567900432_35275a1452_z.jpg,0.0,Bear,True
8295c6e00769b5ef,train,https://c8.staticflickr.com/8/7300/8715974426_0217bd9843_o.jpg,https://www.flickr.com/photos/gotovan/8715974426,https://creativecommons.org/licenses/by/2.0/,https://www.flickr.com/people/gotovan/,GoToVan,Black bears in Whistler Olympic Park,6772309,8f+LAVPyqGl5xVuUXyqrsw==,https://c8.staticflickr.com/8/7300/8715974426_5f6f2cbf79_z.jpg,0.0,Bear,True
556b5dbabb3bd55d,train,https://c6.staticflickr.com/1/47/128872019_b1b8b91d27_o.jpg,https://www.flickr.com/photos/hyku/128872019,https://creativecommons.org/licenses/by/2.0/,https://www.flickr.com/people/hyku/,Josh Hallett,You Must Fight the Bear!,1227828,XOu65W1Rj4fWV83fiq24Zw==,https://c2.staticflickr.com/1/47/128872019_b1b8b91d27_z.jpg,0.0,Bear,True
01080cc8acc3f503,train,https://farm4.staticflickr.com/7157/6738207363_d07afd059d_o.jpg,https://www.flickr.com/photos/19643697@N00/6738207363,https://creativecommons.org/licenses/by/2.0/,https://www.flickr.com/people/19643697@N00/,Peter Lloyd,Skedaddle Costa Rica,198726,YygdsM4VoOk276qa/Z8P3A==,https://c5.staticflickr.com/8/7157/6738207363_b3c6a5c939_z.jpg,0.0,Bear,True
09bb8b43d816be9b,train,https://c4.staticflickr.com/6/5724/21856419065_acd8e6c87f_o.jpg,https://www.flickr.com/photos/svenskamassan/21856419065,https://creativecommons.org/licenses/by/2.0/,https://www.flickr.com/people/svenskamassan/,Svenska Mässan,"Adam Rheborg, Svalbards - Arktis pärla på TUR 2015",2139822,7IT4UWX2FNmlel755zlbhg==,https://c1.staticflickr.com/6/5724/21856419065_a38e73de76_z.jpg,,Bear,True
0afacda302a463ec,train,https://c5.staticflickr.com/5/4118/4895856442_9e29e05ac6_o.jpg,https://www.flickr.com/photos/pete_k_1948/4895856442,https://creativecommons.org/licenses/by/2.0/,https://www.flickr.com/people/pete_k_1948/,Pete Klosterman,Bear Hide,2304753,N0E2UoQBFX50nYxYV+CaJw==,https://c7.staticflickr.com/5/4118/4895856442_ba514da519_z.jpg,0.0,Bear,True
8b1923421df83b36,train,https://farm7.staticflickr.com/2086/2324607258_ddb2da64ef_o.jpg,https://www.flickr.com/photos/eyeliam/2324607258,https://creativecommons.org/licenses/by/2.0/,https://www.flickr.com/people/eyeliam/,Jason Lander,IMG_2118,3677469,m3m9bDIm3FRq70NMVmlRXQ==,https://c4.staticflickr.com/3/2086/2324607258_df19d65dd8_z.jpg,0.0,Bear,True
0056496ee24a4912,train,https://farm3.staticflickr.com/4110/5058159187_2913732684_o.jpg,https://www.flickr.com/photos/blmurch/5058159187,https://creativecommons.org/licenses/by/2.0/,https://www.flickr.com/people/blmurch/,Beatrice Murch,Brown Squirrel,1137306,a0WIxsywsw5MCBZtio3G7g==,https://c7.staticflickr.com/5/4110/5058159187_45a7ec3e93_z.jpg,0.0,Bear,True
bd77266d2ab7abc6,train,https://farm7.staticflickr.com/3901/14275088167_1d9fd0a99f_o.jpg,https://www.flickr.com/photos/alaska_region/14275088167,https://creativecommons.org/licenses/by/2.0/,https://www.flickr.com/people/alaska_region/,USDA Forest Service Alaska Region,Kootznoowoo Brown Bear 3,3643904,RBaUvOl7c0zXjHHKvSW2qw==,https://c4.staticflickr.com/4/3901/14275088167_0a32a6c3e8_z.jpg,0.0,Bear,True
ee037208ff0db25b,train,https://c4.staticflickr.com/4/3882/15099634972_c6356fe326_o.jpg,https://www.flickr.com/photos/127451364@N08/15099634972,https://creativecommons.org/licenses/by/2.0/,https://www.flickr.com/people/127451364@N08/,Josh Grimes,DSC_0321,4857147,kxx2makh1+ZVCPXEO3aGlQ==,https://c4.staticflickr.com/4/3882/15099634972_3bf173caee_z.jpg,0.0,Bear,True
8c262c1f52d08ef0,train,https://farm1.staticflickr.com/2008/2476391009_aace85a472_o.jpg,https://www.flickr.com/photos/moon-dog/2476391009/,https://creativecommons.org/licenses/by/2.0/,https://www.flickr.com/people/moon-dog/,Tanner Ford,Polar Bear 1,4910481,wzFaXK9AGE5lMMATPVA44A==,https://c7.staticflickr.com/3/2008/2476391009_7ddf5465d7_z.jpg,0.0,Bear,True
85a3eee28b54dae4,train,https://farm5.staticflickr.com/2750/4059193748_b0372d894c_o.jpg,https://www.flickr.com/photos/battlecreekcvb/4059193748,https://creativecommons.org/licenses/by/2.0/,https://www.flickr.com/people/battlecreekcvb/,Battle Creek CVB,Kingman Museum,504350,qwAa53JQ0Zr2c/cwQ/CKow==,https://c7.staticflickr.com/3/2750/4059193748_a784905cc6_z.jpg,0.0,Bear,True
3f1d82325826ad99,train,https://c2.staticflickr.com/7/6028/5983606166_0331af67c1_o.jpg,https://www.flickr.com/photos/kylelane66/5983606166,https://creativecommons.org/licenses/by/2.0/,https://www.flickr.com/people/kylelane66/,Kyle Lane,California Republic...Kyle Lane design/Illustration,267058,73hfJQhgHaGa+XrzdcOiRA==,,,Bear,True
1462a498dfcc7c96,train,https://farm7.staticflickr.com/5460/9247832648_b4d94da693_o.jpg,https://www.flickr.com/photos/imaginecup/9247832648,https://creativecommons.org/licenses/by/2.0/,https://www.flickr.com/people/imaginecup/,ImagineCup,Team Nudge From Cyprus presentation,3629918,ojfO8L5Bzx3tNU/ndoEtJg==,https://c1.staticflickr.com/6/5460/9247832648_032c8757f2_z.jpg,0.0,Bear,True
68e882e3cfddebf2,train,https://farm3.staticflickr.com/7182/6831840084_7bf48475c9_o.jpg,https://www.flickr.com/photos/39908901@N06/6831840084,https://creativecommons.org/licenses/by/2.0/,https://www.flickr.com/people/39908901@N06/,m01229,Animals at Play - National Zoo,1328014,TDU8Y+K5fKkUbQipwFq++Q==,https://c2.staticflickr.com/8/7182/6831840084_584471a83e_z.jpg,0.0,Bear,True
0b4d3d4231554ec5,train,https://farm6.staticflickr.com/2481/3581218229_bdd15d2d34_o.jpg,https://www.flickr.com/photos/nostri-imago/3581218229,https://creativecommons.org/licenses/by/2.0/,https://www.flickr.com/people/nostri-imago/,Cliff,Giant Panda (Ailuropoda melanoleuca) &quot;Tian Tian&quot;,613185,wnSBMj1RESt5o080sVEdfg==,https://c7.staticflickr.com/3/2481/3581218229_4fa9b66fef_z.jpg,0.0,Bear,True
ef9b1114629bc475,train,https://farm6.staticflickr.com/8431/7765062054_00a536cc68_o.jpg,https://www.flickr.com/photos/deischi/7765062054,https://creativecommons.org/licenses/by/2.0/,https://www.flickr.com/people/deischi/,Harald Deischinger,Not a Fish,5865472,vJsWHDiYIehUbzU3A4or9A==,https://c7.staticflickr.com/9/8431/7765062054_a3c58383b7_z.jpg,0.0,Bear,True
1afd8e5abe838753,train,https://farm4.staticflickr.com/3328/3655113652_be2588e5c7_o.jpg,https://www.flickr.com/photos/leeco/3655113652,https://creativecommons.org/licenses/by/2.0/,https://www.flickr.com/people/leeco/,Lee Coursey,Black Bears in the Smoky Mountains,375991,DgwCm4V5tkQMYpEUyITlAQ==,https://c7.staticflickr.com/4/3328/3655113652_e39f47d55b_z.jpg?zz=1,0.0,Bear,True
0ebe43ee23e535fe,train,https://c7.staticflickr.com/4/3893/14451897522_9984865a48_o.jpg,https://www.flickr.com/photos/vermazeren/14451897522,https://creativecommons.org/licenses/by/2.0/,https://www.flickr.com/people/vermazeren/,Arend,close encounters,668264,RHYjjkQHvUIroJxRQlsHhg==,https://c3.staticflickr.com/4/3893/14451897522_2abc0cd3b8_z.jpg,0.0,Bear,True
789f031690810c64,train,https://farm5.staticflickr.com/4010/4683984609_ec3e698c6d_o.jpg,https://www.flickr.com/photos/pavdw/4683984609,https://creativecommons.org/licenses/by/2.0/,https://www.flickr.com/people/pavdw/,Paul VanDerWerf,BerlinWed02Jun 144,2823340,D6O8pPSuOTZtieqvV6JlMg==,https://c7.staticflickr.com/5/4010/4683984609_327202dbbc_z.jpg,0.0,Bear,True
33417e6b3ed5123a,train,https://c3.staticflickr.com/5/4054/4650437272_5e149915d8_o.jpg,https://www.flickr.com/photos/supermac/4650437272,https://creativecommons.org/licenses/by/2.0/,https://www.flickr.com/people/supermac/,Supermac1961,Seals at La Jolla,4047588,1YZ9sfn//eteew+bs0SkMg==,https://c5.staticflickr.com/5/4054/4650437272_3f94328f13_z.jpg,0.0,Bear,True
a889a5c73f827286,train,https://farm7.staticflickr.com/6142/5985476778_c5dc156954_o.jpg,https://www.flickr.com/photos/jenniferboyer/5985476778,https://creativecommons.org/licenses/by/2.0/,https://www.flickr.com/people/jenniferboyer/,Jennifer Boyer,a panda in Independence Square,1193292,miov2/5CfP/+3JHWqsc1zg==,https://c3.staticflickr.com/7/6142/5985476778_02d53dc72c_z.jpg,0.0,Bear,True
866934921e9794ae,train,https://c7.staticflickr.com/6/5495/14059303928_77c3cb93bf_o.jpg,https://www.flickr.com/photos/michaeljohnbutton/14059303928,https://creativecommons.org/licenses/by/2.0/,https://www.flickr.com/people/michaeljohnbutton/,Michael Button,Copenhagen 2014 - Zoo,2252220,kiYBFpFGMpk+ylG9Sr+GPw==,https://c3.staticflickr.com/6/5495/14059303928_80a309267d_z.jpg,0.0,Bear,True
deccdca027a3ca18,train,https://c1.staticflickr.com/4/3761/8946823250_0bba94113a_o.jpg,https://www.flickr.com/photos/danielvoyager/8946823250,https://creativecommons.org/licenses/by/2.0/,https://www.flickr.com/people/danielvoyager/,Daniel  Voyager,The Two SL10B Bears,119167,TmHJ3zdpJuDvuwTt1aDrgg==,https://c6.staticflickr.com/4/3761/8946823250_24dab71e86_z.jpg,0.0,Bear,True
35133e9b0af5a6a9,train,https://c2.staticflickr.com/2/1315/1344313933_c1e9b86760_o.jpg,https://www.flickr.com/photos/sm/1344313933,https://creativecommons.org/licenses/by/2.0/,https://www.flickr.com/people/sm/,SilentObserver,DSC04732,2366118,dIz7V5tEtAOsixYAbn3SMQ==,https://c2.staticflickr.com/2/1315/1344313933_75170b85c2_z.jpg,0.0,Bear,True
fcef917a00c9dd47,train,https://farm8.staticflickr.com/3457/3189326284_8b904c798d_o.jpg,https://www.flickr.com/photos/dierkschaefer/3189326284,https://creativecommons.org/licenses/by/2.0/,https://www.flickr.com/people/dierkschaefer/,dierk schaefer,Die kleinen Waschbären träumen vom großen Weihnachtsmann,3885114,3pZ+QTb/KVRgqzlx5S4qIQ==,https://c4.staticflickr.com/4/3457/3189326284_28d0474389_z.jpg,0.0,Bear,True
376d788fe07f11a0,train,https://farm1.staticflickr.com/3873/14436384874_b7f404f973_o.jpg,https://www.flickr.com/photos/befuddledsenses/14436384874,https://creativecommons.org/licenses/by/2.0/,https://www.flickr.com/people/befuddledsenses/,Luke Jones,Brown Bear Sitting,4793000,MdnfV0j3tNgntnlBvxuV7w==,https://c2.staticflickr.com/4/3873/14436384874_bda3f6e756_z.jpg,0.0,Bear,True
04c3bd416a052e09,train,https://c2.staticflickr.com/4/3619/3550292916_8e5edd21d6_o.jpg,https://www.flickr.com/photos/rickmccharles/3550292916,https://creativecommons.org/licenses/by/2.0/,https://www.flickr.com/people/rickmccharles/,Rick McCharles,166,1611832,iFK8ZPeJ8aiQPT8DowZ+VA==,https://c5.staticflickr.com/4/3619/3550292916_13e2b50b73_z.jpg,0.0,Bear,True
14f0708f049e8077,train,https://farm8.staticflickr.com/1183/1470127728_6049048f14_o.jpg,https://www.flickr.com/photos/jumpyjodes/1470127728,https://creativecommons.org/licenses/by/2.0/,https://www.flickr.com/people/jumpyjodes/,Jodie Wilson,sleep like a log,3963605,LD0xe/XOV8LQpIZntta5bw==,https://c5.staticflickr.com/2/1183/1470127728_6b3e0c7fb3_z.jpg,0.0,Bear,True
683d725b4d64a1cb,train,https://c4.staticflickr.com/4/3633/3636201866_c45acb82dc_o.jpg,https://www.flickr.com/photos/lisadragon/3636201866,https://creativecommons.org/licenses/by/2.0/,https://www.flickr.com/people/lisadragon/,Lisa Omarali,65/365 (Explored),129090,wNyAaMbpJ12vL3fGNm7NMg==,https://c2.staticflickr.com/4/3633/3636201866_b7b6f8f3ef_z.jpg?zz=1,0.0,Bear,True
48a84505c002fd45,train,https://farm6.staticflickr.com/7188/6969640161_f4b772525c_o.jpg,https://www.flickr.com/photos/nonprofitorgs/6969640161,https://creativecommons.org/licenses/by/2.0/,https://www.flickr.com/people/nonprofitorgs/,Nonprofit Organizations,Polar Bears,105431,01ebVOhMPD4CYcmzZKoGDw==,https://c6.staticflickr.com/8/7188/6969640161_1907eb5820_z.jpg,0.0,Bear,True
589de9234c41f0f0,train,https://farm1.staticflickr.com/6086/6103358139_73bdb381a4_o.jpg,https://www.flickr.com/photos/biodivlibrary/6103358139,https://creativecommons.org/licenses/by/2.0/,https://www.flickr.com/people/biodivlibrary/,Biodiversity Heritage Library,n20_w1150,794600,konyMfr9XuEn/nqzXlG6hw==,https://c8.staticflickr.com/7/6086/6103358139_b44fc84c3d_z.jpg,0.0,Bear,True
ddb8693b4be9dd46,train,https://farm7.staticflickr.com/2779/4212821216_cf2db738b7_o.jpg,https://www.flickr.com/photos/9918311@N02/4212821216,https://creativecommons.org/licenses/by/2.0/,https://www.flickr.com/people/9918311@N02/,Zechariah  Judy,Bear in exhibit looks for food,1818832,GbdRoNzOgEgvNC5bqw3MsQ==,https://c2.staticflickr.com/3/2779/4212821216_bc9493d615_z.jpg,0.0,Bear,True
0bafb16c6ef63548,train,https://c1.staticflickr.com/1/179/371479782_c4ad50733d_o.jpg,https://www.flickr.com/photos/montage_man/371479782,https://creativecommons.org/licenses/by/2.0/,https://www.flickr.com/people/montage_man/,@joefoodie,Rogue Sea Otter Amber Ale,175700,eoUV4NfHQyfjf6cdhPxuqQ==,https://c6.staticflickr.com/1/179/371479782_c4ad50733d_z.jpg,0.0,Bear,True
1bdb391211281e84,train,https://farm5.staticflickr.com/126/353630358_e9a724717e_o.jpg,https://www.flickr.com/photos/iotae/353630358,https://creativecommons.org/licenses/by/2.0/,https://www.flickr.com/people/iotae/,Aaron,Bear Therapy,761443,MCtoO/S7xlP9W2RoD3YR3A==,https://c4.staticflickr.com/1/126/353630358_e9a724717e_z.jpg,0.0,Bear,True
9b4d1b4a94c192ba,train,https://c3.staticflickr.com/4/3845/14679877010_beef3edd6b_o.jpg,https://www.flickr.com/photos/karen_od/14679877010,https://creativecommons.org/licenses/by/2.0/,https://www.flickr.com/people/karen_od/,Karen,upload,102872,gzFNPmu2kVkCAA52ig/1kw==,https://c5.staticflickr.com/4/3845/14679877010_1a474c9f29_z.jpg,0.0,Bear,True
82d50d400a2ed3b9,train,https://c2.staticflickr.com/1/15/22198358_fe988e96ef_o.jpg,https://www.flickr.com/photos/subzonica/22198358,https://creativecommons.org/licenses/by/2.0/,https://www.flickr.com/people/subzonica/,Hernán García Crespo,Oso2,521880,TiKcuntlyhJHj0IJ90ve1w==,https://c2.staticflickr.com/1/15/22198358_fe988e96ef_z.jpg?zz=1,0.0,Bear,True
d3ffd44527772abb,train,https://c4.staticflickr.com/3/2466/3767524315_53bddf7ec4_o.jpg,https://www.flickr.com/photos/lewing/3767524315,https://creativecommons.org/licenses/by/2.0/,https://www.flickr.com/people/lewing/,Larry Ewing,fifteen,6950816,uUilVoVIWuDojdcpfMgSyw==,https://c6.staticflickr.com/3/2466/3767524315_b99de2767d_z.jpg,0.0,Bear,True
0026dba416ffd0df,train,https://c8.staticflickr.com/8/7340/11373542116_15aef699de_o.jpg,https://www.flickr.com/photos/72562013@N06/11373542116,https://creativecommons.org/licenses/by/2.0/,https://www.flickr.com/people/72562013@N06/,Chris Phutully,Legends Football League,5093254,rHSuTQ1maLhIg8dDaiAYqg==,https://c1.staticflickr.com/8/7340/11373542116_cd2fda889a_z.jpg,0.0,Bear,True
9bf0992d79a1f87d,train,https://c6.staticflickr.com/6/5559/14905490426_1719f5d74a_o.jpg,https://www.flickr.com/photos/22711505@N05/14905490426,https://creativecommons.org/licenses/by/2.0/,https://www.flickr.com/people/22711505@N05/,Ron Cogswell,Panda on a Bicycle -- Mobile in the Lee-Harrison Shopping Center Alington (VA) 2014,1153450,YD1ohIzEZiIQycG/IVIhpQ==,https://c2.staticflickr.com/6/5559/14905490426_cb24a9870d_z.jpg,0.0,Bear,True
f5d5ab0976c2f1fd,train,https://c6.staticflickr.com/8/7519/15670608304_cd7033474c_o.jpg,https://www.flickr.com/photos/100780486@N02/15670608304,https://creativecommons.org/licenses/by/2.0/,https://www.flickr.com/people/100780486@N02/,Mertie .,Podgey Bear on Holidays,4450946,GvelB/ehjLMzDLxCAe01Tg==,https://c2.staticflickr.com/8/7519/15670608304_bf72c39e76_z.jpg,0.0,Bear,True
0085a42af18e47ed,train,https://c6.staticflickr.com/4/3394/3176645560_799a8a8e40_o.jpg,https://www.flickr.com/photos/londonmatt/3176645560/,https://creativecommons.org/licenses/by/2.0/,https://www.flickr.com/people/londonmatt/,Matt Brown,Knitwits: #5 policeman,49950,l6RIiKxab6/kEawz3nhAqA==,https://c6.staticflickr.com/4/3394/3176645560_d1811f31d4_z.jpg?zz=1,0.0,Bear,True
32562248b3268177,train,https://farm8.staticflickr.com/8174/7961756102_c8980bff62_o.jpg,https://www.flickr.com/photos/ruocaled/7961756102,https://creativecommons.org/licenses/by/2.0/,https://www.flickr.com/people/ruocaled/,Ruocaled,Tired Bear Woker,1671836,q43Hn/mLULxQ7tsm1sWdow==,https://c8.staticflickr.com/9/8174/7961756102_014949715a_z.jpg,0.0,Bear,True
02220553b65c5e1b,train,https://c4.staticflickr.com/5/4134/4878852595_d39962fa74_o.jpg,https://www.flickr.com/photos/27295482@N00/4878852595/,https://creativecommons.org/licenses/by/2.0/,https://www.flickr.com/people/27295482@N00/,Martha Garvey,Wish I was going back to Queechy Lake!,40261,tv/ka3GKAZEqh8MFwW3Ecg==,,,Bear,True
2dcf884d0d008018,train,https://c1.staticflickr.com/9/8293/7761996904_8317934961_o.jpg,https://www.flickr.com/photos/amslerpix/7761996904,https://creativecommons.org/licenses/by/2.0/,https://www.flickr.com/people/amslerpix/,David Amsler,Bear in Stream,2089734,neSQYHMpkFeMVGeAH+DhUQ==,https://c1.staticflickr.com/9/8293/7761996904_d1aacec1d4_z.jpg,0.0,Bear,True
16a0967ee3affadc,train,https://c5.staticflickr.com/5/4087/5189543986_09e2a48527_o.jpg,https://www.flickr.com/photos/poitinjimmie/5189543986,https://creativecommons.org/licenses/by/2.0/,https://www.flickr.com/people/poitinjimmie/,Jeremy King,Gulley,852030,MMHPhOjyJW6IUsgTiAHinA==,https://c3.staticflickr.com/5/4087/5189543986_37bf10e676_z.jpg,0.0,Bear,True
6f17ca59af5a6188,train,https://c1.staticflickr.com/5/4101/4917636316_71a3a107a2_o.jpg,https://www.flickr.com/photos/77419347@N00/4917636316,https://creativecommons.org/licenses/by/2.0/,https://www.flickr.com/people/jgates513/,James Gates,bear pictures,1846122,yqMSh8GFx1G+I+L0dbPA2g==,https://c6.staticflickr.com/5/4101/4917636316_58e102b1e5_z.jpg,0.0,Bear,True
f1184ac1e740fac5,train,https://farm6.staticflickr.com/445/19146341703_5322540d97_o.jpg,https://www.flickr.com/photos/24701943@N00/19146341703,https://creativecommons.org/licenses/by/2.0/,https://www.flickr.com/people/mikeskki/,Mike Skrzynski,88 Strong 2015 Panel Illustration,474847,qFbvA9Fe4/rHy6ueJfLvkA==,https://c8.staticflickr.com/1/445/19146341703_f4e37d758f_z.jpg,0.0,Bear,True
0c9ba23768b0ceb9,train,https://c2.staticflickr.com/8/7440/9743366722_63041699ee_o.jpg,https://www.flickr.com/photos/16179216@N07/9743366722,https://creativecommons.org/licenses/by/2.0/,https://www.flickr.com/people/16179216@N07/,Barry Lewis,"&quot;I've Told You A Million Times, Don't Exaggerate!&quot;",873612,cDRT2TL/1SNXSve1FYR7TQ==,https://c8.staticflickr.com/8/7440/9743366722_e5364b5eec_z.jpg,,Bear,True
11c190280579996e,train,https://c7.staticflickr.com/6/5548/14038859258_779589689d_o.jpg,https://www.flickr.com/photos/adactio/14038859258,https://creativecommons.org/licenses/by/2.0/,https://www.flickr.com/people/adactio/,Jeremy Keith,Panda,268002,8nDpOhhYMXnC41PRUnZCbQ==,https://c1.staticflickr.com/6/5548/14038859258_8fd596c3bb_z.jpg,0.0,Bear,True
08edadfeb9e6ddc1,train,https://farm2.staticflickr.com/7442/16256298488_1b4ee737e8_o.jpg,https://www.flickr.com/photos/shankaronline/16256298488,https://creativecommons.org/licenses/by/2.0/,https://www.flickr.com/people/shankaronline/,shankar s.,Was this the same bear in the Al Ain Zoo?,4151059,uEzQF/8J1RdTIEZD1ELmzg==,https://c3.staticflickr.com/8/7442/16256298488_3af5c728b5_z.jpg,0.0,Bear,True
1d5a3fc1710e92bb,train,https://c4.staticflickr.com/5/4110/4847010341_c78ae7edf8_o.jpg,https://www.flickr.com/photos/29278394@N00/4847010341,https://creativecommons.org/licenses/by/2.0/,https://www.flickr.com/people/29278394@N00/,normanack,I did it!,5812272,I5vdTCxMRViTIx5Y0fn8zw==,https://c5.staticflickr.com/5/4110/4847010341_782d7cdd03_z.jpg,0.0,Bear,True
0e288ef402fccd3a,train,https://c3.staticflickr.com/4/3645/3612710795_96e6d498e7_o.jpg,https://www.flickr.com/photos/ltansey/3612710795,https://creativecommons.org/licenses/by/2.0/,https://www.flickr.com/people/ltansey/,ltansey,"Giant Panda, Kunming Zoo",1463330,Xra3RIlcPNAWOuzWhyd52w==,https://c1.staticflickr.com/4/3645/3612710795_bb888283b0_z.jpg,,Bear,True
00e32ed9219749a7,train,https://farm8.staticflickr.com/4109/5034954946_dd7398873d_o.jpg,https://www.flickr.com/photos/54397539@N06/5034954946,https://creativecommons.org/licenses/by/2.0/,https://www.flickr.com/people/54397539@N06/,gordonramsaysubmissions,gordon-ramsay-6,47849,cpubFmMthIWYbCZP/6W4Yg==,,,Bear,True
237814a676a53de3,train,https://farm4.staticflickr.com/8152/7537495478_db81a8f2e9_o.jpg,https://www.flickr.com/photos/saucysalad/7537495478,https://creativecommons.org/licenses/by/2.0/,https://www.flickr.com/people/saucysalad/,Rebecca Wilson,Black bear buddy,9256501,ukvplD1DzJlWJl868Es+dw==,https://c4.staticflickr.com/9/8152/7537495478_e4226df0b7_z.jpg,0.0,Bear,True
c0e79603f977fa89,train,https://c2.staticflickr.com/6/5484/13821132224_60dfd08caa_o.jpg,https://www.flickr.com/photos/yamauchibukuro/13821132224,https://creativecommons.org/licenses/by/2.0/,https://www.flickr.com/people/yamauchibukuro/,yamauchi,点検済パンダ,421069,KNPEHmbRkP5Lmy2MYjCGKg==,https://c2.staticflickr.com/6/5484/13821132224_583d706dd0_z.jpg,0.0,Bear,True
4ae22a5dad05c62b,train,https://c4.staticflickr.com/7/6173/6174612519_a601f2fe0a_o.jpg,https://www.flickr.com/photos/frogbelly/6174612519/,https://creativecommons.org/licenses/by/2.0/,https://www.flickr.com/people/frogbelly/,The_Gut,IMG_3130,4796572,6HcSGyl2mm23r7VwszJ8Bg==,https://c7.staticflickr.com/7/6173/6174612519_7099ae3dc1_z.jpg,0.0,Bear,True
ed960238e6dd9f0d,train,https://c6.staticflickr.com/4/3717/12472736454_d80c38f018_o.jpg,https://www.flickr.com/photos/robtrick/12472736454,https://creativecommons.org/licenses/by/2.0/,https://www.flickr.com/people/robtrick/,Robert Trick Johnston,#zoo #owl #torontozoo #bald #eagle #bird #polar #bear #polarbear,126127,nOOdBQcTAne7M7vlZm/bwg==,https://c2.staticflickr.com/4/3717/12472736454_54b6056110_z.jpg,0.0,Bear,True
1db4bd668dc050cf,train,https://c8.staticflickr.com/1/24/53077312_5b03815712_o.jpg,https://www.flickr.com/photos/ruthanddave/53077312,https://creativecommons.org/licenses/by/2.0/,https://www.flickr.com/people/ruthanddave/,Ruth Hartnup,Brown bear,617163,qdpfUlyhz6MtxAWzgTjnGQ==,https://c5.staticflickr.com/1/24/53077312_5b03815712_z.jpg,0.0,Bear,True
b887951ec98aefa4,train,https://farm5.staticflickr.com/124/358917434_0bd6e5b21a_o.jpg,https://www.flickr.com/photos/critelliz/358917434,https://creativecommons.org/licenses/by/2.0/,https://www.flickr.com/people/critelliz/,Zaylon Critelli,IMG_1160,3386306,9S4dZf6Q349FHcAT4Y2d8w==,https://c5.staticflickr.com/1/124/358917434_0bd6e5b21a_z.jpg,0.0,Bear,True
889b227e75bbbfe7,train,https://farm8.staticflickr.com/3295/2975855567_01bba9d6ca_o.jpg,https://www.flickr.com/photos/millsbaker/2975855567,https://creativecommons.org/licenses/by/2.0/,https://www.flickr.com/people/millsbaker/,Mills Baker,IMG_7321.JPG,4308816,IEgjh9R1ZXaWs3pRC1AmDQ==,https://c2.staticflickr.com/4/3295/2975855567_e2b053d913_z.jpg,0.0,Bear,True
004c4ae05a363ccf,train,https://c8.staticflickr.com/8/7175/6591671129_b01473d312_o.jpg,https://www.flickr.com/photos/kasilof/6591671129,https://creativecommons.org/licenses/by/2.0/,https://www.flickr.com/people/kasilof/,Robert &amp; Pat Rogers,Chesapeake Bay Retriever in her element,9161155,JEW3yB4wl9//MLBnhRa9KA==,https://c2.staticflickr.com/8/7175/6591671129_181c3a10c7_z.jpg,0.0,Bear,True
5ec000e616442a2d,train,https://c6.staticflickr.com/3/2906/14415064317_9485aabb8a_o.jpg,https://www.flickr.com/photos/sporst/14415064317,https://creativecommons.org/licenses/by/2.0/,https://www.flickr.com/people/sporst/,sporst,Polar bear at a small museum,2143708,1pe4VcT6KqtoGOFwen37WQ==,https://c5.staticflickr.com/3/2906/14415064317_0a456a7bbf_z.jpg,0.0,Bear,True
b84f26576a7dd66c,train,https://c5.staticflickr.com/4/3936/15455750361_94eec608b1_o.jpg,https://www.flickr.com/photos/mapbox/15455750361,https://creativecommons.org/licenses/by/2.0/,https://www.flickr.com/people/mapbox/,Mapbox,PIx4D,226782,GM67yiCnPKtSq/AXazjODQ==,https://c5.staticflickr.com/4/3936/15455750361_b55b45b9f4_z.jpg,0.0,Bear,True
6326f70af57ed2b5,train,https://farm6.staticflickr.com/130/358917438_4edb8eb185_o.jpg,https://www.flickr.com/photos/critelliz/358917438,https://creativecommons.org/licenses/by/2.0/,https://www.flickr.com/people/critelliz/,Zaylon Critelli,IMG_1200,2742683,vjSbcFYtZeZj3XNGgzoxlg==,https://c6.staticflickr.com/1/130/358917438_4edb8eb185_z.jpg,0.0,Bear,True
478acbad2d55dfb7,train,https://farm8.staticflickr.com/3727/19592497510_3575485d64_o.jpg,https://www.flickr.com/photos/alaska_region/19592497510,https://creativecommons.org/licenses/by/2.0/,https://www.flickr.com/people/alaska_region/,USDA Forest Service Alaska Region,DSCN1611,1631695,rr9M3FlLwudDNq52vuXjdw==,https://c8.staticflickr.com/4/3727/19592497510_d204021692_z.jpg,0.0,Bear,True
9a17aff4e563b0cf,train,https://c8.staticflickr.com/4/3620/3423957874_f69422752d_o.jpg,https://www.flickr.com/photos/gillpenney/3423957874,https://creativecommons.org/licenses/by/2.0/,https://www.flickr.com/people/gillpenney/,gill_penney,"Giant Pandas, Chengdu, Sichuan april 2009  2203",5118084,79LfOA1vPaLk8BmVuCISNA==,https://c2.staticflickr.com/4/3620/3423957874_f9541291d4_z.jpg,,Bear,True
7baf898a6512dc9c,train,https://c5.staticflickr.com/4/3730/19479687649_dbc7f0cdb9_o.jpg,https://www.flickr.com/photos/donabelandewen/19479687649,https://creativecommons.org/licenses/by/2.0/,https://www.flickr.com/people/donabelandewen/,Ewen Roberts,Snoopy at Comic-Con,1921568,ZmS4j3rVnaw9uQ0ad3kjfg==,https://c7.staticflickr.com/4/3730/19479687649_23185d4ef9_z.jpg,270.0,Bear,True
1dcdf418a7e536a0,train,https://farm1.staticflickr.com/4099/4746393959_756e8f5e08_o.jpg,https://www.flickr.com/photos/jkirkhart35/4746393959,https://creativecommons.org/licenses/by/2.0/,https://www.flickr.com/people/jkirkhart35/,Jerry Kirkhart,Helicopter taking phots & Waving,3457079,TrxGvjaUcslPllPsQcsSZQ==,https://c7.staticflickr.com/5/4099/4746393959_b04b6bd6c1_z.jpg,0.0,Bear,True
032f23807a96a380,train,https://farm1.staticflickr.com/2022/2408336998_8eec754753_o.jpg,https://www.flickr.com/photos/dr-chuck/2408336998,https://creativecommons.org/licenses/by/2.0/,https://www.flickr.com/people/dr-chuck/,Charles Severance,Going to the Gig - Mr. Pickwik Pub - Geneva,21733,RzYGRIh5xANOJBuexZFmKA==,,,Bear,True
e83bf518744b28ed,train,https://c6.staticflickr.com/8/7716/16735585704_683a0ec2bb_o.jpg,https://www.flickr.com/photos/bushtography/16735585704,https://creativecommons.org/licenses/by/2.0/,https://www.flickr.com/people/bushtography/,Bushtography,DSC_5816.jpg,159737,JCwenu1ECVLE9NKNccw6Ag==,https://c5.staticflickr.com/8/7716/16735585704_41dede68ea_z.jpg,0.0,Bear,True
367bf93a454e1152,train,https://farm3.staticflickr.com/8675/16672211986_2f960ca349_o.jpg,https://www.flickr.com/photos/scubabix/16672211986,https://creativecommons.org/licenses/by/2.0/,https://www.flickr.com/people/scubabix/,Rob Bixby,JaxZoo_3-2-15-8138,15236283,lkQOj0LJJRU76H+AL1GtSg==,https://c2.staticflickr.com/9/8675/16672211986_f35c8369b5_z.jpg,0.0,Bear,True
ac23ff75c41efd08,train,https://c1.staticflickr.com/6/5126/5277240941_f47861141e_o.jpg,https://www.flickr.com/photos/noaaphotolib/5277240941,https://creativecommons.org/licenses/by/2.0/,https://www.flickr.com/people/noaaphotolib/,NOAA Photo Library,anim1864,259661,L8778+PEqT2xUJCuwtoXDg==,https://c5.staticflickr.com/6/5126/5277240941_ab226a7240_z.jpg,0.0,Bear,True
006c528316553ddd,train,https://c6.staticflickr.com/6/5122/5202254329_e7579a1bc8_o.jpg,https://www.flickr.com/photos/hatwoman/5202254329,https://creativecommons.org/licenses/by/2.0/,https://www.flickr.com/people/hatwoman/,Colleen A. Bryant,IMG_1720,27798,gSxq7Sh8j2nzD8yWezGo1w==,,,Bear,True
0270400677cf2497,train,https://farm8.staticflickr.com/1108/5109350296_0efb3140d6_o.jpg,https://www.flickr.com/photos/poopface/5109350296,https://creativecommons.org/licenses/by/2.0/,https://www.flickr.com/people/poopface/,jsnsndr,IMG00600-20101014-1025,59138,W8f1N33YGGTsg2DFjw8qlw==,https://c6.staticflickr.com/2/1108/5109350296_3ce313455e_z.jpg,0.0,Bear,True
122ead55b707d8ae,train,https://c7.staticflickr.com/1/56/118330194_f76ae88262_o.jpg,https://www.flickr.com/photos/mbowler/118330194,https://creativecommons.org/licenses/by/2.0/,https://www.flickr.com/people/mbowler/,Mike Bowler,Grizzly,158441,uhpTlyH2g//Wk3sDyIsJdw==,https://c4.staticflickr.com/1/56/118330194_f76ae88262_z.jpg?zz=1,0.0,Bear,True
51e6888793d16112,train,https://farm3.staticflickr.com/3061/3092558702_57b3d94ef3_o.jpg,https://www.flickr.com/photos/fpat/3092558702,https://creativecommons.org/licenses/by/2.0/,https://www.flickr.com/people/fpat/,fPat Murray,polar bear w/ tounge out,914550,T2o4gMFfoGC40deD40N0Nw==,https://c6.staticflickr.com/4/3061/3092558702_2dcc03bfc0_z.jpg,0.0,Bear,True
8ebe40f2f7eb88f8,train,https://c1.staticflickr.com/9/8148/6997820658_99dddd0f75_o.jpg,https://www.flickr.com/photos/megamc89/6997820658,https://creativecommons.org/licenses/by/2.0/,https://www.flickr.com/people/megamc89/,Megan McMillan,Sleepy Polar Bear,136656,U/h88K6lWPVIKM7WLsgpNA==,https://c3.staticflickr.com/9/8148/6997820658_44c7307a51_z.jpg,0.0,Bear,True
880430b303ea7f5b,train,https://c4.staticflickr.com/6/5496/11199312454_9f1fe16504_o.jpg,https://www.flickr.com/photos/edenpictures/11199312454,https://creativecommons.org/licenses/by/2.0/,https://www.flickr.com/people/edenpictures/,"Eden, Janine and Jim",Panda Bear,627449,Z9p9PLDhSYyGJSGftprpjg==,https://c4.staticflickr.com/6/5496/11199312454_68bb4bf58d_z.jpg,,Bear,True
01869dc1875075b7,train,https://farm8.staticflickr.com/4108/4947375110_ec475306d5_o.jpg,https://www.flickr.com/photos/kerotab/4947375110,https://creativecommons.org/licenses/by/2.0/,https://www.flickr.com/people/kerotab/,Kristin,Chocolate the Bear,8225811,HTvE95FbzGZi7jo1CIA7WQ==,https://c8.staticflickr.com/5/4108/4947375110_c310a25096_z.jpg,0.0,Bear,True
abb38bc63656cc45,train,https://farm6.staticflickr.com/3023/5817428761_f9e3f004af_o.jpg,https://www.flickr.com/photos/39709143@N00/5817428761,https://creativecommons.org/licenses/by/2.0/,https://www.flickr.com/people/39709143@N00/,AboutLondon,Me & Susan the straw fox outside Southbank Centre,2192456,M1a872rQJpfLQS6722F66Q==,https://c5.staticflickr.com/4/3023/5817428761_9a8506e689_z.jpg,0.0,Bear,True
009a87536af4fdef,train,https://c8.staticflickr.com/4/3046/2680951732_bbb9a22124_o.jpg,https://www.flickr.com/photos/dnsperu/2680951732,https://creativecommons.org/licenses/by/2.0/,https://www.flickr.com/people/dnsperu/,Dns.,Paisaje serrano,236693,q6SegATok77H4Pr6BpqDGg==,,,Bear,True
027b1f950c8ce6dc,train,https://c5.staticflickr.com/3/2058/2000988316_de59a632f3_o.jpg,https://www.flickr.com/photos/graeme/2000988316,https://creativecommons.org/licenses/by/2.0/,https://www.flickr.com/people/graeme/,Graeme Churchard,All you need to know,3786378,NZCyKOt5kHujF8U0To+Nuw==,https://c3.staticflickr.com/3/2058/2000988316_8d7c6d43cd_z.jpg,0.0,Bear,True
be200ca3675b65b1,train,https://farm2.staticflickr.com/2708/5836100440_6e1117d36f_o.jpg,https://www.flickr.com/photos/coolinsights/5836100440,https://creativecommons.org/licenses/by/2.0/,https://www.flickr.com/people/coolinsights/,Walter Lim,Wildlife in Canada,267460,Z6bh2vIXmwREZLYK8eKy1g==,https://c3.staticflickr.com/3/2708/5836100440_e12371c3ff_z.jpg,0.0,Bear,True
74a3a6c8f83a13be,train,https://c7.staticflickr.com/1/515/19530757520_dbe54d4ae2_o.jpg,https://www.flickr.com/photos/max-goldberg/19530757520,https://creativecommons.org/licenses/by/2.0/,https://www.flickr.com/people/max-goldberg/,Max Goldberg,Brooks Lodge,1078310,Nt/uXlUjs9XBYhno40Q7VQ==,https://c3.staticflickr.com/1/515/19530757520_4db864dc9e_z.jpg,0.0,Bear,True
2dc51b1b0a54bce9,train,https://c2.staticflickr.com/8/7145/6829559711_970c609329_o.jpg,https://www.flickr.com/photos/museumdetoulouse/6829559711,https://creativecommons.org/licenses/by/2.0/,https://www.flickr.com/people/museumdetoulouse/,Muséum de Toulouse,Quelle relation existe-t-il entre un ours blanc et un cactus ?,588126,5EvZI7LKGmM41ve0gGK3Lw==,https://c3.staticflickr.com/8/7145/6829559711_11e082a264_z.jpg,0.0,Bear,True
3d7b0849ef13cf3b,train,https://c4.staticflickr.com/1/97/253738752_8c2598fffd_o.jpg,https://www.flickr.com/photos/spakattacks/253738752,https://creativecommons.org/licenses/by/2.0/,https://www.flickr.com/people/spakattacks/,Amanda,High 5!,388431,Atr1Cw67HjNanWLg0f1BRg==,https://c8.staticflickr.com/1/97/253738752_8c2598fffd_z.jpg?zz=1,0.0,Bear,True
85dc410414f05874,train,https://farm5.staticflickr.com/3656/3423915436_43a5199352_o.jpg,https://www.flickr.com/photos/gillpenney/3423915436,https://creativecommons.org/licenses/by/2.0/,https://www.flickr.com/people/gillpenney/,gill_penney,"Giant Panda cub, ChengduSichuan april 2009 350D 2110",2465409,DnvYBcUaGTnA/oKa+wzCWg==,https://c8.staticflickr.com/4/3656/3423915436_38b06134f5_z.jpg,,Bear,True
289f01ceabcb4704,train,https://farm5.staticflickr.com/5297/5563670625_f2651e2f9d_o.jpg,https://www.flickr.com/photos/50548240@N06/5563670625,https://creativecommons.org/licenses/by/2.0/,https://www.flickr.com/people/50548240@N06/,Matt  Spurr,Panda in Chengdu,1627324,unWvgQbmJXyqRH+McMwDDA==,https://c7.staticflickr.com/6/5297/5563670625_6e48baaa55_z.jpg,0.0,Bear,True
ac0de0e5da98dffc,train,https://c5.staticflickr.com/6/5034/7391664108_837151db90_o.jpg,https://www.flickr.com/photos/wangjs/7391664108,https://creativecommons.org/licenses/by/2.0/,https://www.flickr.com/people/wangjs/,Jiashiang,"登別 - 熊牧場 Bear Park, Noboribetsu",2486173,lPdDLjEPvREoGO4NR00uwg==,https://c4.staticflickr.com/6/5034/7391664108_ba8716dacf_z.jpg,,Bear,True
003c626822b36f8c,train,https://c5.staticflickr.com/3/2700/4520190230_17c5d63b37_o.jpg,https://www.flickr.com/photos/zieak/4520190230,https://creativecommons.org/licenses/by/2.0/,https://www.flickr.com/people/zieak/,Ryan McFarland,Watching lions feed after a kill,69337,naBN6enk0fiH65YoDVN7BA==,https://c2.staticflickr.com/3/2700/4520190230_afc4ea86d0_z.jpg,0.0,Bear,True
26e41a669e3de263,train,https://farm4.staticflickr.com/2444/3582034852_7e57f4219a_o.jpg,https://www.flickr.com/photos/nostri-imago/3582034852,https://creativecommons.org/licenses/by/2.0/,https://www.flickr.com/people/nostri-imago/,Cliff,Giant Panda (Ailuropoda melanoleuca) &quot;Tian Tian&quot;,737173,kxcy1JCNDAnFfwy5bB103w==,https://c3.staticflickr.com/3/2444/3582034852_bc1eef0c8a_z.jpg,0.0,Bear,True
ce868c6c7ced1eca,train,https://c3.staticflickr.com/9/8892/17986321392_716b6f52ae_o.jpg,https://www.flickr.com/photos/hide10/17986321392,https://creativecommons.org/licenses/by/2.0/,https://www.flickr.com/people/hide10/,Hideto KOBAYASHI,DSC08078.jpg,12120685,zgW7vvTVJ2uUGauaVp4fdw==,https://c1.staticflickr.com/9/8892/17986321392_ab74f1675f_z.jpg,0.0,Bear,True
453e49111e340b7a,train,https://c3.staticflickr.com/5/4079/4904261489_c265b4531c_o.jpg,https://www.flickr.com/photos/ladydragonflyherworld/4904261489,https://creativecommons.org/licenses/by/2.0/,https://www.flickr.com/people/ladydragonflyherworld/,LadyDragonflyCC - &gt;;&lt;,Crystal & Cub Suki,906762,QtReFvM7OGIky9jsGF2lAw==,https://c8.staticflickr.com/5/4079/4904261489_e82bdbfd95_z.jpg,0.0,Bear,True
3dbc2f1f59d4caaf,train,https://c8.staticflickr.com/6/5189/5769573964_3c4a0e1c8e_o.jpg,https://www.flickr.com/photos/msvg/5769573964,https://creativecommons.org/licenses/by/2.0/,https://www.flickr.com/people/msvg/,Michael Gil,Such a Gloomy Day,561787,Q87MmXRG0N9JSBlZiCQAzA==,https://c2.staticflickr.com/6/5189/5769573964_4436758d81_z.jpg,0.0,Bear,True
c2c4cf750c4a5d84,train,https://farm5.staticflickr.com/1113/991225797_bf71989d9f_o.jpg,https://www.flickr.com/photos/azrainman/991225797,https://creativecommons.org/licenses/by/2.0/,https://www.flickr.com/people/azrainman/,Mark Rain,Save the Bears,395136,geoL26kbw6xMwZzWJNpHUQ==,https://c2.staticflickr.com/2/1113/991225797_592a867911_z.jpg?zz=1,0.0,Bear,True
00af074ad16fe3a7,train,https://farm8.staticflickr.com/5452/9424619892_23edbf3349_o.jpg,https://www.flickr.com/photos/ronmacphotos/9424619892/,https://creativecommons.org/licenses/by/2.0/,https://www.flickr.com/people/ronmacphotos/,Ronnie Macdonald,Frecce Tricolori,1884677,wdjgudF8LmlFmdBkWz6o4w==,https://c2.staticflickr.com/6/5452/9424619892_4ab4ca2e63_z.jpg,0.0,Bear,True
2b65c3491c8eb187,train,https://farm8.staticflickr.com/7354/9247086999_33b88ed6cc_o.jpg,https://www.flickr.com/photos/jcapaldi/9247086999,https://creativecommons.org/licenses/by/2.0/,https://www.flickr.com/people/jcapaldi/,"Jim, the Photographer",IMG_2716,9009009,3L27KI9Rfizone/aQnBszQ==,https://c6.staticflickr.com/8/7354/9247086999_be8097744c_z.jpg,,Bear,True
fbb8c98c0d1381a9,train,https://c2.staticflickr.com/1/28/45528990_bba4d04267_o.jpg,https://www.flickr.com/photos/dolboeb/45528990,https://creativecommons.org/licenses/by/2.0/,https://www.flickr.com/people/dolboeb/,Anton Nossik,Bears,2446201,mMaASVpr8o2EPbed4wPmdg==,https://c3.staticflickr.com/1/28/45528990_bba4d04267_z.jpg,0.0,Bear,True
91c8b433229ad7cb,train,https://c4.staticflickr.com/8/7406/12204953893_1c2b390226_o.jpg,https://www.flickr.com/photos/mom2sofia/12204953893,https://creativecommons.org/licenses/by/2.0/,https://www.flickr.com/people/mom2sofia/,Elena Roussakis,creative packaging {SSS wednesday challenge},1330464,vFXf8xpeDFy/qaOlpqC2JQ==,https://c8.staticflickr.com/8/7406/12204953893_49d60b62b1_z.jpg,0.0,Bear,True
7fcd3e7503ca22a4,train,https://farm5.staticflickr.com/8459/8006340797_1d5b011611_o.jpg,https://www.flickr.com/photos/frontierofficial/8006340797,https://creativecommons.org/licenses/by/2.0/,https://www.flickr.com/people/frontierofficial/,Frontierofficial,China Breeding Programme,88710,Ot4S6w1bwTi0HruT1qYTVQ==,https://c8.staticflickr.com/9/8459/8006340797_c83a137367_z.jpg,0.0,Bear,True
7773dcec1af6dd14,train,https://farm5.staticflickr.com/6209/6132305600_d9809ba624_o.jpg,https://www.flickr.com/photos/su-may/6132305600,https://creativecommons.org/licenses/by/2.0/,https://www.flickr.com/people/su-may/,Su--May,Cheng Du Panda Base,1001939,SE+6QpTqyrsoROkkduSpDQ==,https://c6.staticflickr.com/7/6209/6132305600_d49ca13ccd_z.jpg,0.0,Bear,True
0429f742588b3f22,train,https://farm3.staticflickr.com/4092/5068843766_a51227dc06_o.jpg,https://www.flickr.com/photos/jamx/5068843766,https://creativecommons.org/licenses/by/2.0/,https://www.flickr.com/people/jamx/,jamie.lovelock,DSC_7255,2301693,cylI7oLiu3aQgMdXXceXqA==,https://c4.staticflickr.com/5/4092/5068843766_08683c43ed_z.jpg,0.0,Bear,True
0543deea2230f4ce,train,https://c7.staticflickr.com/7/6031/5878221414_b685856445_o.jpg,https://www.flickr.com/photos/rusty_clark/5878221414,https://creativecommons.org/licenses/by/2.0/,https://www.flickr.com/people/rusty_clark/,Rusty Clark - On the Air M-F 8am-noon,Zoar Picnic Area - Mohawk Trail,445318,dYtJi26G0IdXhnvmqpfpRQ==,https://c5.staticflickr.com/7/6031/5878221414_a693aba57c_z.jpg,0.0,Bear,True
68422c7867b9d98a,train,https://c3.staticflickr.com/8/7365/13187278705_d701a68f7f_o.jpg,https://www.flickr.com/photos/96584021@N05/13187278705,https://creativecommons.org/licenses/by/2.0/,https://www.flickr.com/people/96584021@N05/,Eirien,DSC_0623_Fotor,8454661,jlTPbe5ZBHQ+TxpqMEJxrg==,https://c4.staticflickr.com/8/7365/13187278705_1187285ea1_z.jpg,0.0,Bear,True
da0dd080084ba436,train,https://farm7.staticflickr.com/2632/4006956951_fc10bc4a4a_o.jpg,https://www.flickr.com/photos/rickmccharles/4006956951,https://creativecommons.org/licenses/by/2.0/,https://www.flickr.com/people/rickmccharles/,Rick McCharles,orphaned grizzly bear,1135463,RqBIsMB/QF33JtsMV6jZmA==,https://c6.staticflickr.com/3/2632/4006956951_7cfffb8bce_z.jpg,0.0,Bear,True
0528b5167b282ba3,train,https://farm4.staticflickr.com/3639/3667160821_c90c6b3cae_o.jpg,https://www.flickr.com/photos/gueben/3667160821,https://creativecommons.org/licenses/by/2.0/,https://www.flickr.com/people/gueben/,Benoît,Panda !,4323336,17gRro5l2tHexj34l8M7pw==,https://c7.staticflickr.com/4/3639/3667160821_99abfa8d74_z.jpg,0.0,Bear,True
006bd20fc9c687fc,train,https://c5.staticflickr.com/3/2426/3661502770_3f71456056_o.jpg,https://www.flickr.com/photos/amandagarciamartin/3661502770,https://creativecommons.org/licenses/by/2.0/,https://www.flickr.com/people/amandagarciamartin/,Amanda García Martín,DSCN0550,404113,mlpvpZP65Lncj0AHvVVrCA==,https://c8.staticflickr.com/3/2426/3661502770_57304fe453_z.jpg?zz=1,0.0,Bear,True
ba4c58bdc382c81c,train,https://c5.staticflickr.com/4/3934/15439038292_337aca081c_o.jpg,https://www.flickr.com/photos/jimmybrown/15439038292,https://creativecommons.org/licenses/by/2.0/,https://www.flickr.com/people/jimmybrown/,jimmy brown,Narrow Escape !,6959661,uEsStu4dtLLziB6ycGJtJA==,https://c2.staticflickr.com/4/3934/15439038292_523398b12b_z.jpg,0.0,Bear,True
0000fcb8ed0ea243,train,https://farm4.staticflickr.com/3493/3786080126_bc0698b97b_o.jpg,https://www.flickr.com/photos/ryc-behindthelens/3786080126,https://creativecommons.org/licenses/by/2.0/,https://www.flickr.com/people/ryc-behindthelens/,RyC - Behind The Lens,IMG_6266,3880946,6BkmtIi1CPIDC8IwfbEVvA==,https://c4.staticflickr.com/4/3493/3786080126_a141de6417_z.jpg,0.0,Bear,True
18ec23c3e74da494,train,https://farm5.staticflickr.com/7254/7006386059_c1b56631fd_o.jpg,https://www.flickr.com/photos/76338186@N03/7006386059,https://creativecommons.org/licenses/by/2.0/,https://www.flickr.com/people/76338186@N03/,Kumweni,"Swans, Slimbridge, Gloucestershire",546305,feS4R/naLLBBPe8TFBhmJQ==,https://c5.staticflickr.com/8/7254/7006386059_76b93c4198_z.jpg,,Bear,True
bf7a1782e8cbe4bb,train,https://c4.staticflickr.com/3/2480/3712340762_1ba147022b_o.jpg,https://www.flickr.com/photos/yulucs/3712340762,https://creativecommons.org/licenses/by/2.0/,https://www.flickr.com/people/yulucs/,Lu Yu,Pereza Sloth 七宗罪之-- 懒惰,6037736,KJwVyHRUq+mc0DpB0OJBNw==,https://c2.staticflickr.com/3/2480/3712340762_9d7856469f_z.jpg,0.0,Bear,True
0002003cef831f6f,train,https://c8.staticflickr.com/3/2699/4267230767_96d08c4098_o.jpg,https://www.flickr.com/photos/blakespot/4267230767,https://creativecommons.org/licenses/by/2.0/,https://www.flickr.com/people/blakespot/,Blake Patterson,Disney World '10,3086436,PLNXoeXldeKqEE5EEBHDuw==,https://c4.staticflickr.com/3/2699/4267230767_0067f7f39b_z.jpg,0.0,Bear,True
f204233769ef5d59,train,https://c2.staticflickr.com/1/535/19700352493_b547995992_o.jpg,https://www.flickr.com/photos/jared422/19700352493,https://creativecommons.org/licenses/by/2.0/,https://www.flickr.com/people/jared422/,Jared,Tampa - Lowry Park Zoo - Zoominations - Panda (3),1723148,tIADjHsAjvIdLke13qaTeg==,https://c2.staticflickr.com/1/535/19700352493_84cd23cfd8_z.jpg,0.0,Bear,True
28094041a4a51400,train,https://farm1.staticflickr.com/2715/4412663108_923303b0f4_o.jpg,https://www.flickr.com/photos/40321260@N05/4412663108,https://creativecommons.org/licenses/by/2.0/,https://www.flickr.com/people/40321260@N05/,sfg828,Sloth Bear Tongue Out,1372246,fgkevSBSDjHFu3MRJENoxg==,https://c2.staticflickr.com/3/2715/4412663108_43e8ffd247_z.jpg,0.0,Bear,True
00a8991c15f0eb06,train,https://farm7.staticflickr.com/5275/7044696081_a8b156bb3d_o.jpg,https://www.flickr.com/photos/felixum8888/7044696081,https://creativecommons.org/licenses/by/2.0/,https://www.flickr.com/people/felixum8888/,felixum8888,Tale &quot;Ripka&quot; cover by N. Alexeev (1925),4081662,3DoB7GZfNnJONz8ShMSBMA==,https://c3.staticflickr.com/6/5275/7044696081_b6f1579365_z.jpg,0.0,Bear,True
8e8c550e5abdcfed,train,https://c6.staticflickr.com/9/8668/15659906300_bd98674ba6_o.jpg,https://www.flickr.com/photos/thoseguys119/15659906300/,https://creativecommons.org/licenses/by/2.0/,https://www.flickr.com/people/thoseguys119/,ThoseGuys119,First Student #10,4846275,bQ1Fid3mSKKyETT8bLZ0yQ==,https://c8.staticflickr.com/9/8668/15659906300_bd58993861_z.jpg,0.0,Bear,True
e72d343c707b358a,train,https://c3.staticflickr.com/6/5443/9315544603_12c48ed4fb_o.jpg,https://www.flickr.com/photos/rodeime/9315544603,https://creativecommons.org/licenses/by/2.0/,https://www.flickr.com/people/rodeime/,Roderick Eime,Panda,846350,8FNqxKaz1138VOnXN8Fgqg==,https://c6.staticflickr.com/6/5443/9315544603_5a6d65c3f9_z.jpg,0.0,Bear,True
178dc55fe6897baa,train,https://c3.staticflickr.com/4/3145/3031663346_30571314f0_o.jpg,https://www.flickr.com/photos/fncll/3031663346,https://creativecommons.org/licenses/by/2.0/,https://www.flickr.com/people/fncll/,Chris Lott,David and Aaron,307885,ZMs7W4vHdFzpLusxbBKx7g==,,,Bear,True
3967360c1f0faba4,train,https://farm5.staticflickr.com/55/126255672_a3932a1831_o.jpg,https://www.flickr.com/photos/mozzercork/126255672,https://creativecommons.org/licenses/by/2.0/,https://www.flickr.com/people/mozzercork/,mozzercork,panda,543452,V4Yo/L28Uvf/TBnmAIxzYQ==,https://c7.staticflickr.com/1/55/126255672_a3932a1831_z.jpg?zz=1,0.0,Bear,True
42cc17b7897abeeb,train,https://c4.staticflickr.com/8/7409/16433905676_2ef8ff7832_o.jpg,https://www.flickr.com/photos/ranna/16433905676,https://creativecommons.org/licenses/by/2.0/,https://www.flickr.com/people/ranna/,Madison Scott-Clary,Photo-A-Day 6,4033819,3wZRAjjEMx3nuQr15s/XLQ==,https://c2.staticflickr.com/8/7409/16433905676_a36e01aa6b_z.jpg,0.0,Bear,True
560c1e3b7c36eca3,train,https://farm4.staticflickr.com/8520/8615666006_2d9d816a51_o.jpg,https://www.flickr.com/photos/tuchodi/8615666006,https://creativecommons.org/licenses/by/2.0/,https://www.flickr.com/people/tuchodi/,tuchodi,Sure Sign of Spring,949409,sEBLhsXVqE4YA5G4toKQpw==,https://c8.staticflickr.com/9/8520/8615666006_02385be19a_z.jpg,0.0,Bear,True
c0926ba7d6136512,train,https://farm3.staticflickr.com/6018/6013696172_8ac9f28be6_o.jpg,https://www.flickr.com/photos/christophercarfi/6013696172,https://creativecommons.org/licenses/by/2.0/,https://www.flickr.com/people/christophercarfi/,Christopher Carfi,hey @armano! some #believing going on at #blogher11,84327,uF7OISNlc07Zy9inaP4eRQ==,,,Bear,True
5709b1a0e9f83428,train,https://c1.staticflickr.com/2/1319/1408367509_e35ea4adb1_o.jpg,https://www.flickr.com/photos/tfarrell/1408367509,https://creativecommons.org/licenses/by/2.0/,https://www.flickr.com/people/tfarrell/,ToddBF,black bear in Pinecrest,114024,2Wz7lNYUEABeiA4S7laxlA==,,,Bear,True
3c3233e7268fed0a,train,https://c3.staticflickr.com/4/3742/9245042387_464761ffb7_o.jpg,https://www.flickr.com/photos/imaginecup/9245042387,https://creativecommons.org/licenses/by/2.0/,https://www.flickr.com/people/imaginecup/,ImagineCup,Team Nudge From Cyprus presentation,3578588,fnVtpMHKADunYuid7k463w==,https://c6.staticflickr.com/4/3742/9245042387_2d5e46249c_z.jpg,0.0,Bear,True
00498441a46edaac,train,https://c5.staticflickr.com/5/4008/4608758162_ee94e7fea3_o.jpg,https://www.flickr.com/photos/sh1mmer/4608758162,https://creativecommons.org/licenses/by/2.0/,https://www.flickr.com/people/sh1mmer/,Tom Hughes-Croucher,IMG_0773,124535,MeKixCcBouRt+1H/dK2MnQ==,https://c6.staticflickr.com/5/4008/4608758162_ce1a55b0ee_z.jpg,0.0,Bear,True
4725edfd56effe07,train,https://farm8.staticflickr.com/5325/17178292217_908aa1c46f_o.jpg,https://www.flickr.com/photos/amslerpix/17178292217,https://creativecommons.org/licenses/by/2.0/,https://www.flickr.com/people/amslerpix/,David Amsler,Walking Bear,1314803,nzxGjTzwjBbrok0vNlK2tw==,https://c7.staticflickr.com/6/5325/17178292217_0f3cda97b1_z.jpg,0.0,Bear,True
0c49ee081821e3a9,train,https://c2.staticflickr.com/2/1253/913518289_b5a719bd63_o.jpg,https://www.flickr.com/photos/ozzywu1974/913518289,https://creativecommons.org/licenses/by/2.0/,https://www.flickr.com/people/ozzywu1974/,Joe Wu,San Diego Comic Con 2007 - Kung Fu Panda,700995,EHxmt9Q/ljGNGbYzl3Mxlw==,https://c4.staticflickr.com/2/1253/913518289_5021def7bc_z.jpg,0.0,Bear,True
2f1840edd3bb3e2e,train,https://c7.staticflickr.com/8/7119/6986470182_095420bcac_o.jpg,https://www.flickr.com/photos/polarbearuprising/6986470182,https://creativecommons.org/licenses/by/2.0/,https://www.flickr.com/people/polarbearuprising/,Polar Bear Uprising Photos,Chicago Polar Bear Event Photos 3,3148872,2wNvfBZbS0rGIa0dTI7GRA==,https://c4.staticflickr.com/8/7119/6986470182_2e2ebd84f8_z.jpg,0.0,Bear,True
f517bc46745bbcb0,train,https://farm1.staticflickr.com/3349/3255293462_10cde6fb18_o.jpg,https://www.flickr.com/photos/creepetz/3255293462,https://creativecommons.org/licenses/by/2.0/,https://www.flickr.com/people/creepetz/,Christiana,osos nuigurumi,132771,NGwKMFjeQJaE6dWF2eBIfg==,https://c2.staticflickr.com/4/3349/3255293462_fe704edc29_z.jpg?zz=1,0.0,Bear,True
00004c0084725c43,train,https://farm4.staticflickr.com/4070/4450951388_32ce3c2f00_o.jpg,https://www.flickr.com/photos/kimtaro/4450951388,https://creativecommons.org/licenses/by/2.0/,https://www.flickr.com/people/kimtaro/,Kim Ahlström,Tunnel in Ayasofya,3943202,PIbABEFmzJR5UzO3qUVjKQ==,https://c7.staticflickr.com/5/4070/4450951388_62655fc937_z.jpg,0.0,Bear,True
00cf1b59a57da240,train,https://farm1.staticflickr.com/4048/4221741546_53d8eae71e_o.jpg,https://www.flickr.com/photos/orinrobertjohn/4221741546,https://creativecommons.org/licenses/by/2.0/,https://www.flickr.com/people/orinrobertjohn/,Orin Zebest,Stoat in a Box,1056283,H8VSyERxiU+JsgtOeRDKMA==,https://c6.staticflickr.com/5/4048/4221741546_51f8810865_z.jpg,0.0,Bear,True
8a8417ac3235b65a,train,https://c3.staticflickr.com/1/538/19530734460_887192c1c0_o.jpg,https://www.flickr.com/photos/max-goldberg/19530734460,https://creativecommons.org/licenses/by/2.0/,https://www.flickr.com/people/max-goldberg/,Max Goldberg,Kenai Peninsula Day 1,563182,lrGJZ+yeMRe70DeBeuO6Vw==,https://c7.staticflickr.com/1/538/19530734460_bef341ec28_z.jpg,0.0,Bear,True
707bfbad02a0398d,train,https://c6.staticflickr.com/4/3449/3835166813_5ae765352f_o.jpg,https://www.flickr.com/photos/loadmagazine/3835166813,https://creativecommons.org/licenses/by/2.0/,https://www.flickr.com/people/loadmagazine/,FAN THE FIRE Magazine,4,73415,y3VjfzY1e+NuU9a5mFv/dg==,https://c5.staticflickr.com/4/3449/3835166813_842250cd28_z.jpg?zz=1,0.0,Bear,True
061b66ee5d0efa55,train,https://farm6.staticflickr.com/325/19625893705_0332f8345b_o.jpg,https://www.flickr.com/photos/cmichel67/19625893705,https://creativecommons.org/licenses/by/2.0/,https://www.flickr.com/people/cmichel67/,Christopher Michel,Polar Bears near the North Pole,1897615,pkBPF1YTpss6pt6K01kdPA==,https://c1.staticflickr.com/1/325/19625893705_fc2f6d06a3_z.jpg,0.0,Bear,True
019e2444de4e43cc,train,https://c5.staticflickr.com/1/19/23305637_2c9506d7ba_o.jpg,https://www.flickr.com/photos/galfred/23305637,https://creativecommons.org/licenses/by/2.0/,https://www.flickr.com/people/galfred/,Gail Frederick,"Looks like an owl - Tree stump in Hyde Park, London",154818,M5KT54XAlfWFgYHFj+/Caw==,https://c8.staticflickr.com/1/19/23305637_2c9506d7ba_z.jpg?zz=1,,Bear,True
db4882df4b47492a,train,https://c3.staticflickr.com/1/150/337767265_fd02cee71a_o.jpg,https://www.flickr.com/photos/osbornb/337767265,https://creativecommons.org/licenses/by/2.0/,https://www.flickr.com/people/osbornb/,Osbornb,Weightless,50055,px7nZyB/+PbZa/Gs2tcNhw==,https://c2.staticflickr.com/1/150/337767265_fd02cee71a_z.jpg?zz=1,0.0,Bear,True
267c3f6c958ba294,train,https://farm5.staticflickr.com/334/19514870910_3643400e10_o.jpg,https://www.flickr.com/photos/nat507/19514870910,https://creativecommons.org/licenses/by/2.0/,https://www.flickr.com/people/nat507/,Nathan Hughes Hamilton,"Map for &quot;Ghost Train to the Eastern Star&quot;, 2008",205942,S4Ch1eBA/QvdOguSVGcSuw==,https://c2.staticflickr.com/1/334/19514870910_fcbf1bf309_z.jpg,,Bear,True
848aef1b0459a166,train,https://farm7.staticflickr.com/3885/14724869865_d51e7e9e9a_o.jpg,https://www.flickr.com/photos/70360263@N03/14724869865,https://creativecommons.org/licenses/by/2.0/,https://www.flickr.com/people/70360263@N03/,Kim Singdahlsen,Oh Happy Day,251060,DV9Y0qpLh88k8a1JMc0Wvw==,https://c3.staticflickr.com/4/3885/14724869865_6f5f1600c2_z.jpg,0.0,Bear,True
7c5df425e160489a,train,https://c3.staticflickr.com/3/2499/4187854364_e49358bd01_o.jpg,https://www.flickr.com/photos/47993455@N00/4187854364,https://creativecommons.org/licenses/by/2.0/,https://www.flickr.com/people/47993455@N00/,damph,DSCF0489,478429,7gunNC41uncVp0vjhHH4aQ==,https://c7.staticflickr.com/3/2499/4187854364_4da6bbafce_z.jpg?zz=1,0.0,Bear,True
03b78f2218370ed8,train,https://c1.staticflickr.com/9/8303/7971641340_975ef82742_o.jpg,https://www.flickr.com/photos/biodivlibrary/7971641340,https://creativecommons.org/licenses/by/2.0/,https://www.flickr.com/people/biodivlibrary/,Biodiversity Heritage Library,n112_w1150,238202,FTaSLbLA7+XWFRf70JA5Dg==,https://c5.staticflickr.com/9/8303/7971641340_04eda2f29a_z.jpg,0.0,Bear,True
092f829562f47c88,train,https://c1.staticflickr.com/9/8149/7462106154_9f64d885c8_o.jpg,https://www.flickr.com/photos/46978844@N02/7462106154/,https://creativecommons.org/licenses/by/2.0/,https://www.flickr.com/people/46978844@N02/,Justin Close,_DSC0240,6159942,2UPBSFofwdyhxxvBF+yfyQ==,https://c3.staticflickr.com/9/8149/7462106154_d8ff06e0b1_z.jpg,0.0,Bear,True
06e7d4f974123f8c,train,https://c5.staticflickr.com/1/186/427717465_8f5e883113_o.jpg,https://www.flickr.com/photos/veritatem/427717465,https://creativecommons.org/licenses/by/2.0/,https://www.flickr.com/people/veritatem/,Heidi De Vries,stencil guy,355109,F3MpX1MFI380AOYqZxF17g==,https://c2.staticflickr.com/1/186/427717465_5d6b503a00_z.jpg?zz=1,0.0,Bear,True
02140de6852a1d05,train,https://farm6.staticflickr.com/7318/9001485244_2c00dfd574_o.jpg,https://www.flickr.com/photos/makoto-suzuki/9001485244,https://creativecommons.org/licenses/by/2.0/,https://www.flickr.com/people/makoto-suzuki/,Adriano Makoto Suzuki,Surprised Cat,2874262,P6qXSK1uajNSwkq0zMAnIw==,https://c5.staticflickr.com/8/7318/9001485244_0c584c1e51_z.jpg,0.0,Bear,True
a0170b78b2f234e3,train,https://farm4.staticflickr.com/140/321039507_53f5cbc5e1_o.jpg,https://www.flickr.com/photos/bluedino/321039507,https://creativecommons.org/licenses/by/2.0/,https://www.flickr.com/people/bluedino/,Matt,100_0243,912428,027lzFz0DJPTjIOpt8jQWw==,https://c3.staticflickr.com/1/140/321039507_53f5cbc5e1_z.jpg,0.0,Bear,True
009a8946ee925135,train,https://farm6.staticflickr.com/7021/6661568161_7fa74b650b_o.jpg,https://www.flickr.com/photos/62743992@N05/6661568161,https://creativecommons.org/licenses/by/2.0/,https://www.flickr.com/people/62743992@N05/,spadge6868,scooby_doo_pic 7,19414,9HDJFIxuLYxfvcANc7imng==,,,Bear,True
f66cf0f131119724,train,https://farm5.staticflickr.com/774/21164164490_c802c1c870_o.jpg,https://www.flickr.com/photos/dierkschaefer/21164164490,https://creativecommons.org/licenses/by/2.0/,https://www.flickr.com/people/dierkschaefer/,dierk schaefer,Mal wieder in der Wilhelma,5570329,J1gdLWiDy6lc0pSFZDT5bg==,https://c8.staticflickr.com/1/774/21164164490_13ab9639a7_z.jpg,0.0,Bear,True
217392ddb1e51459,train,https://c2.staticflickr.com/8/7143/6625628087_22a2493b98_o.jpg,https://www.flickr.com/photos/twmpyn/6625628087,https://creativecommons.org/licenses/by/2.0/,https://www.flickr.com/people/twmpyn/,Bronwyn D,Funi the panda,159422,v5mSbHhE8i3NxmxHABcPXA==,https://c2.staticflickr.com/8/7143/6625628087_b9d86eb821_z.jpg,0.0,Bear,True
fbb5b0b20210639a,train,https://c3.staticflickr.com/9/8349/8188939025_e42afc4157_o.jpg,https://www.flickr.com/photos/14108953@N02/8188939025,https://creativecommons.org/licenses/by/2.0/,https://www.flickr.com/people/14108953@N02/,Evan Hargus,Detroit Zoo - Polar Bear,1348514,DlcgNoZYSIGL/yvd4NM9Uw==,https://c1.staticflickr.com/9/8349/8188939025_9cb17b8166_z.jpg,0.0,Bear,True
3b9ed278832a85d2,train,https://farm3.staticflickr.com/2363/3540494109_6f19eed856_o.jpg,https://www.flickr.com/photos/tigergirl/3540494109,https://creativecommons.org/licenses/by/2.0/,https://www.flickr.com/people/tigergirl/,Laura,Minnesota Zoo,260298,IwUNdfvDLCRxOYhj214ilQ==,https://c2.staticflickr.com/3/2363/3540494109_a78ffa428d_z.jpg?zz=1,0.0,Bear,True
2e66de04d6f27184,train,https://farm5.staticflickr.com/3087/3092554506_42e41fd35b_o.jpg,https://www.flickr.com/photos/fpat/3092554506,https://creativecommons.org/licenses/by/2.0/,https://www.flickr.com/people/fpat/,fPat Murray,gorilla,2531117,QOalMffxGQxpJ2cCku4EfA==,https://c5.staticflickr.com/4/3087/3092554506_5a2bcfc0da_z.jpg,0.0,Bear,True
bbbe00b5cfce011f,train,https://c8.staticflickr.com/9/8579/15889025328_2926610753_o.jpg,https://www.flickr.com/photos/kathmandu/15889025328,https://creativecommons.org/licenses/by/2.0/,https://www.flickr.com/people/kathmandu/,S Pakhrin,Zoolights DC 2014,6078072,KTLojmlEUFzROFv0GM6WdQ==,https://c1.staticflickr.com/9/8579/15889025328_eda317225f_z.jpg,0.0,Bear,True
0038774fa82c4c63,train,https://farm4.staticflickr.com/3246/2857684776_1830129ac2_o.jpg,https://www.flickr.com/photos/24918962@N07/2857684776,https://creativecommons.org/licenses/by/2.0/,https://www.flickr.com/people/24918962@N07/,A.Poulos (Iya),Bison 2,664841,4lRm78PCVwm7utVBoo9cBA==,https://c7.staticflickr.com/4/3246/2857684776_6316a7952f_z.jpg?zz=1,0.0,Bear,True
5b1cf17bc74a468c,train,https://c5.staticflickr.com/8/7272/7540697194_0660b2112e_o.jpg,https://www.flickr.com/photos/moonimage/7540697194,https://creativecommons.org/licenses/by/2.0/,https://www.flickr.com/people/moonimage/,moonimage,Guest,113711,+IgtYAQ408sVkfI7ROymDw==,https://c6.staticflickr.com/8/7272/7540697194_8869d0903e_z.jpg,0.0,Bear,True
cf296be7b4753048,train,https://c1.staticflickr.com/5/4059/4629452591_4119bc8105_o.jpg,https://www.flickr.com/photos/rob-young/4629452591,https://creativecommons.org/licenses/by/2.0/,https://www.flickr.com/people/rob-young/,Rob Young,Red Panda,4126005,rG97OkWUS2yqzsmIhNhx0w==,https://c1.staticflickr.com/5/4059/4629452591_fa7af73d41_z.jpg,0.0,Bear,True
f6da553e11daf9da,train,https://c3.staticflickr.com/8/7245/7298922924_398f2df5ee_o.jpg,https://www.flickr.com/photos/davidwilson1949/7298922924,https://creativecommons.org/licenses/by/2.0/,https://www.flickr.com/people/davidwilson1949/,David Wilson,"20000916 02 Bear & Shieldkrote, @ B&B near Riggins, ID",332489,ac9FpOSfRPJCzVz31L638w==,https://c2.staticflickr.com/8/7245/7298922924_a97ccf8969_z.jpg,,Bear,True
0574cfdd1f8bfaa6,train,https://farm7.staticflickr.com/413/19530731600_61fd7e8b1c_o.jpg,https://www.flickr.com/photos/max-goldberg/19530731600,https://creativecommons.org/licenses/by/2.0/,https://www.flickr.com/people/max-goldberg/,Max Goldberg,Kenai Peninsula Day 2,1110656,yg4LqIyjUw0ecYH1uARJiQ==,https://c8.staticflickr.com/1/413/19530731600_b0941454b3_z.jpg,0.0,Bear,True
023058ec02eb762e,train,https://c7.staticflickr.com/8/7388/16575010465_081038dcf2_o.jpg,https://www.flickr.com/photos/katmainps/16575010465,https://creativecommons.org/licenses/by/2.0/,https://www.flickr.com/people/katmainps/,Katmai National Park and Preserve,DSC_0201 (2) Cropped,864988,WvuuOmIxXfiGiG/JObSyDw==,https://c1.staticflickr.com/8/7388/16575010465_127a68e35f_z.jpg,0.0,Bear,True
3c0bd4f3776095d4,train,https://farm5.staticflickr.com/5448/7161501290_5c5e044953_o.jpg,https://www.flickr.com/photos/texasbackroads/7161501290,https://creativecommons.org/licenses/by/2.0/,https://www.flickr.com/people/texasbackroads/,Nicolas Henderson,"Yellow Canoe, Daingerfield, Texas",4017893,2gu4QNFyQK7yBt+TQ5K3eQ==,https://c8.staticflickr.com/6/5448/7161501290_aff279dc03_z.jpg,,Bear,True
7ccae31676ec2086,train,https://farm7.staticflickr.com/8313/7987441003_e26abf1940_o.jpg,https://www.flickr.com/photos/shankaronline/7987441003,https://creativecommons.org/licenses/by/2.0/,https://www.flickr.com/people/shankaronline/,shankar s.,--then picking his teeth with it,2962283,v9eVYdVTm2ohx+45VbWHOA==,https://c1.staticflickr.com/9/8313/7987441003_1896109350_z.jpg,0.0,Bear,True
830e64c935933a59,train,https://c2.staticflickr.com/6/5182/5687793396_f589a5431d_o.jpg,https://www.flickr.com/photos/usfwshq/5687793396,https://creativecommons.org/licenses/by/2.0/,https://www.flickr.com/people/usfwshq/,U.S. Fish and Wildlife Service Headquarters,black bear mother and cubs,7785395,P05NPMmt3JeflJ7bvBkUwA==,https://c3.staticflickr.com/6/5182/5687793396_5448e0cafb_z.jpg,0.0,Bear,True
008d899344d41d67,train,https://farm8.staticflickr.com/2646/4177441907_81e7d96b7a_o.jpg,https://www.flickr.com/photos/7326810@N08/4177441907,https://creativecommons.org/licenses/by/2.0/,https://www.flickr.com/people/7326810@N08/,Jean,Giant Anteater,777632,jVq0IWu4FW5rIIIOpAiS7A==,https://c2.staticflickr.com/3/2646/4177441907_2cc831e3ed_z.jpg,0.0,Bear,True
010963ceb2cfdc0b,train,https://c4.staticflickr.com/3/2501/12990810494_4cd493012f_o.jpg,https://www.flickr.com/photos/kyletaylor/12990810494,https://creativecommons.org/licenses/by/2.0/,https://www.flickr.com/people/kyletaylor/,Kyle Taylor,Australia 2014 - 192,3442744,XwF/MsgmYjzeK4IYi+GkBA==,https://c5.staticflickr.com/3/2501/12990810494_5813901d14_z.jpg,0.0,Bear,True
5ca4705970b76a86,train,https://farm7.staticflickr.com/3143/3038301981_b872537be2_o.jpg,https://www.flickr.com/photos/raymaclean/3038301981,https://creativecommons.org/licenses/by/2.0/,https://www.flickr.com/people/raymaclean/,Ray MacLean,need,69451,PUBf9puO5MsXSw1iqcQq6Q==,https://c4.staticflickr.com/4/3143/3038301981_8948d63c90_z.jpg?zz=1,0.0,Bear,True
bc4ad8362b0aecfc,train,https://c5.staticflickr.com/6/5614/15758941865_d3aa2dafe2_o.jpg,https://www.flickr.com/photos/7326810@N08/15758941865,https://creativecommons.org/licenses/by/2.0/,https://www.flickr.com/people/7326810@N08/,Jean,Red panda,3133334,V2v9h49Q/OshanpHyPHBhQ==,https://c8.staticflickr.com/6/5614/15758941865_1ab04cc806_z.jpg,0.0,Bear,True
7a72a21bee79c2ed,train,https://c6.staticflickr.com/6/5022/5675854938_3fbf307f6f_o.jpg,https://www.flickr.com/photos/15016964@N02/5675854938,https://creativecommons.org/licenses/by/2.0/,https://www.flickr.com/people/15016964@N02/,Marie Hale,Asiatic black bear,1654823,jI0/5P9gUOLKBbc3dW7+XQ==,https://c2.staticflickr.com/6/5022/5675854938_dc96ddc8c3_z.jpg,0.0,Bear,True
637cea724b81a938,train,https://c1.staticflickr.com/3/2675/3862820366_5dccedc4d2_o.jpg,https://www.flickr.com/photos/buffawhat/3862820366,https://creativecommons.org/licenses/by/2.0/,https://www.flickr.com/people/buffawhat/,Sean-Franc Strang,Buffalo Zoo 56,2074880,7gzrHVOr3Wiu7ZiBzGVYNQ==,https://c7.staticflickr.com/3/2675/3862820366_c1c71a2e8a_z.jpg,0.0,Bear,True
03d682b97ed3a8af,train,https://c8.staticflickr.com/6/5829/20047527033_fd383b380d_o.jpg,https://www.flickr.com/photos/dianamoon/20047527033,https://creativecommons.org/licenses/by/2.0/,https://www.flickr.com/people/dianamoon/,Diana Moon,Squirrel! #pixar #up #californiaadventure,185937,odSgrNNvAX8hIwFfs3TM9Q==,https://c8.staticflickr.com/6/5829/20047527033_1bde5cd307_z.jpg,0.0,Bear,True
b34b07bb59ee2605,train,https://farm6.staticflickr.com/2844/10579254634_8a6ba536b1_o.jpg,https://www.flickr.com/photos/vfwnationalhome/10579254634,https://creativecommons.org/licenses/by/2.0/,https://www.flickr.com/people/vfwnationalhome/,VFW National Home for Children,Staff is a barrel of monkeys,2379444,zIZGnqC3J796x9KDKz7c6w==,https://c1.staticflickr.com/3/2844/10579254634_be5f51798e_z.jpg,0.0,Bear,True
30417fbad2cbb4f0,train,https://farm1.staticflickr.com/3871/15200184307_ec0100369f_o.jpg,https://www.flickr.com/photos/edenpictures/15200184307,https://creativecommons.org/licenses/by/2.0/,https://www.flickr.com/people/edenpictures/,"Eden, Janine and Jim",Bear & Policeman,4860850,O/Pj9frBW664MlAiPBcnhg==,https://c7.staticflickr.com/4/3871/15200184307_aa8ef8bed6_z.jpg,,Bear,True
71d94cae0e094e20,train,https://farm1.staticflickr.com/8807/16933354828_6a117a37cc_o.jpg,https://www.flickr.com/photos/132508395@N05/16933354828,https://creativecommons.org/licenses/by/2.0/,https://www.flickr.com/people/132508395@N05/,Maïtané Lenoir,Zoo du Reynou _ Avril 2015,991568,a/OWq+E3kl6FERrBe3VM/Q==,https://c4.staticflickr.com/9/8807/16933354828_63bd526c38_z.jpg,0.0,Bear,True
0ded68869e5f6d88,train,https://c1.staticflickr.com/1/393/19438350040_edb10002e7_o.jpg,https://www.flickr.com/photos/cmichel67/19438350040,https://creativecommons.org/licenses/by/2.0/,https://www.flickr.com/people/cmichel67/,Christopher Michel,Polar Bear,11933969,UhtYw5Xv4jDVxa2fLTUILA==,https://c2.staticflickr.com/1/393/19438350040_8689e5903f_z.jpg,0.0,Bear,True
2fd6881ac4e509eb,train,https://c4.staticflickr.com/9/8508/8578034351_ee8d870e68_o.jpg,https://www.flickr.com/photos/falsepositives/8578034351,https://creativecommons.org/licenses/by/2.0/,https://www.flickr.com/people/falsepositives/,Ian Irving,Birdlandia at 1602 Dundas West,1875498,PtektPO5pxbR+NoRGS0vGg==,https://c2.staticflickr.com/9/8508/8578034351_def40211d6_z.jpg,0.0,Bear,True
6a04df70abe6457e,train,https://c7.staticflickr.com/8/7223/7383901372_8c83414b7b_o.jpg,https://www.flickr.com/photos/rkramer62/7383901372,https://creativecommons.org/licenses/by/2.0/,https://www.flickr.com/people/rkramer62/,Rachel Kramer,Hey whatcha doing?,5412171,Luq/cFVH8sobJ4B7B7M5XA==,https://c8.staticflickr.com/8/7223/7383901372_6bd3046b2c_z.jpg,0.0,Bear,True
75eaedce98b6eb23,train,https://farm4.staticflickr.com/5069/5877345814_4cbbfb04d2_o.jpg,https://www.flickr.com/photos/8139218@N04/5877345814,https://creativecommons.org/licenses/by/2.0/,https://www.flickr.com/people/garpete/,G. Frank Peterson,2010 Panda Feeding.jpg,159104,/ONr4lcpxjGpQregbUCSWQ==,https://c7.staticflickr.com/6/5069/5877345814_868cc9ccc7_z.jpg,0.0,Bear,True
0eb4b9534e9656aa,train,https://c3.staticflickr.com/1/166/431295008_9ef8b3c0f7_o.jpg,https://www.flickr.com/photos/alejitos/431295008,https://creativecommons.org/licenses/by/2.0/,https://www.flickr.com/people/alejitos/,lizzie_2985,oso_coca,157346,uNJD5JYpYqxoigWwrq9ndg==,,,Bear,True
5b900d7e4fdd958e,train,https://c7.staticflickr.com/7/6032/6275566502_d0c6361a54_o.jpg,https://www.flickr.com/photos/quinet/6275566502,https://creativecommons.org/licenses/by/2.0/,https://www.flickr.com/people/quinet/,Thomas Quine,Torgau bear,8380585,Qzo8jEyDrexW4hT89wH09Q==,https://c4.staticflickr.com/7/6032/6275566502_989dfd6577_z.jpg,0.0,Bear,True
0fcbde3538f436ba,train,https://c3.staticflickr.com/9/8433/7848179488_6b7b847fbd_o.jpg,https://www.flickr.com/photos/edenpictures/7848179488,https://creativecommons.org/licenses/by/2.0/,https://www.flickr.com/people/edenpictures/,"Eden, Janine and Jim",Brown Bear,1990677,zHzXjK5NuAC9V5aaxTFe/g==,https://c3.staticflickr.com/9/8433/7848179488_21baaa66e2_z.jpg,,Bear,True
14d9836aa363cdb6,train,https://farm7.staticflickr.com/103/253738606_984fe5a55e_o.jpg,https://www.flickr.com/photos/spakattacks/253738606,https://creativecommons.org/licenses/by/2.0/,https://www.flickr.com/people/spakattacks/,Amanda,Kissy Face,216631,5FksKhnQ/lNjQM0+HRRCXQ==,https://c2.staticflickr.com/1/103/253738606_984fe5a55e_z.jpg?zz=1,0.0,Bear,True
3d8a487eb1a90d46,train,https://farm7.staticflickr.com/6101/6341892328_4d6b3bd9d8_o.jpg,https://www.flickr.com/photos/mozillaeu/6341892328,https://creativecommons.org/licenses/by/2.0/,https://www.flickr.com/people/mozillaeu/,Mozilla in Europe,MozCamp,9491397,czeLVWM9H0sZs9BqfL7Bcg==,https://c7.staticflickr.com/7/6101/6341892328_07e9fc07ab_z.jpg,0.0,Bear,True
df8195a4566d9e28,train,https://c1.staticflickr.com/9/8022/7667337494_7ec6153497_o.jpg,https://www.flickr.com/photos/stngiam/7667337494,https://creativecommons.org/licenses/by/2.0/,https://www.flickr.com/people/stngiam/,Shih Tung Ngiam,Scan-120729-0017,111162,ICrhCjfvmfBklLBULTq3Vg==,https://c1.staticflickr.com/9/8022/7667337494_05ed1ddc86_z.jpg,0.0,Bear,True
badd008eb4c622ec,train,https://c5.staticflickr.com/3/2705/4072802043_100c2535b1_o.jpg,https://www.flickr.com/photos/sterlic/4072802043,https://creativecommons.org/licenses/by/2.0/,https://www.flickr.com/people/sterlic/,Scott Akerman,Bear v. Preacher,2115154,DsuiszMnL3CVKUNdynj5rQ==,https://c6.staticflickr.com/3/2705/4072802043_6ecccdf175_z.jpg,0.0,Bear,True
0efc977e33ea8f49,train,https://c2.staticflickr.com/1/143/319077532_db48e1f798_o.jpg,https://www.flickr.com/photos/48827789@N00/319077532,https://creativecommons.org/licenses/by/2.0/,https://www.flickr.com/people/48827789@N00/,Lori,rodents..er...i mean cats...on patrol,308558,le0jdHOX2yGcgrWsxRDi0g==,https://c2.staticflickr.com/1/143/319077532_db48e1f798_z.jpg?zz=1,0.0,Bear,True
4a5d96635ecdc914,train,https://farm5.staticflickr.com/3040/2906602467_b6638903ff_o.jpg,https://www.flickr.com/photos/thejas/2906602467,https://creativecommons.org/licenses/by/2.0/,https://www.flickr.com/people/thejas/,Thejas,lone Bison,423999,vOGL3H8OGPKS4I1zL8l4zw==,https://c6.staticflickr.com/4/3040/2906602467_5bc06479cf_z.jpg,0.0,Bear,True
1c8109d39473f82a,train,https://c3.staticflickr.com/4/3787/11842384304_822fe92b5a_o.jpg,https://www.flickr.com/photos/mjbos11/11842384304,https://creativecommons.org/licenses/by/2.0/,https://www.flickr.com/people/mjbos11/,Mike Boswell,Bear Sleeping,660304,BWqdwmxKRHoR01pExlCh8g==,https://c6.staticflickr.com/4/3787/11842384304_4db510f9de_z.jpg,0.0,Bear,True
5b564ce0ded5e74a,train,https://c3.staticflickr.com/4/3087/13086811005_8912d79ff2_o.jpg,https://www.flickr.com/photos/yellowbookltd/13086811005,https://creativecommons.org/licenses/by/2.0/,https://www.flickr.com/people/yellowbookltd/,John Lord,Inuit doll,3280991,rPJnKqojNTp6rVIBuZ/GNQ==,https://c5.staticflickr.com/4/3087/13086811005_b6da62a6dc_z.jpg,0.0,Bear,True
922850ecb44a4a63,train,https://farm4.staticflickr.com/7437/8840993609_7c707aaf67_o.jpg,https://www.flickr.com/photos/spilt-milk/8840993609/,https://creativecommons.org/licenses/by/2.0/,https://www.flickr.com/people/spilt-milk/,yoppy,けっきょく、大きいやつも買っちゃった。顔はいまいち。でも、口が動く！（^人^）,77401,bWQcKWjIvAMafUGIA9jpqw==,https://c7.staticflickr.com/8/7437/8840993609_4972ab95f6_z.jpg,0.0,Bear,True
8df9035b3ec4c04c,train,https://c5.staticflickr.com/1/162/352584654_f6d22b912e_o.jpg,https://www.flickr.com/photos/silly-monkey/352584654,https://creativecommons.org/licenses/by/2.0/,https://www.flickr.com/people/silly-monkey/,Paul Alvord,Psycho panda with cub found on a sign in Shirahama.,148100,GSfBWEtLlN+HyZO/WK+fcA==,https://c1.staticflickr.com/1/162/352584654_f6d22b912e_z.jpg?zz=1,0.0,Bear,True
00067fe83e3e21c8,train,https://c1.staticflickr.com/5/4132/4948833568_a528204857_o.jpg,https://www.flickr.com/photos/bruno_brujah/4948833568,https://creativecommons.org/licenses/by/2.0/,https://www.flickr.com/people/bruno_brujah/,Bruno Caimi,Janis do mal..,632422,kkjmkdNsPHYCwAk9rM9L0g==,https://c8.staticflickr.com/5/4132/4948833568_55841e2c15_z.jpg,0.0,Bear,True
00004b3f43deb627,train,https://farm8.staticflickr.com/4134/4936718791_e4cb638af2_o.jpg,https://www.flickr.com/photos/theslowlane/4936718791,https://creativecommons.org/licenses/by/2.0/,https://www.flickr.com/people/theslowlane/,Robert Ashworth,Along Duamish River Trail,381536,/DjvRnkRUip23ZFlFXR23g==,https://c5.staticflickr.com/5/4134/4936718791_5e99d460aa_z.jpg,0.0,Bear,True
006f150733228bc5,train,https://farm6.staticflickr.com/171/378220912_d25723e712_o.jpg,https://www.flickr.com/photos/sidewalk_tribal_galleries/378220912,https://creativecommons.org/licenses/by/2.0/,https://www.flickr.com/people/sidewalk_tribal_galleries/,Ann Porteus,3598-Chumba-Togo,189906,wy3ccjDALrf5/0CQI1dR/w==,https://c3.staticflickr.com/1/171/378220912_d25723e712_z.jpg,0.0,Bear,True
3f42de31271c4ea8,train,https://c1.staticflickr.com/6/5341/17366919154_8e0ae6c714_o.jpg,https://www.flickr.com/photos/hide10/17366919154,https://creativecommons.org/licenses/by/2.0/,https://www.flickr.com/people/hide10/,Hideto KOBAYASHI,DSC08082.jpg,12101425,66nxhc7EeN1qIFs57Jr7aQ==,https://c3.staticflickr.com/6/5341/17366919154_c1134264ce_z.jpg,0.0,Bear,True
4b9c244881ad0bd9,train,https://c2.staticflickr.com/9/8045/8446540806_a913c057fd_o.jpg,https://www.flickr.com/photos/buzzymelibee/8446540806,https://creativecommons.org/licenses/by/2.0/,https://www.flickr.com/people/buzzymelibee/,Melissa,Panda bento box lunch,3006168,ykMUx75j2cj1IZjIM+IJmg==,https://c2.staticflickr.com/9/8045/8446540806_beb7987f74_z.jpg,0.0,Bear,True
00b1834f2ddb31b1,train,https://farm2.staticflickr.com/7639/16923945318_cbb75bd97f_o.jpg,https://www.flickr.com/photos/actionclimat/16923945318,https://creativecommons.org/licenses/by/2.0/,https://www.flickr.com/people/actionclimat/,Act On Climate March,IMG_4145.JPG,375270,4jNqujUBzcaJHJo2vgHw+w==,https://c5.staticflickr.com/8/7639/16923945318_1b36533efa_z.jpg,0.0,Bear,True
0244b1ed714673a7,train,https://farm8.staticflickr.com/5616/15650767725_22efb0b92d_o.jpg,https://www.flickr.com/photos/127002994@N07/15650767725/,https://creativecommons.org/licenses/by/2.0/,https://www.flickr.com/people/127002994@N07/,Maren Vollmann,DSC_6112,6020167,+ISdmCG+23qpD46+/zfEuQ==,https://c8.staticflickr.com/6/5616/15650767725_fe40eda229_z.jpg,270.0,Bear,True
257d6095526a1249,train,https://c2.staticflickr.com/4/3232/3019001458_a73f2f4da5_o.jpg,https://www.flickr.com/photos/gillpenney/3019001458,https://creativecommons.org/licenses/by/2.0/,https://www.flickr.com/people/gillpenney/,gill_penney,Red Pandas 305,2994581,yy4SNErTSK/VuJfm9NP6rA==,https://c6.staticflickr.com/4/3232/3019001458_f61c98b392_z.jpg,0.0,Bear,True
237f79a0ccbd2073,train,https://farm4.staticflickr.com/2230/2316758123_650c430f13_o.jpg,https://www.flickr.com/photos/cabeel/2316758123,https://creativecommons.org/licenses/by/2.0/,https://www.flickr.com/people/cabeel/,The Last Cookie,Polar Bear with fish,883198,WH5e/0OgHKL1fdeee+KIfQ==,https://c5.staticflickr.com/3/2230/2316758123_fa85c42e6b_z.jpg,0.0,Bear,True
defa9f9981d00026,train,https://farm7.staticflickr.com/5188/5640116276_a00e295893_o.jpg,https://www.flickr.com/photos/pictruer/5640116276,https://creativecommons.org/licenses/by/2.0/,https://www.flickr.com/people/pictruer/,一元 马,高清风景壁纸汇总[第1期],163714,V7nRL45RX5A/wyBCQChmOw==,https://c2.staticflickr.com/6/5188/5640116276_2d7271684d_z.jpg,0.0,Bear,True
7c16cf6b2978b645,train,https://farm6.staticflickr.com/388/18302500450_8253772721_o.jpg,https://www.flickr.com/photos/tipsfortravellers/18302500450,https://creativecommons.org/licenses/by/2.0/,https://www.flickr.com/people/tipsfortravellers/,Gary Bembridge,"Grizzly Bear - Knight Inlet Lodge, British Columbia, Canada",3887814,Ip/gMwB78xF3d1r7GdRExA==,https://c6.staticflickr.com/1/388/18302500450_a1292df931_z.jpg,,Bear,True
e6e52a97cb9d2658,train,https://c1.staticflickr.com/6/5162/5238733522_a73aa109a7_o.jpg,https://www.flickr.com/photos/73102604@N00/5238733522,https://creativecommons.org/licenses/by/2.0/,https://www.flickr.com/people/73102604@N00/,Ana Paula Prada,Época de Natal,1031489,XiKZw7BzU1U8u1QXtmOxtQ==,https://c3.staticflickr.com/6/5162/5238733522_e3ab8741bc_z.jpg,0.0,Bear,True
b14ed202d6515786,train,https://farm7.staticflickr.com/8070/8239993356_4dff2a26f7_o.jpg,https://www.flickr.com/photos/kurafire/8239993356,https://creativecommons.org/licenses/by/2.0/,https://www.flickr.com/people/kurafire/,Faruk Ateş,The Seal of Approval story begins. #sealofapproval,98739,Dre7ciTQxFsy48kDpIkCLw==,https://c1.staticflickr.com/9/8070/8239993356_04759b8354_z.jpg,0.0,Bear,True
044719fe60521c60,train,https://farm1.staticflickr.com/2875/9595733602_50408488f6_o.jpg,https://www.flickr.com/photos/elliotharmon/9595733602,https://creativecommons.org/licenses/by/2.0/,https://www.flickr.com/people/elliotharmon/,Elliot Harmon,Buenos Aires Botanical Garden,5281786,oLDUxKYSExqBamSKVlxA7Q==,https://c2.staticflickr.com/3/2875/9595733602_4f071f0601_z.jpg,0.0,Bear,True
3921f16f122ab2c7,train,https://farm8.staticflickr.com/1276/1333722836_d41a21a983_o.jpg,https://www.flickr.com/photos/7326810@N08/1333722836,https://creativecommons.org/licenses/by/2.0/,https://www.flickr.com/people/7326810@N08/,Jean,Polar Bear,70469,G55Fwqh+WEBuMcPfSmLf3w==,https://c2.staticflickr.com/2/1276/1333722836_1fa09f760e_z.jpg?zz=1,0.0,Bear,True
6b6fc99076aea78b,train,https://c4.staticflickr.com/1/98/367180860_58edf00f35_o.jpg,https://www.flickr.com/photos/silly-monkey/367180860,https://creativecommons.org/licenses/by/2.0/,https://www.flickr.com/people/silly-monkey/,Paul Alvord,the A&W bear,107928,4njM2CojTxYDhU/nac9qkA==,https://c3.staticflickr.com/1/98/367180860_58edf00f35_z.jpg?zz=1,0.0,Bear,True
94adb45822ba9185,train,https://farm6.staticflickr.com/7506/15503226710_cbbefc98fd_o.jpg,https://www.flickr.com/photos/kameyama-mie/15503226710,https://creativecommons.org/licenses/by/2.0/,https://www.flickr.com/people/kameyama-mie/,Kasadera,"Beartic in Yonezawa, Yamagata 10",5816891,ajC5xxadWaCaEhWcmg+lkw==,https://c1.staticflickr.com/8/7506/15503226710_725f56c4ca_z.jpg,,Bear,True
0023b5a9a92bdb90,train,https://farm1.staticflickr.com/6011/5929489241_0ff00e7dd9_o.jpg,https://www.flickr.com/photos/59937401@N07/5929489241,https://creativecommons.org/licenses/by/2.0/,https://www.flickr.com/people/59937401@N07/,Images Money,Piggy Bank,1855809,zGSe0vipVLIZmCj6bcey3Q==,https://c3.staticflickr.com/7/6011/5929489241_40de9f7aa6_z.jpg,0.0,Bear,True
00c438ec42b0f143,train,https://farm4.staticflickr.com/7692/17190114799_9b450379c6_o.jpg,https://www.flickr.com/photos/cmichel67/17190114799,https://creativecommons.org/licenses/by/2.0/,https://www.flickr.com/people/cmichel67/,Christopher Michel,Chillaxing,410921,PkcRXQ9V8tCmlEhwGv5WqQ==,https://c6.staticflickr.com/8/7692/17190114799_966ebf4c61_z.jpg,0.0,Bear,True
001f3120afa450f0,train,https://farm1.staticflickr.com/3861/14792812544_966c213b89_o.jpg,https://www.flickr.com/photos/eamoncurry/14792812544,https://creativecommons.org/licenses/by/2.0/,https://www.flickr.com/people/eamoncurry/,Eamon Curry,"Stepping Stones over River Amber near Ashover, Derbyshire",2414787,YD81oYW0tiytKJSb6JZ4KQ==,https://c4.staticflickr.com/4/3861/14792812544_d435a0ebc8_z.jpg,,Bear,True
24641386ddee3453,train,https://farm4.staticflickr.com/79/277470778_6f9a9fede7_o.jpg,https://www.flickr.com/photos/nagillum/277470778,https://creativecommons.org/licenses/by/2.0/,https://www.flickr.com/people/nagillum/,Peter Mulligan,Black bear - near Lac le Jeune,1402234,d+uI149IM9a4xT/mOO3qEw==,https://c8.staticflickr.com/1/79/277470778_6f9a9fede7_z.jpg,0.0,Bear,True
8ccf7237d750e599,train,https://c2.staticflickr.com/6/5304/5818844239_7decaf4b85_o.jpg,https://www.flickr.com/photos/scubabix/5818844239,https://creativecommons.org/licenses/by/2.0/,https://www.flickr.com/people/scubabix/,Rob Bixby,Zoolanta_6-2011-2228.jpg,345341,K9szG+tLDkDtEKmHFkd83Q==,https://c1.staticflickr.com/6/5304/5818844239_f0aa721d2c_z.jpg,0.0,Bear,True
003f0ccb3f0b3d62,train,https://farm3.staticflickr.com/169/380892208_f49a6f1cce_o.jpg,https://www.flickr.com/photos/jfuentejr/380892208,https://creativecommons.org/licenses/by/2.0/,https://www.flickr.com/people/jfuentejr/,Jaime de la Fuente,Zacango Zoo -16,271317,Mn+ZkH945GLHqHcD3ZKN4A==,https://c8.staticflickr.com/1/169/380892208_f49a6f1cce_z.jpg?zz=1,0.0,Bear,True
a3720da4c7e95cce,train,https://c7.staticflickr.com/1/46/146912493_9eb173812a_o.jpg,https://www.flickr.com/photos/greggoconnell/146912493,https://creativecommons.org/licenses/by/2.0/,https://www.flickr.com/people/greggoconnell/,Gregg O&#x27;Connell,Waving Panda,1630128,QaN7VBrLHvgW8pf0t4QrEA==,https://c5.staticflickr.com/1/46/146912493_9eb173812a_z.jpg,0.0,Bear,True
30a52a420bd036a8,train,https://c1.staticflickr.com/3/2094/2045988917_11e65a2d78_o.jpg,https://www.flickr.com/photos/jumpyjodes/2045988917/,https://creativecommons.org/licenses/by/2.0/,https://www.flickr.com/people/jumpyjodes/,Jodie Wilson,wild mama otter and her pup,1226642,AdDpyFMibJwbOzLqLVTT0w==,https://c8.staticflickr.com/3/2094/2045988917_007d617976_z.jpg,0.0,Bear,True
09233af6380c337f,train,https://c8.staticflickr.com/8/7382/8730865703_fd3865b49a_o.jpg,https://www.flickr.com/photos/scchiang/8730865703,https://creativecommons.org/licenses/by/2.0/,https://www.flickr.com/people/scchiang/,Shih-Chi Chiang,Conrad bears,3670016,SKnR4yAmmiM9HGWyTduOuQ==,https://c4.staticflickr.com/8/7382/8730865703_ee885fe0ac_z.jpg,0.0,Bear,True
1d90b37f050c3cfd,train,https://c6.staticflickr.com/7/6160/6176465943_96826219d9_o.jpg,https://www.flickr.com/photos/mbschlemmer/6176465943,https://creativecommons.org/licenses/by/2.0/,https://www.flickr.com/people/mbschlemmer/,Mark B. Schlemmer,Paris SEPT2011 Musee de la Chasse et de la Nature bird gallery with bear,2940842,BjgRPkTjQxWaMXjOqYBaEg==,https://c4.staticflickr.com/7/6160/6176465943_969f711e71_z.jpg,0.0,Bear,True
a012fec6026eb46f,train,https://c8.staticflickr.com/8/7466/15906914017_532763f909_o.jpg,https://www.flickr.com/photos/edenpictures/15906914017,https://creativecommons.org/licenses/by/2.0/,https://www.flickr.com/people/edenpictures/,"Eden, Janine and Jim",Reclining Panda,6692825,bhqT48Skl9eI8M/wqsyD5g==,https://c7.staticflickr.com/8/7466/15906914017_25e1af445b_z.jpg,,Bear,True
0fe5298f88a1f858,train,https://c1.staticflickr.com/4/3022/2684116791_899bf42d6c_o.jpg,https://www.flickr.com/photos/kudumomo/2684116791,https://creativecommons.org/licenses/by/2.0/,https://www.flickr.com/people/kudumomo/,momo,The Fight (Tai Lung VS Po),85699,VXqEJjKyVJcWtS4GKuMFOQ==,https://c2.staticflickr.com/4/3022/2684116791_cfa16bc510_z.jpg?zz=1,0.0,Bear,True
97fcc128a40fbb6e,train,https://c7.staticflickr.com/3/2752/4317780981_e21acd573b_o.jpg,https://www.flickr.com/photos/mbp_/4317780981,https://creativecommons.org/licenses/by/2.0/,https://www.flickr.com/people/mbp_/,Martin Pool,20100130-113630,2926725,dTQHK3Qzhs2CeQ6D33eiOA==,https://c1.staticflickr.com/3/2752/4317780981_135d255e91_z.jpg,0.0,Bear,True
0003fc1ecea9bab3,train,https://farm4.staticflickr.com/3658/3615839409_df79562bc7_o.jpg,https://www.flickr.com/photos/yellowcloud/3615839409,https://creativecommons.org/licenses/by/2.0/,https://www.flickr.com/people/yellowcloud/,yellowcloud,IMGP0761,1379196,5O/fQTWzpHn/2p/QPgbhFg==,https://c5.staticflickr.com/4/3658/3615839409_b0d7d680c1_z.jpg,0.0,Bear,True
021f91cbda05b299,train,https://c2.staticflickr.com/3/2305/2464368377_0d14f3564d_o.jpg,https://www.flickr.com/photos/stignygaard/2464368377,https://creativecommons.org/licenses/by/2.0/,https://www.flickr.com/people/stignygaard/,Stig Nygaard,Lion,5010908,sBLSS0KoYwcQcXr6KbcYcQ==,https://c8.staticflickr.com/3/2305/2464368377_ba955effc2_z.jpg,0.0,Bear,True
03ad9b72174a36c2,train,https://farm3.staticflickr.com/5136/5563710939_263d860d4f_o.jpg,https://www.flickr.com/photos/isfullofcrap/5563710939,https://creativecommons.org/licenses/by/2.0/,https://www.flickr.com/people/isfullofcrap/,Laurence Simon (Crap Mariner),bruwyn and mystic on bed 2,2984876,cCqtP1Ztl3btpNsdDgotVw==,https://c4.staticflickr.com/6/5136/5563710939_40c5c8c884_z.jpg,0.0,Bear,True
00c3583647e8432a,train,https://c3.staticflickr.com/8/7469/15902864529_ee695e7986_o.jpg,https://www.flickr.com/photos/hrns/15902864529,https://creativecommons.org/licenses/by/2.0/,https://www.flickr.com/people/hrns/,Henry Söderlund,Hairy beast tamed,8720384,LINAW5M353NgA57fb8tA3Q==,https://c7.staticflickr.com/8/7469/15902864529_bfd4ca9a59_z.jpg,90.0,Bear,True
0d4ab6313fb9dc6a,train,https://c3.staticflickr.com/1/272/19216722273_22b30506ae_o.jpg,https://www.flickr.com/photos/cmichel67/19216722273,https://creativecommons.org/licenses/by/2.0/,https://www.flickr.com/people/cmichel67/,Christopher Michel,On top of the world.,46565,IXa7VQoLc6BhQfc0T2xFKg==,https://c6.staticflickr.com/1/272/19216722273_394ec029cd_z.jpg,0.0,Bear,True
26124da0fd12e950,train,https://farm1.staticflickr.com/4042/4258637558_c7dec437f5_o.jpg,https://www.flickr.com/photos/phalinn/4258637558,https://creativecommons.org/licenses/by/2.0/,https://www.flickr.com/people/phalinn/,Phalinn Ooi,Asiatic Bear,1059101,pMDY4/asR/nbG0VByAKv9w==,https://c8.staticflickr.com/5/4042/4258637558_d52732174a_z.jpg,0.0,Bear,True
9c126a69e01d80c4,train,https://farm5.staticflickr.com/3286/3155939997_8a305233f9_o.jpg,https://www.flickr.com/photos/ken_mayer/3155939997,https://creativecommons.org/licenses/by/2.0/,https://www.flickr.com/people/ken_mayer/,Ken Mayer,jaguarundi (Puma yagouaroundi) kitten,3015356,H7Lniut/OxAgC0H0oXKK+g==,https://c6.staticflickr.com/4/3286/3155939997_cd98d82753_z.jpg,0.0,Bear,True
d9169eba40313ccd,train,https://c6.staticflickr.com/8/7082/7030013977_43950a3790_o.jpg,https://www.flickr.com/photos/davidberkowitz/7030013977,https://creativecommons.org/licenses/by/2.0/,https://www.flickr.com/people/davidberkowitz/,David Berkowitz,"Pandas - Zoo Atlanta - Atlanta, Georgia",2706875,3+VLZ8flN9NLzgkUPqtQfg==,https://c2.staticflickr.com/8/7082/7030013977_d57672c908_z.jpg,,Bear,True
00b1c47503278054,train,https://farm5.staticflickr.com/2103/1678559626_ef45e29823_o.jpg,https://www.flickr.com/photos/commorancy/1678559626,https://creativecommons.org/licenses/by/2.0/,https://www.flickr.com/people/commorancy/,Brian,Halo 3: Thunderstorm Skull,259751,rBRfDReHGDizRszeB40yyg==,https://c6.staticflickr.com/3/2103/1678559626_e394d8720e_z.jpg,0.0,Bear,True
c2813c439ae75a86,train,https://farm7.staticflickr.com/3669/19429009729_803e16f376_o.jpg,https://www.flickr.com/photos/pinkmoose/19429009729,https://creativecommons.org/licenses/by/2.0/,https://www.flickr.com/people/pinkmoose/,Anthony Easton,Polar Bear,5719355,2iZI1vrByI7rvIQuSQgZfg==,https://c5.staticflickr.com/4/3669/19429009729_59cc83f605_z.jpg,0.0,Bear,True
093d7062fd614572,train,https://farm3.staticflickr.com/2349/5707317227_dc47e03950_o.jpg,https://www.flickr.com/photos/profilerehab/5707317227,https://creativecommons.org/licenses/by/2.0/,https://www.flickr.com/people/profilerehab/,Andrew Taylor,Sad Bear,1617479,RzFDoii9tmM7zovzfvPe9Q==,https://c2.staticflickr.com/3/2349/5707317227_d06f4f5193_z.jpg,0.0,Bear,True
603eba18aeabcf56,train,https://farm7.staticflickr.com/8193/8087962468_f0a5709542_o.jpg,https://www.flickr.com/photos/flowcomm/8087962468,https://creativecommons.org/licenses/by/2.0/,https://www.flickr.com/people/flowcomm/,flowcomm,"red panda, India",14932149,HAB1caADS2e8eSNvvKgGrA==,https://c7.staticflickr.com/9/8193/8087962468_261e1f6f03_z.jpg,,Bear,True
53ba2eae84651f9f,train,https://c8.staticflickr.com/3/2426/3995523261_7f8c1e976a_o.jpg,https://www.flickr.com/photos/armyenvironmental/3995523261,https://creativecommons.org/licenses/by/2.0/,https://www.flickr.com/people/armyenvironmental/,U.S. Army Environmental Command,DSC_0754,3530369,NHg+zChG4btSl3jtbOaubw==,https://c6.staticflickr.com/3/2426/3995523261_e459fdb072_z.jpg,0.0,Bear,True
3e65fa9921337724,train,https://farm5.staticflickr.com/48/125907526_16fda8817a_o.jpg,https://www.flickr.com/photos/rinzewind/125907526,https://creativecommons.org/licenses/by/2.0/,https://www.flickr.com/people/rinzewind/,José María Mateos,Zoo de Madrid 058,1078908,uixmnO5cPJ/Wwzv412j3LQ==,https://c4.staticflickr.com/1/48/125907526_16fda8817a_z.jpg,0.0,Bear,True
ede197cef5624654,train,https://farm5.staticflickr.com/4115/4893807915_a7049ef1d2_o.jpg,https://www.flickr.com/photos/luigimengato/4893807915,https://creativecommons.org/licenses/by/2.0/,https://www.flickr.com/people/luigimengato/,Luigi Mengato,IMG_0117,212292,wpN5v4IbAeVm2dkwesHW8A==,https://c5.staticflickr.com/5/4115/4893807915_4c6738bd8c_z.jpg,0.0,Bear,True
0f88b4fb494382eb,train,https://c4.staticflickr.com/3/2635/4082517750_45260652d1_o.jpg,https://www.flickr.com/photos/harmonica_organic/4082517750,https://creativecommons.org/licenses/by/2.0/,https://www.flickr.com/people/harmonica_organic/,Harmonica Organic Foods,Бандата на кравите в Списание 1,886988,c/iwuHhkKFug7lrg2YLLSw==,https://c8.staticflickr.com/3/2635/4082517750_f9cd5d8fc0_z.jpg,0.0,Bear,True
000b9c365c9e307a,train,https://c3.staticflickr.com/5/4003/4324309730_c389fb2706_o.jpg,https://www.flickr.com/photos/jdhancock/4324309730,https://creativecommons.org/licenses/by/2.0/,https://www.flickr.com/people/jdhancock/,JD Hancock,Funny Bunny,1552720,5ccByCA4oq6WNXPhHR+heQ==,https://c6.staticflickr.com/5/4003/4324309730_b63d21a026_z.jpg,0.0,Bear,True
830f57e8dbcf0e97,train,https://farm8.staticflickr.com/4050/4492633652_e3c186659e_o.jpg,https://www.flickr.com/photos/picsoflife/4492633652,https://creativecommons.org/licenses/by/2.0/,https://www.flickr.com/people/picsoflife/,Ari Helminen,White Bear,456097,WDlLuyawBQd0zkfYVEdueQ==,https://c6.staticflickr.com/5/4050/4492633652_cc1f7c1c95_z.jpg,0.0,Bear,True
7461607d22bc003b,train,https://c4.staticflickr.com/3/2518/4113645389_ca61f9abe9_o.jpg,https://www.flickr.com/photos/ivanwalsh/4113645389,https://creativecommons.org/licenses/by/2.0/,https://www.flickr.com/people/ivanwalsh/,IvanWalsh.com,1001 World of Pandas at Beijing Zoo,929573,+Cr6isndFrSSzKgpdkYRnw==,https://c5.staticflickr.com/3/2518/4113645389_4dc6450d98_z.jpg,0.0,Bear,True
0030d266bd74d410,train,https://farm1.staticflickr.com/7328/10983153585_6aa392e0ed_o.jpg,https://www.flickr.com/photos/otwarteklatki/10983153585,https://creativecommons.org/licenses/by/2.0/,https://www.flickr.com/people/otwarteklatki/,Otwarte Klatki,jank0513.IMG_0054,2507138,x1hU7tt86IPVbvm7nSC8lw==,https://c4.staticflickr.com/8/7328/10983153585_f256604f7d_z.jpg,0.0,Bear,True
15aa45da53f0b95a,train,https://c3.staticflickr.com/1/1/115558_13d1aab671_o.jpg,https://www.flickr.com/photos/fotoblasete/115558,https://creativecommons.org/licenses/by/2.0/,https://www.flickr.com/people/fotoblasete/,José Antonio Alonso,malaga_278,132331,Pn9IyrXsnPkh5YG2tXnIqA==,,,Bear,True
f9f693874e9e3acf,train,https://c8.staticflickr.com/8/7028/6807552501_f626478fed_o.jpg,https://www.flickr.com/photos/libbyandnicki/6807552501,https://creativecommons.org/licenses/by/2.0/,https://www.flickr.com/people/libbyandnicki/,_Libby_,b is for bears,6322767,3ZZ4XNIAd7sUBKdP/11F+w==,https://c4.staticflickr.com/8/7028/6807552501_c82106f286_z.jpg,0.0,Bear,True
04e79e5f419a711a,train,https://c3.staticflickr.com/5/4033/5116432886_a90dc18cd4_o.jpg,https://www.flickr.com/photos/kabacchi/5116432886,https://creativecommons.org/licenses/by/2.0/,https://www.flickr.com/people/kabacchi/,Kabacchi,Japanese Black Bear - 04,560502,3Qg6ITkmzkvzH73lA08buw==,https://c4.staticflickr.com/5/4033/5116432886_df062e48a6_z.jpg,0.0,Bear,True
000f20ade1cb904e,train,https://c7.staticflickr.com/9/8722/17251738499_98b264a1bc_o.jpg,https://www.flickr.com/photos/77423179@N02/17251738499,https://creativecommons.org/licenses/by/2.0/,https://www.flickr.com/people/77423179@N02/,Melissa Hillier,"Look! It's the Big Man and his Lady!! Wishing the other two kids were here...this would totes be our Christmas card, if they were in it! #DisneySMMC",167050,+DNYEmWB1znXmP93Bheu6A==,https://c6.staticflickr.com/9/8722/17251738499_26d31244b3_z.jpg,,Bear,True
001e183f1df5405b,train,https://c4.staticflickr.com/4/3921/15094738119_d4c1226545_o.jpg,https://www.flickr.com/photos/jacjanssen/15094738119,https://creativecommons.org/licenses/by/2.0/,https://www.flickr.com/people/jacjanssen/,Jac. Janssen,20140918 063 Afferden Maasduinen,12957640,l1QVIjI8Rbf2Da6jt4KB3A==,https://c8.staticflickr.com/4/3921/15094738119_acbf6c13b0_z.jpg,0.0,Bear,True
5c9aa505e67a7985,train,https://farm6.staticflickr.com/5054/5530491552_2301d02c63_o.jpg,https://www.flickr.com/photos/35560790@N03/5530491552,https://creativecommons.org/licenses/by/2.0/,https://www.flickr.com/people/35560790@N03/,lifescript,Too Cute,1551285,Ek81guYvIZFddi2TIikOwQ==,https://c6.staticflickr.com/6/5054/5530491552_a1ba63e261_z.jpg,0.0,Bear,True
000c03e62d9daf25,train,https://farm6.staticflickr.com/7428/16517658862_2180b86aa8_o.jpg,https://www.flickr.com/photos/brickset/16517658862,https://creativecommons.org/licenses/by/2.0/,https://www.flickr.com/people/brickset/,Brickset,For the next Brickset Mixels building competition,186223,ll7W9OFY4A0fiQp8+T8Hvw==,https://c7.staticflickr.com/8/7428/16517658862_31d0313c46_z.jpg,0.0,Bear,True
a95191730e75bfce,train,https://c7.staticflickr.com/3/2449/3717582265_75c648bdda_o.jpg,https://www.flickr.com/photos/terwilliger911/3717582265,https://creativecommons.org/licenses/by/2.0/,https://www.flickr.com/people/terwilliger911/,Jessie Pearl,"oh no, no bears up here, no siree bob",159057,OLpgeazmVPvUkr98eW2bPA==,https://c5.staticflickr.com/3/2449/3717582265_18e958bde9_z.jpg?zz=1,,Bear,True
01fffa5a109a0e7b,train,https://c4.staticflickr.com/2/1124/873739488_20effb6d96_o.jpg,https://www.flickr.com/photos/greatlettuce/873739488,https://creativecommons.org/licenses/by/2.0/,https://www.flickr.com/people/greatlettuce/,greatlettuce,Shoshe + wombat = happiness,282213,ufHf3TB+J2X5CZq0JnWf3Q==,https://c3.staticflickr.com/2/1124/873739488_7e213de545_z.jpg?zz=1,0.0,Bear,True
ef987a91024e04d7,train,https://farm8.staticflickr.com/8329/8137219356_4c80d0d6bf_o.jpg,https://www.flickr.com/photos/gsloan/8137219356,https://creativecommons.org/licenses/by/2.0/,https://www.flickr.com/people/gsloan/,gsloan,Bears and a pumpkin,582716,mLaNO00xaigF45jXICviCA==,https://c3.staticflickr.com/9/8329/8137219356_9fa57e90bf_z.jpg,0.0,Bear,True
07c8523ee6eb5535,train,https://farm6.staticflickr.com/3138/2419079131_edf46ab149_o.jpg,https://www.flickr.com/photos/16339684@N00/2419079131,https://creativecommons.org/licenses/by/2.0/,https://www.flickr.com/people/16339684@N00/,internets_dairy,Contemplative polar bear,108325,PSc2Poe1lozNRHwM44OvSQ==,https://c3.staticflickr.com/4/3138/2419079131_cee1e767fa_z.jpg?zz=1,0.0,Bear,True
009130842d3985e8,train,https://c1.staticflickr.com/6/5485/14575987525_e4f5e481b0_o.jpg,https://www.flickr.com/photos/compujeramey/14575987525,https://creativecommons.org/licenses/by/2.0/,https://www.flickr.com/people/compujeramey/,Jeramey Jannene,IMG_4929,3781916,FMO7SQ3fXqFNz0AEIQbw8g==,https://c7.staticflickr.com/6/5485/14575987525_3b7f977208_z.jpg,0.0,Bear,True
005524e1e5ebadaa,train,https://c3.staticflickr.com/7/6191/6100319566_14741949d1_o.jpg,https://www.flickr.com/photos/afropicmusing/6100319566,https://creativecommons.org/licenses/by/2.0/,https://www.flickr.com/people/afropicmusing/,afromusing,Game Drive .ke - Nairobi National Park,278518,pTnEmdzfbhKRsCUgbHyUJw==,https://c3.staticflickr.com/7/6191/6100319566_fc20fd2843_z.jpg,0.0,Bear,True
0ce1c54b8e60f6fa,train,https://c3.staticflickr.com/5/4089/4966740006_e8c4e08a86_o.jpg,https://www.flickr.com/photos/jdhancock/4966740006,https://creativecommons.org/licenses/by/2.0/,https://www.flickr.com/people/jdhancock/,JD Hancock,Mr. Spock and Buzz Lightyear Teddy Bears,929920,UPaNWYj9LBX/cJGtOSrQLg==,https://c8.staticflickr.com/5/4089/4966740006_0012a3980b_z.jpg,0.0,Bear,True
9349c168e4d53ff3,train,https://farm4.staticflickr.com/2397/3537429995_40240a6087_o.jpg,https://www.flickr.com/photos/33590535@N06/3537429995,https://creativecommons.org/licenses/by/2.0/,https://www.flickr.com/people/33590535@N06/,Drew Avery,Asiatic Black Bear {Ursus thibetanus},2018438,G6YCOezmxrRCBVqE28F6jQ==,https://c4.staticflickr.com/3/2397/3537429995_30071df13b_z.jpg,0.0,Bear,True
262a3f8be196a2c0,train,https://farm1.staticflickr.com/3532/3460712645_b7fd862896_o.jpg,https://www.flickr.com/photos/wackyvorlon/3460712645,https://creativecommons.org/licenses/by/2.0/,https://www.flickr.com/people/wackyvorlon/,Paul Anderson,IMG_1247,432405,PUxaIuTOpLQGKdmwFPwJtA==,https://c6.staticflickr.com/4/3532/3460712645_f985fe1dc3_z.jpg,0.0,Bear,True
f14c22ad10b9d9f1,train,https://farm2.staticflickr.com/2938/14634607800_1f2e21e44e_o.jpg,https://www.flickr.com/photos/kowarski/14634607800,https://creativecommons.org/licenses/by/2.0/,https://www.flickr.com/people/kowarski/,kowarski,Central Park Zoo (8/3/14),5470236,597FuTTU5KkKEZoFn2rKEQ==,https://c8.staticflickr.com/3/2938/14634607800_003945b287_z.jpg,0.0,Bear,True
009100dbd2536de6,train,https://farm7.staticflickr.com/4092/5215553409_bccf75f2cf_o.jpg,https://www.flickr.com/photos/kpaulus/5215553409,https://creativecommons.org/licenses/by/2.0/,https://www.flickr.com/people/kpaulus/,Kristine Paulus,Skunk in Manhattan!,54810,QGAOf/C6COUGGq0YVIi6Tg==,https://c7.staticflickr.com/5/4092/5215553409_eeec7ae3eb_z.jpg,0.0,Bear,True
0017c40998b52f43,train,https://farm4.staticflickr.com/5449/7054020095_253ae45fa8_o.jpg,https://www.flickr.com/photos/smemon/7054020095,https://creativecommons.org/licenses/by/2.0/,https://www.flickr.com/people/smemon/,Sean MacEntee,Dublin Zoo,5635001,B6jmnOxhYeUNArPIheKsuA==,https://c7.staticflickr.com/6/5449/7054020095_a2e0b2d545_z.jpg,0.0,Bear,True
0000271195f2c007,train,https://farm8.staticflickr.com/102/283696707_04235bf34e_o.jpg,https://www.flickr.com/photos/cmag/283696707,https://creativecommons.org/licenses/by/2.0/,https://www.flickr.com/people/cmag/,spader,sad face,83367,ewi6tAk7D8Z8oOE8Wi3fuA==,https://c8.staticflickr.com/1/102/283696707_04235bf34e_z.jpg?zz=1,0.0,Bear,True
000bf3863580a0a0,train,https://farm1.staticflickr.com/3191/4627379004_b6bb9e7ff2_o.jpg,https://www.flickr.com/photos/revstan/4627379004,https://creativecommons.org/licenses/by/2.0/,https://www.flickr.com/people/revstan/,Rev Stan,Green Park,1775802,HYL4UH5ZBVoDkkSB7nRBMg==,https://c1.staticflickr.com/4/3191/4627379004_59e5b2640d_z.jpg,0.0,Bear,True
8a38d92febcb82a8,train,https://c1.staticflickr.com/3/2827/11357262634_dba1516527_o.jpg,https://www.flickr.com/photos/scottcsmith/11357262634,https://creativecommons.org/licenses/by/2.0/,https://www.flickr.com/people/scottcsmith/,Scott Smith,Brown bear Alaska,2513856,2HbF2MmUpbPaeMINprP+Mw==,https://c4.staticflickr.com/3/2827/11357262634_423265a7c2_z.jpg,0.0,Bear,True
0436625c78987b49,train,https://c2.staticflickr.com/6/5011/5444866307_fd7f4e60e5_o.jpg,https://www.flickr.com/photos/leucate/5444866307,https://creativecommons.org/licenses/by/2.0/,https://www.flickr.com/people/leucate/,Tourisme-Leucate,Mélanie Duprat,338535,IwJ8Kp0bQqrR4Wi13YjTvg==,https://c7.staticflickr.com/6/5011/5444866307_4a72d2fd7e_z.jpg,0.0,Bear,True
5a222e0a9fddaa6d,train,https://c6.staticflickr.com/8/7716/17422559942_7ee660b6ae_o.jpg,https://www.flickr.com/photos/janitors/17422559942,https://creativecommons.org/licenses/by/2.0/,https://www.flickr.com/people/janitors/,Kārlis Dambrāns,Smithsonian's National Zoo,3063470,n1sA4Xk5mke2Tshu1IzIKQ==,https://c4.staticflickr.com/8/7716/17422559942_4aff0fbd2c_z.jpg,0.0,Bear,True
00ec8016c2bb9e1a,train,https://c3.staticflickr.com/5/4001/4330404413_a7cbdd1674_o.jpg,https://www.flickr.com/photos/jimwinstead/4330404413,https://creativecommons.org/licenses/by/2.0/,https://www.flickr.com/people/jimwinstead/,Jim Winstead,Untitled,1532913,5Fas6uvaSKr8qTfUJLzrig==,https://c6.staticflickr.com/5/4001/4330404413_c633b7b3ce_z.jpg,0.0,Bear,True
000a6c3a2c4d97e7,train,https://farm8.staticflickr.com/7098/7257728300_839b2a47e1_o.jpg,https://www.flickr.com/photos/biodivlibrary/7257728300,https://creativecommons.org/licenses/by/2.0/,https://www.flickr.com/people/biodivlibrary/,Biodiversity Heritage Library,n202_w1150,389921,HWjAovMsWP3ounfAW1w/Zw==,https://c8.staticflickr.com/8/7098/7257728300_225dc18b10_z.jpg,0.0,Bear,True
500883bfc12a38df,train,https://c8.staticflickr.com/3/2351/2267292563_316d0e8efc_o.jpg,https://www.flickr.com/photos/wwworks/2267292563,https://creativecommons.org/licenses/by/2.0/,https://www.flickr.com/people/wwworks/,woodleywonderworks,goofy,1710836,H6vmyzV8RtABaSOF5cIXiA==,https://c3.staticflickr.com/3/2351/2267292563_0315394559_z.jpg,0.0,Bear,True
7863085c6c102868,train,https://c1.staticflickr.com/4/3568/3614459181_179eb59c5c_o.jpg,https://www.flickr.com/photos/candyandyv/3614459181,https://creativecommons.org/licenses/by/2.0/,https://www.flickr.com/people/candyandyv/,Andy415,Sleepy Bear,3154414,dGbmNkgj6R1F9Sca2ClIfw==,https://c4.staticflickr.com/4/3568/3614459181_47f19cac1e_z.jpg,0.0,Bear,True
550917186ef95098,train,https://c1.staticflickr.com/8/7121/7680563460_0cbc419741_o.jpg,https://www.flickr.com/photos/claire69/7680563460,https://creativecommons.org/licenses/by/2.0/,https://www.flickr.com/people/claire69/,Claire Thompson,Grizzly Bear,4124150,PXvIOiXowcMsVARdo8OL5g==,https://c3.staticflickr.com/8/7121/7680563460_e6e22055a9_z.jpg,0.0,Bear,True
0056aef7e2591355,train,https://farm6.staticflickr.com/6204/6106065859_cc1dfc7998_o.jpg,https://www.flickr.com/photos/biodivlibrary/6106065859,https://creativecommons.org/licenses/by/2.0/,https://www.flickr.com/people/biodivlibrary/,Biodiversity Heritage Library,n25_w1150,253917,3XlTNSzx2rNX6fwSEhDM6g==,https://c5.staticflickr.com/7/6204/6106065859_cc3aeba6e9_z.jpg,0.0,Bear,True
c1ed3b8a50f09854,train,https://farm5.staticflickr.com/2517/3851755966_10d7ff7425_o.jpg,https://www.flickr.com/photos/26327184@N07/3851755966,https://creativecommons.org/licenses/by/2.0/,https://www.flickr.com/people/26327184@N07/,Honey Tee,Snowy & Patrick,95417,xGc8SIXfx+CnA7l3Os2TiA==,https://c1.staticflickr.com/3/2517/3851755966_d2a24e3735_z.jpg?zz=1,0.0,Bear,True
068236e215dc3c31,train,https://farm2.staticflickr.com/4072/4392817845_5452f99029_o.jpg,https://www.flickr.com/photos/ralphandjenny/4392817845,https://creativecommons.org/licenses/by/2.0/,https://www.flickr.com/people/ralphandjenny/,Ralph Daily,Freezy Into Miss Sally's Cupcakes,13065735,YTWhMxzuBSmWXqMpY+Yn9w==,https://c3.staticflickr.com/5/4072/4392817845_a78c845340_z.jpg,0.0,Bear,True
a624b83aa1fa8c28,train,https://c1.staticflickr.com/2/1389/1433429926_3a670c1f0a_o.jpg,https://www.flickr.com/photos/jetalone/1433429926,https://creativecommons.org/licenses/by/2.0/,https://www.flickr.com/people/jetalone/,Hajime NAKANO,Takagawayama Trekking 「熊出没注意 山梨県」(高川山),319313,UPM2JzY0upEkXYt+oDG86g==,https://c4.staticflickr.com/2/1389/1433429926_a54f9259b8_z.jpg?zz=1,0.0,Bear,True
76f3f33641ac43e0,train,https://farm1.staticflickr.com/3937/15335718618_bbb01dc416_o.jpg,https://www.flickr.com/photos/eager/15335718618,https://creativecommons.org/licenses/by/2.0/,https://www.flickr.com/people/eager/,準建築人手札網站 Forgemind ArchiMedia,DSC00836 - 2014-1012 大都會歌劇院,7422883,fpTv1PY1TeiZOqXY+UXr7A==,https://c6.staticflickr.com/4/3937/15335718618_c280ccf0b9_z.jpg,0.0,Bear,True
008dacdfb4b105fe,train,https://c7.staticflickr.com/5/4064/4586410818_1d247f0a93_o.jpg,https://www.flickr.com/photos/pixxiestails/4586410818,https://creativecommons.org/licenses/by/2.0/,https://www.flickr.com/people/pixxiestails/,pixxiestails,IMG_5096.JPG,200625,SBnxUV66VAvzX3WJE/iDrw==,https://c2.staticflickr.com/5/4064/4586410818_727c4d68ac_z.jpg,0.0,Bear,True
5f7f8a8650eafdb8,train,https://c1.staticflickr.com/4/3755/9677110402_796bb46d95_o.jpg,https://www.flickr.com/photos/39908901@N06/9677110402,https://creativecommons.org/licenses/by/2.0/,https://www.flickr.com/people/39908901@N06/,m01229,More tacky gift shop shit,7258702,89KWOcPTFxBomNJHqfchsg==,https://c7.staticflickr.com/4/3755/9677110402_da68804c83_z.jpg,0.0,Bear,True
000020780ccee28d,train,https://c6.staticflickr.com/3/2628/4135154445_4df5dd53f7_o.jpg,https://www.flickr.com/photos/amsterdame/4135154445,https://creativecommons.org/licenses/by/2.0/,https://www.flickr.com/people/amsterdame/,Helen Olney,Lucy,5331682,Nd3f13uRiP+5JBOlp+FeeQ==,https://c7.staticflickr.com/3/2628/4135154445_4cd1f39f0d_z.jpg,0.0,Bear,True
4298cbdce5595b1e,train,https://c7.staticflickr.com/2/1299/4683461047_1b99f7c043_o.jpg,https://www.flickr.com/photos/polarphotos/4683461047,https://creativecommons.org/licenses/by/2.0/,https://www.flickr.com/people/polarphotos/,Polar Cruises,Zodiac and Walrus in The Arctic,177601,kbQZ3RtRjaddXBsEqjzm0w==,https://c4.staticflickr.com/2/1299/4683461047_4e57a68ba5_z.jpg,0.0,Bear,True
00ce152731f04d1d,train,https://c6.staticflickr.com/7/6125/5930210978_0090591ffc_o.jpg,https://www.flickr.com/photos/bibliodyssey/5930210978,https://creativecommons.org/licenses/by/2.0/,https://www.flickr.com/people/bibliodyssey/,Paul K,"Monstrum alatum, and cornutum instar Cacodaemonis",1306608,Vo3mSku+mXI0oMzH+zokdg==,https://c1.staticflickr.com/7/6125/5930210978_97c7090780_z.jpg,,Bear,True
0018fc11d31645fe,train,https://c7.staticflickr.com/3/2261/5768658723_bd51d3741e_o.jpg,https://www.flickr.com/photos/slgc/5768658723,https://creativecommons.org/licenses/by/2.0/,https://www.flickr.com/people/slgc/,slgckgc,Tiger In Front Of Football Stadium,4559578,n7Ow1ayWFZCNYIaQ1M0mdQ==,https://c4.staticflickr.com/3/2261/5768658723_48906f7dcc_z.jpg,0.0,Bear,True
006a0cb1f050690a,train,https://c3.staticflickr.com/8/7731/17180164788_249dd46e2a_o.jpg,https://www.flickr.com/photos/45909111@N00/17180164788,https://creativecommons.org/licenses/by/2.0/,https://www.flickr.com/people/45909111@N00/,Gwydion M. Williams,2015_04_290001 lack of Trickle-Down,1099225,P0H+iZIa88JOisdZJ3sniQ==,https://c8.staticflickr.com/8/7731/17180164788_0f100aae81_z.jpg,0.0,Bear,True
5696ff79d164b5c5,train,https://farm6.staticflickr.com/6240/6883914780_e255ce7306_o.jpg,https://www.flickr.com/photos/davidberkowitz/6883914780,https://creativecommons.org/licenses/by/2.0/,https://www.flickr.com/people/davidberkowitz/,David Berkowitz,"Pandas - Zoo Atlanta - Atlanta, Georgia",2290982,zXAXGb9zF2b7+qsn9AMaeg==,https://c4.staticflickr.com/7/6240/6883914780_5abfb00662_z.jpg,,Bear,True
26f6bff5612cfc4a,train,https://c3.staticflickr.com/4/3718/11925163604_18ba16f793_o.jpg,https://www.flickr.com/photos/tahini/11925163604,https://creativecommons.org/licenses/by/2.0/,https://www.flickr.com/people/tahini/,Mr Thinktank,DSCF9242,541669,A2PzzSodmt+BkA73mpY4sg==,https://c5.staticflickr.com/4/3718/11925163604_7da267cc21_z.jpg,0.0,Bear,True
9d74612048abe918,train,https://c1.staticflickr.com/1/62/169606484_6f76cdf309_o.jpg,https://www.flickr.com/photos/jonathunder/169606484,https://creativecommons.org/licenses/by/2.0/,https://www.flickr.com/people/jonathunder/,uff-da,of moose and man,885870,c+HdRW+ASaHg8oVt/qS3lA==,https://c3.staticflickr.com/1/62/169606484_6f76cdf309_z.jpg,0.0,Bear,True
006a9e9a544ffb7a,train,https://c3.staticflickr.com/1/569/20704640782_0b424644e6_o.jpg,https://www.flickr.com/photos/rikx_nu/20704640782,https://creativecommons.org/licenses/by/2.0/,https://www.flickr.com/people/rikx_nu/,RiKx...,A #face not even his #mam could #love apparently. :( I think he's a #cutie don't you?,173205,8JEz2bzUgTshxbIOkmkjNQ==,https://c6.staticflickr.com/1/569/20704640782_343ebbdbc4_z.jpg,0.0,Bear,True
4fe44368a49e65bc,train,https://c5.staticflickr.com/1/19/22974745_ee3d9d08a3_o.jpg,https://www.flickr.com/photos/flissphil/22974745,https://creativecommons.org/licenses/by/2.0/,https://www.flickr.com/people/flissphil/,Phillip Capper,"Match day - Another British lion, Wellington, New Zealand 2 July 2005",3896122,ji5w0H/SpXBuY25Zu1dRtg==,https://c1.staticflickr.com/1/19/22974745_ee3d9d08a3_z.jpg,,Bear,True
00048cac1dc6508f,train,https://c8.staticflickr.com/4/3342/3210007069_f9f9ae68fc_o.jpg,https://www.flickr.com/photos/pavel/3210007069,https://creativecommons.org/licenses/by/2.0/,https://www.flickr.com/people/pavel/,Pavel Tcholakov,Broken glass,147072,QMrBsyWOgz0jeEPg/YNRTw==,https://c5.staticflickr.com/4/3342/3210007069_89c6e57d2b_z.jpg?zz=1,0.0,Bear,True
8a103996c7669bba,train,https://c3.staticflickr.com/3/2518/3744824667_de242cccd8_o.jpg,https://www.flickr.com/photos/carbonnyc/3744824667,https://creativecommons.org/licenses/by/2.0/,https://www.flickr.com/people/carbonnyc/,David Goehring,With Wisdom Out of Reach,1344018,vtj/pNwDiuaLWt3UQZk1YA==,https://c2.staticflickr.com/3/2518/3744824667_6fdf2a3569_z.jpg,0.0,Bird,True
aa2908161332305e,train,https://c7.staticflickr.com/8/7204/6999594225_e70b6c72dc_o.jpg,https://www.flickr.com/photos/airin/6999594225,https://creativecommons.org/licenses/by/2.0/,https://www.flickr.com/people/airin/,Irene Tobón,Mariposas y curubo,132779,KvAr2THMjD7hNqvonTOx3A==,https://c5.staticflickr.com/8/7204/6999594225_1f3e261385_z.jpg,0.0,Bird,True
9bf922aaa0b873ff,train,https://c8.staticflickr.com/2/1235/1373941693_dd29c25f4f_o.jpg,https://www.flickr.com/photos/rikefotos/1373941693,https://creativecommons.org/licenses/by/2.0/,https://www.flickr.com/people/rikefotos/,Rike Fotos,zum Khatschapuri eingeladen,1586045,6u2vlizHCONDQ3qJEbf7hg==,https://c2.staticflickr.com/2/1235/1373941693_68c24f48f5_z.jpg,0.0,Bird,True
0e180d54e4210dfe,train,https://c7.staticflickr.com/5/4105/4844763706_283385f45e_o.jpg,https://www.flickr.com/photos/russellbernice/4844763706,https://creativecommons.org/licenses/by/2.0/,https://www.flickr.com/people/russellbernice/,Russell Bernice,There he goes.,2567943,b8Qv3YlKc0ZxASKzu/nGkw==,https://c8.staticflickr.com/5/4105/4844763706_664f1a5738_z.jpg,0.0,Bird,True
5060ad840fdcab40,train,https://farm1.staticflickr.com/3221/3120115335_1a59bec49c_o.jpg,https://www.flickr.com/photos/sound80roma/3120115335,https://creativecommons.org/licenses/by/2.0/,https://www.flickr.com/people/sound80roma/,Andrea Ferrante,Gabbiano che si riposa,1032922,eClTvCG251T31kjBnKlawg==,https://c5.staticflickr.com/4/3221/3120115335_8ebc2018ee_z.jpg,0.0,Bird,True
9f7a12d40caa6a12,train,https://farm3.staticflickr.com/8292/7661714436_7c0305b3ed_o.jpg,https://www.flickr.com/photos/dkeats/7661714436,https://creativecommons.org/licenses/by/2.0/,https://www.flickr.com/people/dkeats/,Derek Keats,"Burchell's Coucal, Centropus burchelli",125011,oPM4CROmcBLiC+LvNAYmwQ==,https://c8.staticflickr.com/9/8292/7661714436_50305281e5_z.jpg,,Bird,True
4d6abcc7c23b40cb,train,https://c4.staticflickr.com/9/8226/8500103935_1f9d2ebcf8_o.jpg,https://www.flickr.com/photos/briangratwicke/8500103935,https://creativecommons.org/licenses/by/2.0/,https://www.flickr.com/people/briangratwicke/,Brian Gratwicke,Striated heron,2370296,6TIIH6r/ZeDiWTURLXmRAQ==,https://c1.staticflickr.com/9/8226/8500103935_2c7ae4cc67_z.jpg,0.0,Bird,True
66234011b425c2ed,train,https://c6.staticflickr.com/6/5570/14980903342_3620c3ce19_o.jpg,https://www.flickr.com/photos/inucara/14980903342,https://creativecommons.org/licenses/by/2.0/,https://www.flickr.com/people/inucara/,Kentaro Ohno,アルパカ,10693393,bbpMlz48Phh/kHf1xyBl2A==,https://c4.staticflickr.com/6/5570/14980903342_9020528190_z.jpg,0.0,Bird,True
00ad10bacf035759,train,https://c2.staticflickr.com/4/3782/12772625565_b3e03e696c_o.jpg,https://www.flickr.com/photos/29278394@N00/12772625565,https://creativecommons.org/licenses/by/2.0/,https://www.flickr.com/people/29278394@N00/,normanack,"Goose, goosed",3272926,KIj8/gUI4Hfd2kwZnwHi5w==,https://c7.staticflickr.com/4/3782/12772625565_085d9bcacb_z.jpg,,Bird,True
5ff30dbb816d86e9,train,https://c2.staticflickr.com/9/8103/8587234560_f21759410e_o.jpg,https://www.flickr.com/photos/shankbone/8587234560/,https://creativecommons.org/licenses/by/2.0/,https://www.flickr.com/people/shankbone/,David Shankbone,Mural over a drug park on East 3rd Street,180777,ml4OfagJgo9R82hEKQSDWQ==,https://c7.staticflickr.com/9/8103/8587234560_db6059f6a5_z.jpg,0.0,Bird,True
40a17821a175dbfa,train,https://c3.staticflickr.com/3/2744/4533543969_a4cb2a6c51_o.jpg,https://www.flickr.com/photos/49461397@N06/4533543969,https://creativecommons.org/licenses/by/2.0/,https://www.flickr.com/people/49461397@N06/,Koustav Mandal,Rabindra Sorobor...Kolkata,75728,FzTHVZlf7v+/PtzUOmqx/w==,https://c5.staticflickr.com/3/2744/4533543969_7ca2516e07_z.jpg,0.0,Bird,True
9aa706b530e7ed12,train,https://farm3.staticflickr.com/3753/9674789714_03456aed80_o.jpg,https://www.flickr.com/photos/mony053/9674789714,https://creativecommons.org/licenses/by/2.0/,https://www.flickr.com/people/mony053/,Yunus Mony,Stork-billed Kingfisher / মেঘহও মাছরাঙা (Pelargopsis capensis),207777,iTpwS0KxBrfGxhCm1vk3bw==,https://c1.staticflickr.com/4/3753/9674789714_f934fc0fd5_z.jpg,0.0,Bird,True
1ad4d9e376a77c17,train,https://farm8.staticflickr.com/2081/2272060819_83e537dd27_o.jpg,https://www.flickr.com/photos/leppyone/2272060819/,https://creativecommons.org/licenses/by/2.0/,https://www.flickr.com/people/leppyone/,leppyone,American (Greater) Flamingo #5,267855,U8oMKYksZvwImQ7HUpxRyA==,https://c7.staticflickr.com/3/2081/2272060819_89c66bf72d_z.jpg?zz=1,0.0,Bird,True
6b59b73d08d8ff81,train,https://farm2.staticflickr.com/7370/12192388073_1f08421092_o.jpg,https://www.flickr.com/photos/58626814@N03/12192388073,https://creativecommons.org/licenses/by/2.0/,https://www.flickr.com/people/58626814@N03/,Joni in the Moon,"249013,xcitefun-animals-illustrations-by-iain02",97419,9/s45yUTpDUcl/o4E4Z2Bw==,https://c4.staticflickr.com/8/7370/12192388073_5f4868bb9c_z.jpg,,Bird,True
4566ee095e52d45d,train,https://c6.staticflickr.com/8/7640/16813435140_2097d7900a_o.jpg,https://www.flickr.com/photos/saulgrain-marcelin/16813435140,https://creativecommons.org/licenses/by/2.0/,https://www.flickr.com/people/saulgrain-marcelin/,Saulgrain marcelin Photographie,_MG_2475 R,674161,jWGLdPbaibR1Fhdcjye2gQ==,https://c6.staticflickr.com/8/7640/16813435140_2cd76ef90c_z.jpg,0.0,Bird,True
678c3a8cadbaf0f0,train,https://farm1.staticflickr.com/5037/14430194536_6b441efd31_o.jpg,https://www.flickr.com/photos/usfwsmtnprairie/14430194536,https://creativecommons.org/licenses/by/2.0/,https://www.flickr.com/people/usfwsmtnprairie/,USFWS Mountain-Prairie,A Unique Raptor,523306,hL7DGCYxuWezF9rgxNQcPA==,https://c6.staticflickr.com/6/5037/14430194536_8dc8ba061e_z.jpg,0.0,Bird,True
2bf51125a4a0d808,train,https://c1.staticflickr.com/3/2559/3685121869_8cfc5fde42_o.jpg,https://www.flickr.com/photos/75001512@N00/3685121869,https://creativecommons.org/licenses/by/2.0/,https://www.flickr.com/people/75001512@N00/,Joel Kramer,macaws,1697959,Knuv5KtFXKgiV6h0JLOqng==,https://c8.staticflickr.com/3/2559/3685121869_33672e6491_z.jpg,0.0,Bird,True
994929166079c6a7,train,https://farm8.staticflickr.com/2260/2424229504_508829aba6_o.jpg,https://www.flickr.com/photos/kretyen/2424229504,https://creativecommons.org/licenses/by/2.0/,https://www.flickr.com/people/kretyen/,Ken Bosma,All eyes and beak,2709592,KhTfuIgv0ZjDFFHWfGuyGA==,https://c3.staticflickr.com/3/2260/2424229504_0399961028_z.jpg,0.0,Bird,True
1c4b5215f2148df0,train,https://farm1.staticflickr.com/4059/4577987617_a72dcfbed9_o.jpg,https://www.flickr.com/photos/oimax/4577987617,https://creativecommons.org/licenses/by/2.0/,https://www.flickr.com/people/oimax/,OiMax,seabird friends,4886650,iTbOBXchirOWoDMEiJfbew==,https://c8.staticflickr.com/5/4059/4577987617_c2ab007da3_z.jpg,0.0,Bird,True
78a9e585848ca4de,train,https://c7.staticflickr.com/9/8680/16624251231_01acf7d23d_o.jpg,https://www.flickr.com/photos/igb/16624251231,https://creativecommons.org/licenses/by/2.0/,https://www.flickr.com/people/igb/,Ian Brown,Gray Jay,358784,3SN1kufiBE8SIQQaQg8R6A==,https://c6.staticflickr.com/9/8680/16624251231_bde8500984_z.jpg,0.0,Bird,True
04f54c7c766c12d3,train,https://farm4.staticflickr.com/2432/3921222625_ae387fc412_o.jpg,https://www.flickr.com/photos/edkohler/3921222625,https://creativecommons.org/licenses/by/2.0/,https://www.flickr.com/people/edkohler/,edkohler,Loon Lake Trolley Path,1836840,UWkR2OaIF1vgH0aBSV+d4g==,https://c1.staticflickr.com/3/2432/3921222625_75bd9b305c_z.jpg,0.0,Bird,True
c69b8502d2fb0566,train,https://farm7.staticflickr.com/5128/5277847994_cedafb823e_o.jpg,https://www.flickr.com/photos/noaaphotolib/5277847994,https://creativecommons.org/licenses/by/2.0/,https://www.flickr.com/people/noaaphotolib/,NOAA Photo Library,anim1481,812959,IzNWhaUSDm9CPeTcnSnixg==,https://c8.staticflickr.com/6/5128/5277847994_e0ca5e2968_z.jpg,0.0,Bird,True
1c3718cd1e8345ce,train,https://c7.staticflickr.com/1/44/110491650_e9c82c629b_o.jpg,https://www.flickr.com/photos/lizard_queen/110491650,https://creativecommons.org/licenses/by/2.0/,https://www.flickr.com/people/lizard_queen/,Caitlin,Moorhen & Mallards,3238224,qYmwNYFOwMEw/c6LZrQsGA==,https://c3.staticflickr.com/1/44/110491650_e9c82c629b_z.jpg,0.0,Bird,True
5ac8dd97c4d9b2e5,train,https://farm6.staticflickr.com/129/359725217_b51afee47e_o.jpg,https://www.flickr.com/photos/moralesphoto/359725217,https://creativecommons.org/licenses/by/2.0/,https://www.flickr.com/people/moralesphoto/,Thank you for stopping by!,Lutino Parakeet,585092,7ZP6DEsV3VTzH2SVdyddAQ==,https://c8.staticflickr.com/1/129/359725217_b51afee47e_z.jpg,90.0,Bird,True
c9c94a2ae9522ed1,train,https://farm2.staticflickr.com/5009/5343060545_74a9ac576a_o.jpg,https://www.flickr.com/photos/usfwsnortheast/5343060545,https://creativecommons.org/licenses/by/2.0/,https://www.flickr.com/people/usfwsnortheast/,U.S. Fish and Wildlife Service Northeast Region,Back Bay National Wildlife Refuge,73969,wklzYtQeww+HJZhXG7Kdow==,https://c4.staticflickr.com/6/5009/5343060545_133ba48752_z.jpg,0.0,Bird,True
9c4c914433915bd4,train,https://farm5.staticflickr.com/3008/5846123473_ab7c97bd6c_o.jpg,https://www.flickr.com/photos/tristarada/5846123473,https://creativecommons.org/licenses/by/2.0/,https://www.flickr.com/people/tristarada/,Trista Rada,Young Ruby-Throated Hummingbird,369219,HueWWQcYOMaCQ9k5n500Tw==,https://c8.staticflickr.com/4/3008/5846123473_7fb68a0f86_z.jpg,0.0,Bird,True
87ce2b84df47e839,train,https://c2.staticflickr.com/4/3749/9187230376_f630f6c77b_o.jpg,https://www.flickr.com/photos/sucriertt/9187230376,https://creativecommons.org/licenses/by/2.0/,https://www.flickr.com/people/sucriertt/,Feroze Omardeen,Dominica Bananaquit June 2013,308003,SZL4SaB2T36UZc6aPInPoQ==,https://c5.staticflickr.com/4/3749/9187230376_1fc0a8ab90_z.jpg,0.0,Bird,True
2b195ac4887bc583,train,https://farm4.staticflickr.com/577/21706350516_35da2c3f2b_o.jpg,https://www.flickr.com/photos/15636237@N04/21706350516,https://creativecommons.org/licenses/by/2.0/,https://www.flickr.com/people/15636237@N04/,Virginia L.,winter wishes (close-up),3075925,OjBQw+C0yAEwsDWWd0lLTw==,https://c1.staticflickr.com/1/577/21706350516_060c791482_z.jpg,0.0,Bird,True
994c586c7841375d,train,https://c6.staticflickr.com/4/3825/20261985068_7349c4d402_o.jpg,https://www.flickr.com/photos/rollercoasterphilosophy/20261985068,https://creativecommons.org/licenses/by/2.0/,https://www.flickr.com/people/rollercoasterphilosophy/,Jeremy Thompson,Six Flags Magic Mountain,3293836,2Y5P1+7LCfvVB3rsaD6Kkg==,https://c5.staticflickr.com/4/3825/20261985068_3bc10f1309_z.jpg,0.0,Bird,True
4237b26da4a8198b,train,https://c4.staticflickr.com/7/6006/5959429214_c3b8790861_o.jpg,https://www.flickr.com/photos/dhobern/5959429214,https://creativecommons.org/licenses/by/2.0/,https://www.flickr.com/people/dhobern/,Donald Hobern,Geastrum sp.,433908,M0i2dksc1Co9VrKgT0jFvA==,https://c7.staticflickr.com/7/6006/5959429214_0d61b0ac67_z.jpg,0.0,Bird,True
524bbebb74b6e915,train,https://farm6.staticflickr.com/5459/9315185448_cc687a592c_o.jpg,https://www.flickr.com/photos/biodivlibrary/9315185448,https://creativecommons.org/licenses/by/2.0/,https://www.flickr.com/people/biodivlibrary/,Biodiversity Heritage Library,n88_w1150,322703,NWS5cNviBu3QzmX1/MwuBQ==,https://c1.staticflickr.com/6/5459/9315185448_4223fb102a_z.jpg,0.0,Bird,True
c23b259a406d4f8f,train,https://c8.staticflickr.com/5/4131/5207918046_58c3358e1b_o.jpg,https://www.flickr.com/photos/kevinsteinhardt/5207918046,https://creativecommons.org/licenses/by/2.0/,https://www.flickr.com/people/kevinsteinhardt/,Kevin Steinhardt,Might Be,5316703,AJ9OrtUD8zaA9vAHKoT5gw==,https://c1.staticflickr.com/5/4131/5207918046_5262002063_z.jpg,0.0,Bird,True
8955b7a849f7687f,train,https://c8.staticflickr.com/3/2147/2279444077_895f1029f2_o.jpg,https://www.flickr.com/photos/ana_cotta/2279444077,https://creativecommons.org/licenses/by/2.0/,https://www.flickr.com/people/ana_cotta/,Ana_Cotta,na hora!,964200,KseGOB8e0AUyDMX8johPkw==,https://c3.staticflickr.com/3/2147/2279444077_0187e35aff_z.jpg,0.0,Bird,True
4080d7c584493d09,train,https://c2.staticflickr.com/1/50/152680936_f92a5b8b09_o.jpg,https://www.flickr.com/photos/smallbox/152680936,https://creativecommons.org/licenses/by/2.0/,https://www.flickr.com/people/smallbox/,Ol.v!er [H2vPk],course de caboteurs,110122,03JKVzaKJSV9Z6Lfe4ZiMg==,https://c1.staticflickr.com/1/50/152680936_f92a5b8b09_z.jpg?zz=1,0.0,Bird,True
5fbca08938dc5eec,train,https://c5.staticflickr.com/4/3530/3231504246_afe17e1134_o.jpg,https://www.flickr.com/photos/gjofili/3231504246,https://creativecommons.org/licenses/by/2.0/,https://www.flickr.com/people/gjofili/,guilherme jofili,Sanhaço || Thraupis sayaca,105595,uUvQZlkvSr/SAiO3pjXaNg==,https://c1.staticflickr.com/4/3530/3231504246_0e16f1da6d_z.jpg?zz=1,0.0,Bird,True
644bb71a63ebf44b,train,https://c4.staticflickr.com/4/3282/2624729945_788be80d35_o.jpg,https://www.flickr.com/photos/dichohecho/2624729945,https://creativecommons.org/licenses/by/2.0/,https://www.flickr.com/people/dichohecho/,Sarah,Goose attack!,481459,UgnJtXFDN5myPqBeRDyCgg==,https://c6.staticflickr.com/4/3282/2624729945_4a90064234_z.jpg,0.0,Bird,True
dc9819283b30ea9f,train,https://c8.staticflickr.com/3/2947/15278331748_61e97c6917_o.jpg,https://www.flickr.com/photos/modofodo/15278331748,https://creativecommons.org/licenses/by/2.0/,https://www.flickr.com/people/modofodo/,el-toro,old town irvine,12997871,mmaoI1Opcv86QVELWUf7ww==,https://c6.staticflickr.com/3/2947/15278331748_04dde6283c_z.jpg,0.0,Bird,True
88a81f0ceca3abbe,train,https://c7.staticflickr.com/9/8323/8444746520_8e00d78cf7_o.jpg,https://www.flickr.com/photos/jontintinjordan/8444746520/,https://creativecommons.org/licenses/by/2.0/,https://www.flickr.com/people/jontintinjordan/,jon jordan,hulme park,6365900,UaPAEPQOT83RjWkQZ6C/vA==,https://c5.staticflickr.com/9/8323/8444746520_d97449953b_z.jpg,0.0,Bird,True
2e58412eddb523ec,train,https://c5.staticflickr.com/6/5266/5771960686_8f18ba3b07_o.jpg,https://www.flickr.com/photos/beejer/5771960686,https://creativecommons.org/licenses/by/2.0/,https://www.flickr.com/people/beejer/,Warren Brown,BIAT_2011-02-01__27__©WarrenBrown(2011),1591711,ayrycIqr8TnhJVusLgcTqQ==,https://c2.staticflickr.com/6/5266/5771960686_71fc798a05_z.jpg,0.0,Bird,True
a8325a68bf5bd176,train,https://farm7.staticflickr.com/3918/14710732705_2104bf2011_o.jpg,https://www.flickr.com/photos/usfwsmtnprairie/14710732705,https://creativecommons.org/licenses/by/2.0/,https://www.flickr.com/people/usfwsmtnprairie/,USFWS Mountain-Prairie,Greater Sage-grouse Lek,263301,I8bpsDoUqzIXBG8JPmQyxA==,https://c8.staticflickr.com/4/3918/14710732705_fd6db73f32_z.jpg,0.0,Bird,True
7a77e6d64e934d34,train,https://farm5.staticflickr.com/2219/2246442307_ee5c0cb066_o.jpg,https://www.flickr.com/photos/dana-k/2246442307,https://creativecommons.org/licenses/by/2.0/,https://www.flickr.com/people/dana-k/,DanaK~WaterPenny,Cardinal at SEAC Staff Retreat,1542263,l94yR2i5Djwo9ZThneddGA==,https://c2.staticflickr.com/3/2219/2246442307_600bb7ca03_z.jpg,270.0,Bird,True
1bbad4ec47a1d6cd,train,https://c6.staticflickr.com/6/5267/5635562435_aec91bd7c7_o.jpg,https://www.flickr.com/photos/zimpenfish/5635562435,https://creativecommons.org/licenses/by/2.0/,https://www.flickr.com/people/zimpenfish/,rjp,Flappy white things,592979,1valvZCnJFahpzriXBlSOg==,https://c3.staticflickr.com/6/5267/5635562435_d8b5500c15_z.jpg,0.0,Bird,True
87e0af4fabe095c1,train,https://farm2.staticflickr.com/3154/2610359419_234db3c4b9_o.jpg,https://www.flickr.com/photos/ilkerkocas/2610359419,https://creativecommons.org/licenses/by/2.0/,https://www.flickr.com/people/ilkerkocas/,ilker kocas,To fear as pigeons do,1064279,xeuxuUxtrjjmaJYqk6ZJxA==,https://c4.staticflickr.com/4/3154/2610359419_c1a1ba2952_z.jpg,0.0,Bird,True
84c7aa7867e6d324,train,https://farm5.staticflickr.com/3006/2954048361_f27d2fa962_o.jpg,https://www.flickr.com/photos/daita/2954048361,https://creativecommons.org/licenses/by/2.0/,https://www.flickr.com/people/daita/,daita saru,great view,249354,7kSq0/FpnTAqpM5qbANu7w==,https://c2.staticflickr.com/4/3006/2954048361_29b0c75968_z.jpg,0.0,Bird,True
991b36de8299d9ef,train,https://c8.staticflickr.com/9/8106/8506161895_6636d0751a_o.jpg,https://www.flickr.com/photos/biodivlibrary/8506161895,https://creativecommons.org/licenses/by/2.0/,https://www.flickr.com/people/biodivlibrary/,Biodiversity Heritage Library,n152_w1150,255810,ngceiWNwuCUbyLmRvh3Hyg==,https://c4.staticflickr.com/9/8106/8506161895_0c90710ec3_z.jpg,0.0,Bird,True
07ae5c20503aa8e5,train,https://farm6.staticflickr.com/4057/4626053111_f099e0ce38_o.jpg,https://www.flickr.com/photos/yogendra174/4626053111,https://creativecommons.org/licenses/by/2.0/,https://www.flickr.com/people/yogendra174/,Yogendra Joshi,White-rumped Shama,161181,KJcs7FkSytugIhD+j83tpg==,https://c5.staticflickr.com/5/4057/4626053111_e7a4b6a4d8_z.jpg,0.0,Bird,True
2bd5f128983df329,train,https://c2.staticflickr.com/3/2156/2120575553_5542155acf_o.jpg,https://www.flickr.com/photos/10274328@N05/2120575553,https://creativecommons.org/licenses/by/2.0/,https://www.flickr.com/people/10274328@N05/,ONE DC,CIMG5454,86078,dIAtG1O7+vSmTaEdEi1uFQ==,https://c6.staticflickr.com/3/2156/2120575553_704f109698_z.jpg?zz=1,0.0,Bird,True
d88f510f13659ead,train,https://c6.staticflickr.com/4/3577/3320760476_25192ecf03_o.jpg,https://www.flickr.com/photos/london/3320760476,https://creativecommons.org/licenses/by/2.0/,https://www.flickr.com/people/london/,Jon Rawlinson,Coyote in Stanley park!,208837,R7IpnzPn3c5QTqghBfF+Pw==,https://c1.staticflickr.com/4/3577/3320760476_65f2723c46_z.jpg?zz=1,0.0,Bird,True
80a1cb3f606f2a1a,train,https://c3.staticflickr.com/4/3645/3360563383_f9773a7665_o.jpg,https://www.flickr.com/photos/cristiano_betta/3360563383,https://creativecommons.org/licenses/by/2.0/,https://www.flickr.com/people/cristiano_betta/,Cristiano Betta,Day 74 - I can do Ducks too!,2050828,ak/xLLlxZJesQU0f8IsZ8A==,https://c4.staticflickr.com/4/3645/3360563383_3b50980866_z.jpg,0.0,Bird,True
bfaddca2e8a4e16d,train,https://c6.staticflickr.com/7/6224/6209585615_939a5e9d05_o.jpg,https://www.flickr.com/photos/qwrrty/6209585615,https://creativecommons.org/licenses/by/2.0/,https://www.flickr.com/people/qwrrty/,Tim Pierce,Occupy Boston - misc signs,5735510,X+XPfFAqmPvpkYeqDYBhYA==,https://c4.staticflickr.com/7/6224/6209585615_51611005e6_z.jpg,0.0,Bird,True
4e7e1684e437cab0,train,https://farm1.staticflickr.com/7467/15404662103_2ccd4b3bbe_o.jpg,https://www.flickr.com/photos/aeverett55/15404662103,https://creativecommons.org/licenses/by/2.0/,https://www.flickr.com/people/aeverett55/,Andrew Everett,Eagle 1,576338,Zdt9S5m0ANN9UpQOhmWjrg==,https://c6.staticflickr.com/8/7467/15404662103_6deaf92ac7_z.jpg,0.0,Bird,True
54bc6ad708987b5a,train,https://c3.staticflickr.com/6/5557/14317967581_674e8ac336_o.jpg,https://www.flickr.com/photos/jimmybrown/14317967581,https://creativecommons.org/licenses/by/2.0/,https://www.flickr.com/people/jimmybrown/,jimmy brown,Adventures In Birding,11655455,kYvXGjR31rFXlrZ0fSTq4w==,https://c3.staticflickr.com/6/5557/14317967581_6b5e5a0692_z.jpg,0.0,Bird,True
440f9f6b014e84e3,train,https://farm4.staticflickr.com/1350/5142516545_ffc3736827_o.jpg,https://www.flickr.com/photos/mdpettitt/5142516545,https://creativecommons.org/licenses/by/2.0/,https://www.flickr.com/people/mdpettitt/,Martin Pettitt,Bury St Edmunds 30-10-2010,1473366,272kYfxgftxKMeJRyqoNPg==,https://c4.staticflickr.com/2/1350/5142516545_7b0e87c41b_z.jpg,0.0,Bird,True
214c17f2322f858f,train,https://c8.staticflickr.com/1/108/273932148_2a5cb795ed_o.jpg,https://www.flickr.com/photos/yuvalh/273932148,https://creativecommons.org/licenses/by/2.0/,https://www.flickr.com/people/yuvalh/,Yuval Haimovits,Watching seagull,107889,+i8ftahXQzWjgO5yU6ogAg==,https://c8.staticflickr.com/1/108/273932148_2a5cb795ed_z.jpg?zz=1,0.0,Bird,True
a08a4bab8a9d9860,train,https://farm1.staticflickr.com/5091/5484682062_d776138125_o.jpg,https://www.flickr.com/photos/cogdog/5484682062,https://creativecommons.org/licenses/by/2.0/,https://www.flickr.com/people/cogdog/,Alan Levine,Magic Balance,3967506,DFTswyKf65/pedLfvwHqRA==,https://c6.staticflickr.com/6/5091/5484682062_b6828b3585_z.jpg,0.0,Bird,True
3ae37897328c8828,train,https://c1.staticflickr.com/1/225/507431615_5286060d7e_o.jpg,https://www.flickr.com/photos/flissphil/507431615,https://creativecommons.org/licenses/by/2.0/,https://www.flickr.com/people/flissphil/,Phillip Capper,"Mt. Maunganui with lamp standards, Bay of Plenty, New Zealand, 21 May 2007",3532359,raQOQYdxQ3P9aOfYV/oD5Q==,https://c7.staticflickr.com/1/225/507431615_07ab50dd5c_z.jpg,,Bird,True
1091051b3ce6b477,train,https://farm8.staticflickr.com/5195/5856364779_e32336ff7a_o.jpg,https://www.flickr.com/photos/72283508@N00/5856364779,https://creativecommons.org/licenses/by/2.0/,https://www.flickr.com/people/72283508@N00/,Rookuzz,Take off,3459103,Tjx+gXIg5mCN3kxz/mZcPA==,https://c1.staticflickr.com/6/5195/5856364779_a15b82eef9_z.jpg,0.0,Bird,True
90d4830326b993b1,train,https://farm2.staticflickr.com/179/384171489_53594e8ca3_o.jpg,https://www.flickr.com/photos/chpaquette/384171489,https://creativecommons.org/licenses/by/2.0/,https://www.flickr.com/people/chpaquette/,Christopher Paquette,finch1,45640,PwA7SIHsJfKdmkzqhSFNFQ==,,,Bird,True
cf603b721db50bd9,train,https://c2.staticflickr.com/9/8357/8424078838_7583f27fd8_o.jpg,https://www.flickr.com/photos/pe5pe/8424078838,https://creativecommons.org/licenses/by/2.0/,https://www.flickr.com/people/pe5pe/,Luis Pérez,IMG_6760,5730221,pP430iPbXrcbr1IN6ACmww==,https://c6.staticflickr.com/9/8357/8424078838_029097613f_z.jpg,0.0,Bird,True
d5994497dfee87e6,train,https://farm7.staticflickr.com/2255/2541850130_111956f9fe_o.jpg,https://www.flickr.com/photos/nayrb7/2541850130,https://creativecommons.org/licenses/by/2.0/,https://www.flickr.com/people/nayrb7/,nayrb7,da bow-legged giraffe,1258215,AdsQ4h4Q67dhiRl8NFgynw==,https://c5.staticflickr.com/3/2255/2541850130_ba237246e9_z.jpg,270.0,Bird,True
f81a3acba70edd88,train,https://c1.staticflickr.com/1/22/30950831_6183525a35_o.jpg,https://www.flickr.com/photos/mostafa/30950831,https://creativecommons.org/licenses/by/2.0/,https://www.flickr.com/people/mostafa/,Mostafa Saeednejad,The bird,275554,VZBecCHa2gLt3wzs2RWPzQ==,https://c6.staticflickr.com/1/22/30950831_6183525a35_z.jpg?zz=1,0.0,Bird,True
872c249f21ec504f,train,https://c8.staticflickr.com/2/1112/1265201363_25b6743258_o.jpg,https://www.flickr.com/photos/snigl3t/1265201363,https://creativecommons.org/licenses/by/2.0/,https://www.flickr.com/people/snigl3t/,Anne-Lise Heinrichs,sudden drop scruff gulls,135379,So+B/cSkqgP2fjVtPcKMQw==,https://c4.staticflickr.com/2/1112/1265201363_bc6af3b601_z.jpg?zz=1,0.0,Bird,True
ad12c461829b8438,train,https://c1.staticflickr.com/3/2170/2345848797_9fe4f76254_o.jpg,https://www.flickr.com/photos/gilad_rom/2345848797,https://creativecommons.org/licenses/by/2.0/,https://www.flickr.com/people/gilad_rom/,Gilad Rom,Tagged,2756040,kuWyQuvRLXNkowzlHXOc+g==,https://c1.staticflickr.com/3/2170/2345848797_e7e428651d_z.jpg,0.0,Bird,True
eb635afc35e1f692,train,https://farm3.staticflickr.com/5508/9794052436_08eb88a14a_o.jpg,https://www.flickr.com/photos/46183897@N00/9794052436,https://creativecommons.org/licenses/by/2.0/,https://www.flickr.com/people/46183897@N00/,Robert Nunnally,"green heron, oak point park, plano, texas",1957915,OvAfYSP44skA8EjUaSIpuA==,https://c1.staticflickr.com/6/5508/9794052436_2f664e4e69_z.jpg,,Bird,True
4fb69aa07e41ec47,train,https://farm8.staticflickr.com/4107/5187659256_eb59c2cff5_o.jpg,https://www.flickr.com/photos/jcorrius/5187659256,https://creativecommons.org/licenses/by/2.0/,https://www.flickr.com/people/jcorrius/,Jesús Corrius,Foz do Iguaçu,1812373,hoyv8Q9Eer3saP8+UsLmKA==,https://c7.staticflickr.com/5/4107/5187659256_4128cb8cff_z.jpg,0.0,Bird,True
129bfbb391d97826,train,https://farm7.staticflickr.com/3776/8810038059_aef403ea5f_o.jpg,https://www.flickr.com/photos/vanxarp/8810038059,https://creativecommons.org/licenses/by/2.0/,https://www.flickr.com/people/vanxarp/,Pranav Hundekari,Ganesh Chaturthi 2012,754989,IMFaskqoZv4d/HxtIp7p9g==,https://c7.staticflickr.com/4/3776/8810038059_4773953949_z.jpg,0.0,Bird,True
3876d840094c55ae,train,https://c7.staticflickr.com/9/8625/16672797866_a1304601d2_o.jpg,https://www.flickr.com/photos/34480553@N06/16672797866,https://creativecommons.org/licenses/by/2.0/,https://www.flickr.com/people/34480553@N06/,Wilferd Duckitt,592A0248-3,589526,jaB8UZyoQL3bR/tLnqP9oA==,https://c3.staticflickr.com/9/8625/16672797866_ac94f36704_z.jpg,0.0,Bird,True
9d3dd6b0f63904db,train,https://c4.staticflickr.com/5/4026/4660274703_3d59ba78eb_o.jpg,https://www.flickr.com/photos/randomliteraturecouncil/4660274703,https://creativecommons.org/licenses/by/2.0/,https://www.flickr.com/people/randomliteraturecouncil/,STOP VIVISECTION-USE YUPPIES Goretomb,imported coffins,59859,ENqy/bFfMw//4IeExsqJpA==,https://c5.staticflickr.com/5/4026/4660274703_e301226b6f_z.jpg,0.0,Bird,True
568cd4cb1bb31dfd,train,https://c6.staticflickr.com/4/3534/3963725281_7cd2eee679_o.jpg,https://www.flickr.com/photos/kamikazestoat/3963725281,https://creativecommons.org/licenses/by/2.0/,https://www.flickr.com/people/kamikazestoat/,Kamikaze Stoat,Probably lunch,567167,E7cjPp7p7IVLmucWlT3Mvg==,https://c2.staticflickr.com/4/3534/3963725281_1f9849fa58_z.jpg?zz=1,0.0,Bird,True
7549f70b4b569e10,train,https://farm1.staticflickr.com/6158/6159820867_978fcc827e_o.jpg,https://www.flickr.com/photos/15016964@N02/6159820867,https://creativecommons.org/licenses/by/2.0/,https://www.flickr.com/people/15016964@N02/,Marie Hale,Silvered leaf monkey (silvery langur),409331,A7wU0D+wGcez1rRdClCM1g==,https://c8.staticflickr.com/7/6158/6159820867_f8df7cf70a_z.jpg,0.0,Bird,True
fc9418754fdecf49,train,https://c2.staticflickr.com/2/1413/877641957_893fc9ff59_o.jpg,https://www.flickr.com/photos/fiskfisk/877641957/,https://creativecommons.org/licenses/by/2.0/,https://www.flickr.com/people/fiskfisk/,Mats Lindh,Small Red Panda in Tree,1119461,g8xhVDHV5CtX5QWXs0RVGQ==,https://c6.staticflickr.com/2/1413/877641957_87a0e1159e_z.jpg,0.0,Bird,True
775660cf18cdf955,train,https://farm6.staticflickr.com/5344/9383168657_7b9bed7b44_o.jpg,https://www.flickr.com/photos/shirokazan/9383168657,https://creativecommons.org/licenses/by/2.0/,https://www.flickr.com/people/shirokazan/,ㇹヮィㇳ,Just texting,8612090,uACAVh896fwCkxEXL7+rkQ==,https://c5.staticflickr.com/6/5344/9383168657_753fc56420_z.jpg,0.0,Bird,True
451c48dd8b0d3e7a,train,https://c3.staticflickr.com/3/2082/2320916407_94ff4870b2_o.jpg,https://www.flickr.com/photos/mister-e/2320916407,https://creativecommons.org/licenses/by/2.0/,https://www.flickr.com/people/mister-e/,Chris Eason,Take-off,383104,A7GgC3gihg81eeUvZ6uCdQ==,https://c2.staticflickr.com/3/2082/2320916407_0bb2bc7c7d_z.jpg,0.0,Bird,True
ab7dcfb39cb2a8e1,train,https://farm2.staticflickr.com/8080/8325082115_5c8695a308_o.jpg,https://www.flickr.com/photos/davidcjones/8325082115,https://creativecommons.org/licenses/by/2.0/,https://www.flickr.com/people/davidcjones/,David Jones,"American Bald Eagle at the Broadmoor Hotel, Colorado Springs",2348788,HE2IAuxhE6OnYeWs7e1oGQ==,https://c1.staticflickr.com/9/8080/8325082115_7e7c7d9ed2_z.jpg,,Bird,True
dfc01a4457ac9d64,train,https://farm5.staticflickr.com/8589/16178505625_94c96f8b23_o.jpg,https://www.flickr.com/photos/vastateparksstaff/16178505625,https://creativecommons.org/licenses/by/2.0/,https://www.flickr.com/people/vastateparksstaff/,Virginia State Parks,prakstarr sk twitter 2,81423,a+ZeOkzMks44Ao9sjlcY/A==,https://c7.staticflickr.com/9/8589/16178505625_4f14105510_z.jpg,0.0,Bird,True
1c317a3d54281a78,train,https://c1.staticflickr.com/3/2143/2198833337_2ba4279cb9_o.jpg,https://www.flickr.com/photos/dewimeutia/2198833337,https://creativecommons.org/licenses/by/2.0/,https://www.flickr.com/people/dewimeutia/,D.Meutia,Bali Garuda Wisnu Kencana Statue,1556810,jAhbjmcMFNjlQVj9j7k0KQ==,https://c5.staticflickr.com/3/2143/2198833337_c8d0621a66_z.jpg,90.0,Bird,True
204735ab142098f3,train,https://farm4.staticflickr.com/142/414037046_7562f19a4d_o.jpg,https://www.flickr.com/photos/robandstephanielevy/414037046,https://creativecommons.org/licenses/by/2.0/,https://www.flickr.com/people/robandstephanielevy/,Rob and Stephanie Levy,here chicky chicky chicky,285617,U1MtCg/eT3NZzLKH564TPw==,https://c7.staticflickr.com/1/142/414037046_e8a51fc186_z.jpg,0.0,Bird,True
dfd7f0784ddc5619,train,https://c2.staticflickr.com/8/7554/15461475153_48b7d6e467_o.jpg,https://www.flickr.com/photos/125076725@N03/15461475153/,https://creativecommons.org/licenses/by/2.0/,https://www.flickr.com/people/125076725@N03/,Flávio Andreata,IMG_1938,5899560,ZGLCPSDZe4IfW0yVd1ddIA==,https://c2.staticflickr.com/8/7554/15461475153_cc822b9010_z.jpg,0.0,Bird,True
5e7fa616085d0a92,train,https://farm3.staticflickr.com/3390/3625792125_12547bceac_o.jpg,https://www.flickr.com/photos/romtomtom/3625792125,https://creativecommons.org/licenses/by/2.0/,https://www.flickr.com/people/romtomtom/,Romtomtom,rusty skew gear,403550,wbZiaYHkhuF4yGPF5YZegQ==,https://c8.staticflickr.com/4/3390/3625792125_244cc12bcb_z.jpg?zz=1,0.0,Bird,True
c30a73f0fc2f78ee,train,https://c7.staticflickr.com/3/2161/2208023955_ba0a758dec_o.jpg,https://www.flickr.com/photos/blmurch/2208023955,https://creativecommons.org/licenses/by/2.0/,https://www.flickr.com/people/blmurch/,Beatrice Murch,Blue-and-yellow Macaw in the tree,2356326,JaM5p+s3YH6iyQJ0+Ny5Gg==,https://c8.staticflickr.com/3/2161/2208023955_7c94856dae_z.jpg,0.0,Bird,True
b63c9e2175267d9b,train,https://c4.staticflickr.com/4/3293/2523188247_53db963583_o.jpg,https://www.flickr.com/photos/kkoshy/2523188247,https://creativecommons.org/licenses/by/2.0/,https://www.flickr.com/people/kkoshy/,Koshy Koshy,Indian (Collared?) Scops Owl,121180,LrfCLb2tZzmXwCkkwqcXKA==,,,Bird,True
3f32e23803cb7704,train,https://farm5.staticflickr.com/6004/6008657289_3a2e4d9c3e_o.jpg,https://www.flickr.com/photos/biodivlibrary/6008657289,https://creativecommons.org/licenses/by/2.0/,https://www.flickr.com/people/biodivlibrary/,Biodiversity Heritage Library,n186_w1150,314074,Xg+WWJK4t5jqGGO5P2ahwQ==,https://c8.staticflickr.com/7/6004/6008657289_67713d5c12_z.jpg,0.0,Bird,True
3d41f75164464bf8,train,https://c1.staticflickr.com/6/5041/5266103045_0efb7747ab_o.jpg,https://www.flickr.com/photos/aforum/5266103045,https://creativecommons.org/licenses/by/2.0/,https://www.flickr.com/people/aforum/,Carnaval.com Studios,Ferradura Buzios 10,600845,DHmHhwURAvbGVjlmuvKhgw==,https://c7.staticflickr.com/6/5041/5266103045_7753c6f238_z.jpg,0.0,Bird,True
b01c1bf765ce0cbb,train,https://c4.staticflickr.com/4/3084/5704720511_6529c2e9f6_o.jpg,https://www.flickr.com/photos/tessaneedham/5704720511,https://creativecommons.org/licenses/by/2.0/,https://www.flickr.com/people/tessaneedham/,Tessa Needham,Sutro Baths,769128,TlmwSyotQOvngDePukG+mw==,https://c1.staticflickr.com/4/3084/5704720511_6ab437d86a_z.jpg,0.0,Bird,True
9ce4f95c72c61a22,train,https://farm3.staticflickr.com/3105/2924601319_266a8a5c48_o.jpg,https://www.flickr.com/photos/dandeluca/2924601319,https://creativecommons.org/licenses/by/2.0/,https://www.flickr.com/people/dandeluca/,Dan DeLuca,bryant-park-chairs,730407,8E5FptbaU+svPXmxDM20Ig==,https://c6.staticflickr.com/4/3105/2924601319_a5cd42b565_z.jpg,0.0,Bird,True
a08d38612cbbec07,train,https://farm8.staticflickr.com/4117/4804918487_19f4948904_o.jpg,https://www.flickr.com/photos/yellowbookltd/4804918487,https://creativecommons.org/licenses/by/2.0/,https://www.flickr.com/people/yellowbookltd/,John Lord,Blythburgh weathercock,2102968,C4ZiaHntaqJcsNns4UFUSw==,https://c1.staticflickr.com/5/4117/4804918487_48de4f0ec1_z.jpg,0.0,Bird,True
27af0335ff2788af,train,https://c8.staticflickr.com/7/6134/5974921258_3cf855790d_o.jpg,https://www.flickr.com/photos/vsmithuk/5974921258/,https://creativecommons.org/licenses/by/2.0/,https://www.flickr.com/people/vsmithuk/,Vince Smith,"Northern Mockingbird (&lt;I&gt;Mimus polyglottos&lt;/I&gt;), Balcones Canyonlands National Wildlife Refuge",908723,El4LeAY120uoNfkL2VpUCg==,https://c1.staticflickr.com/7/6134/5974921258_53afa6ff54_z.jpg,,Bird,True
99b02fa5cfb59301,train,https://farm2.staticflickr.com/1290/1196186519_51b902cd8a_o.jpg,https://www.flickr.com/photos/jude_the_obscure/1196186519,https://creativecommons.org/licenses/by/2.0/,https://www.flickr.com/people/jude_the_obscure/,jude,Bald eagle,6057186,Ec4G/WU5ewgTZmW1v723ZQ==,https://c5.staticflickr.com/2/1290/1196186519_dd94860e7f_z.jpg,0.0,Bird,True
649dbddad32ef96b,train,https://c4.staticflickr.com/1/145/338783653_d92f54c772_o.jpg,https://www.flickr.com/photos/12567713@N00/338783653,https://creativecommons.org/licenses/by/2.0/,https://www.flickr.com/people/12567713@N00/,born1945,Mountain Bluebird,985139,ooZ89inFPfO3YHWexYLQ8g==,https://c4.staticflickr.com/1/145/338783653_d92f54c772_z.jpg,0.0,Bird,True
b6e3f4e270197862,train,https://farm3.staticflickr.com/2138/2375914631_bd6c29cf0e_o.jpg,https://www.flickr.com/photos/cambalache/2375914631,https://creativecommons.org/licenses/by/2.0/,https://www.flickr.com/people/cambalache/,Iván Santiesteban,Sonso,2655349,jMHPMsMzCNUCrs3CUFXSYg==,https://c6.staticflickr.com/3/2138/2375914631_80f55883a0_z.jpg,0.0,Bird,True
1729cacd2ea36c81,train,https://farm2.staticflickr.com/3473/3208909517_4519b06d93_o.jpg,https://www.flickr.com/photos/zenat_el3ain/3208909517,https://creativecommons.org/licenses/by/2.0/,https://www.flickr.com/people/zenat_el3ain/,A♥,[مـن.يبـي.يتعــب.ويـوصـل.مكـانتـك♥],602008,IotzsVh+QIQb4HU98gfTMw==,https://c2.staticflickr.com/4/3473/3208909517_c0cda90b85_z.jpg,0.0,Bird,True
12ce1b233f01e4d8,train,https://c1.staticflickr.com/8/7407/16535731982_99b1eee957_o.jpg,https://www.flickr.com/photos/scubabix/16535731982,https://creativecommons.org/licenses/by/2.0/,https://www.flickr.com/people/scubabix/,Rob Bixby,OlusteeBattle_2-14-15-6321,15289800,RcR6JtB6N21Au8b57oqwhg==,https://c2.staticflickr.com/8/7407/16535731982_099b282728_z.jpg,0.0,Bird,True
68f1148c71b3a1ab,train,https://c4.staticflickr.com/9/8507/8478911635_24a4e1af13_o.jpg,https://www.flickr.com/photos/stefanorometours/8478911635/,https://creativecommons.org/licenses/by/2.0/,https://www.flickr.com/people/stefanorometours/,Stefano Costantini,Montecassino Abbey,5135651,Z4OlJZ7JuAZ0mrxmJSQ+hA==,https://c2.staticflickr.com/9/8507/8478911635_5a86be876c_z.jpg,0.0,Bird,True
6eed8fbee186f51c,train,https://c5.staticflickr.com/5/4050/4658507752_628c4b91aa_o.jpg,https://www.flickr.com/photos/46132085@N03/4658507752,https://creativecommons.org/licenses/by/2.0/,https://www.flickr.com/people/46132085@N03/,Arielle Calderon,Toucan,7454739,96YxZ4+lpe0Y/ZpJW4HHvg==,https://c8.staticflickr.com/5/4050/4658507752_f7c3de9f13_z.jpg,0.0,Bird,True
963bf94fc2ce54b0,train,https://farm1.staticflickr.com/7029/6532591237_1063f269bb_o.jpg,https://www.flickr.com/photos/duncanh1/6532591237,https://creativecommons.org/licenses/by/2.0/,https://www.flickr.com/people/duncanh1/,DncnH,Collared Dove,783952,BcIgCFHmYS9usQwDuqE4IQ==,https://c3.staticflickr.com/8/7029/6532591237_63ba7f89ec_z.jpg,0.0,Bird,True
8d70d80ae5bf5841,train,https://farm2.staticflickr.com/5090/5258514979_d00e99f3c4_o.jpg,https://www.flickr.com/photos/hdport/5258514979,https://creativecommons.org/licenses/by/2.0/,https://www.flickr.com/people/hdport/,Hunter Desportes,PC034348,106852,CBm950aE+yHOyI1Ijvdjqg==,https://c8.staticflickr.com/6/5090/5258514979_55c60e6dc5_z.jpg,0.0,Bird,True
caa269ca42e6612b,train,https://c4.staticflickr.com/1/62/200928977_4228f1438f_o.jpg,https://www.flickr.com/photos/joaomaximo/200928977,https://creativecommons.org/licenses/by/2.0/,https://www.flickr.com/people/joaomaximo/,Joao Maximo,"Reeves's pheasant - Jardim dos Louros, Funchal, Madeira",114669,NOY1/BT1acMmK99SXJuZaQ==,https://c6.staticflickr.com/1/62/200928977_4228f1438f_z.jpg?zz=1,,Bird,True
6290a90f7dad7046,train,https://farm7.staticflickr.com/7085/7161561241_b1ba1e33af_o.jpg,https://www.flickr.com/photos/c32/7161561241,https://creativecommons.org/licenses/by/2.0/,https://www.flickr.com/people/c32/,Carlos Varela,La patita de Émi,4996823,rFekpWdeBcnKavx3d2xOJg==,https://c5.staticflickr.com/8/7085/7161561241_1864df44cc_z.jpg,0.0,Bird,True
6114d7306cad90ef,train,https://c8.staticflickr.com/2/1046/1481462448_ad82a8cf5b_o.jpg,https://www.flickr.com/photos/ryochijiiwa/1481462448,https://creativecommons.org/licenses/by/2.0/,https://www.flickr.com/people/ryochijiiwa/,Ryo Chijiiwa,sailing - 08,1250926,75i5a5274rO/jZ1aMIkr7w==,https://c8.staticflickr.com/2/1046/1481462448_126a01849f_z.jpg,0.0,Bird,True
2f4081a63069b6da,train,https://c3.staticflickr.com/3/2606/3854654714_cbd98d4d47_o.jpg,https://www.flickr.com/photos/tonythemisfit/3854654714,https://creativecommons.org/licenses/by/2.0/,https://www.flickr.com/people/tonythemisfit/,Tony Fischer,Baby Pine in the Pine Tree State,2020464,2Z/041JW7HN8VBDEgYKiMg==,https://c4.staticflickr.com/3/2606/3854654714_9307d95c5b_z.jpg,0.0,Bird,True
b039f7e9e7909da7,train,https://farm8.staticflickr.com/3868/14649389160_76666d9d79_o.jpg,https://www.flickr.com/photos/axollot/14649389160,https://creativecommons.org/licenses/by/2.0/,https://www.flickr.com/people/axollot/,Sandy Auriene Sullivan,pit viper snake,286204,oCunCbrjTWzPQah6jIBgJw==,https://c6.staticflickr.com/4/3868/14649389160_c3c1404ac3_z.jpg,0.0,Bird,True
4f7008a9b98b8f3f,train,https://c8.staticflickr.com/9/8692/17142897175_86c7de8873_o.jpg,https://www.flickr.com/photos/marsupilami92/17142897175,https://creativecommons.org/licenses/by/2.0/,https://www.flickr.com/people/marsupilami92/,patrick janicek,LES CYGNES NOIRS,2221585,DcylZB3FImu1X3yBySWdTQ==,https://c2.staticflickr.com/9/8692/17142897175_59e8a3028d_z.jpg,0.0,Bird,True
b3e177aa1b93bf79,train,https://c2.staticflickr.com/5/4124/4969617767_0b32a8fc0a_o.jpg,https://www.flickr.com/photos/cogdog/4969617767,https://creativecommons.org/licenses/by/2.0/,https://www.flickr.com/people/cogdog/,Alan Levine,"Oy Vey, I AM TIRED",3237737,mbKF2M4jNuxTcWm2f8pMMw==,https://c6.staticflickr.com/5/4124/4969617767_27f91fd7d0_z.jpg,,Bird,True
4be77b1de87549dd,train,https://c6.staticflickr.com/9/8067/8261533833_50d40c7cfe_o.jpg,https://www.flickr.com/photos/hankzby/8261533833,https://creativecommons.org/licenses/by/2.0/,https://www.flickr.com/people/hankzby/,Henry Zbyszynski,That's mine,3545473,sJlSjIUlnYy0V+UuaBlR4w==,https://c6.staticflickr.com/9/8067/8261533833_25a039f565_z.jpg,0.0,Bird,True
d00771620ad425c4,train,https://farm5.staticflickr.com/5331/9852145616_a3e998da7e_o.jpg,https://www.flickr.com/photos/sussexbirder/9852145616,https://creativecommons.org/licenses/by/2.0/,https://www.flickr.com/people/sussexbirder/,Ron Knight,Pectoral Sandpiper (Calidris melanotos),334853,brMbjSiSu3XLTlHk6BD7ng==,https://c3.staticflickr.com/6/5331/9852145616_279371401e_z.jpg,0.0,Bird,True
9d5ebda3c69b45ac,train,https://c5.staticflickr.com/5/4015/4315868552_9580fcf7b4_o.jpg,https://www.flickr.com/photos/37176485@N07/4315868552,https://creativecommons.org/licenses/by/2.0/,https://www.flickr.com/people/37176485@N07/,Joshua Dodds,"Dodds, J. 07",1495090,307RaJOm8kH8DOW882h9xw==,https://c4.staticflickr.com/5/4015/4315868552_90442122f8_z.jpg,,Bird,True
d02ca7e68b399453,train,https://farm4.staticflickr.com/2405/2125351293_d85edccc2c_o.jpg,https://www.flickr.com/photos/46183897@N00/2125351293,https://creativecommons.org/licenses/by/2.0/,https://www.flickr.com/people/46183897@N00/,Robert Nunnally,Winter in Texas,67074,KQmAXrPkWLW2NrDdtGZTbQ==,https://c3.staticflickr.com/3/2405/2125351293_d1003d3958_z.jpg?zz=1,0.0,Bird,True
4477b78c5bc42587,train,https://farm8.staticflickr.com/178/415104454_2378fa6980_o.jpg,https://www.flickr.com/photos/adavey/415104454,https://creativecommons.org/licenses/by/2.0/,https://www.flickr.com/people/adavey/,A.Davey,Untitled,655111,XkfYWrDw0vRNi5aFqhT3SQ==,https://c4.staticflickr.com/1/178/415104454_10259f286f_z.jpg,0.0,Bird,True
2d8ee8c0155ffb81,train,https://farm2.staticflickr.com/3892/14492166773_c19b8d0347_o.jpg,https://www.flickr.com/photos/ken_mayer/14492166773,https://creativecommons.org/licenses/by/2.0/,https://www.flickr.com/people/ken_mayer/,Ken Mayer,"After biking through Bates, Truxton Park, Quiet Waters, Hunt Meadows, and back for over two hours. Bree returns to our back yard.",18634,VElf2bK0UwYSZGnJSnB+DA==,https://c5.staticflickr.com/4/3892/14492166773_1915bddebe_z.jpg,,Bird,True
0c26a8060d72d873,train,https://farm4.staticflickr.com/3174/2747081117_6ce2aeb621_o.jpg,https://www.flickr.com/photos/chrisdag/2747081117,https://creativecommons.org/licenses/by/2.0/,https://www.flickr.com/people/chrisdag/,ChrisDag,wild blueberry patch - 2,1117796,pNUxrtx2rzxGmGMNixi9Ig==,https://c3.staticflickr.com/4/3174/2747081117_1fcd1a7001_z.jpg,0.0,Bird,True
8f3c51ca41dd9b35,train,https://farm6.staticflickr.com/5522/9121123224_dd251cc154_o.jpg,https://www.flickr.com/photos/hansenit/9121123224,https://creativecommons.org/licenses/by/2.0/,https://www.flickr.com/people/hansenit/,Hansenit,Juhannus mökillä,2379698,pVqzF69Pd6esX2m2DmeMbQ==,https://c5.staticflickr.com/6/5522/9121123224_576e22befd_z.jpg,0.0,Bird,True
f5dce16306e4d25a,train,https://c3.staticflickr.com/1/48/268906147_1dfc766b62_o.jpg,https://www.flickr.com/photos/jurvetson/268906147,https://creativecommons.org/licenses/by/2.0/,https://www.flickr.com/people/jurvetson/,Steve Jurvetson,Dawn Patrol,2079846,oVt/J7cAHhcZEl0IMYPCzg==,https://c2.staticflickr.com/1/48/268906147_1dfc766b62_z.jpg,0.0,Bird,True
a0a4c94bd2a9ac4a,train,https://c3.staticflickr.com/3/2904/14434281026_38549fafb0_o.jpg,https://www.flickr.com/photos/mom2sofia/14434281026,https://creativecommons.org/licenses/by/2.0/,https://www.flickr.com/people/mom2sofia/,Elena Roussakis,"kiss kiss, i love you {mama elephant stamp highlight}",1080405,odpAcVQW9X2rSOTpnrthcA==,https://c7.staticflickr.com/3/2904/14434281026_9dec649302_z.jpg,,Bird,True
ce3191e260c3c207,train,https://farm8.staticflickr.com/62/159544453_20d6b5b33a_o.jpg,https://www.flickr.com/photos/dalangalma/159544453,https://creativecommons.org/licenses/by/2.0/,https://www.flickr.com/people/dalangalma/,Benjamin Hollis,Peregrine Falcon,2285177,tDe6LKSufRfSh7A1//UfIQ==,https://c6.staticflickr.com/1/62/159544453_20d6b5b33a_z.jpg,0.0,Bird,True
9bcf8f7a9238fb08,train,https://c1.staticflickr.com/8/7172/6733298613_d5d68459bd_o.jpg,https://www.flickr.com/photos/70839765@N03/6733298613,https://creativecommons.org/licenses/by/2.0/,https://www.flickr.com/people/70839765@N03/,William Waterway,Starling blackbird with winter plumage,799997,1hwRmryz1A89L9zeUSeOiA==,https://c5.staticflickr.com/8/7172/6733298613_2093b3fc9c_z.jpg,0.0,Bird,True
9a67afbca8a6e783,train,https://farm4.staticflickr.com/5563/14753580161_3b3f608098_o.jpg,https://www.flickr.com/photos/79122377@N06/14753580161,https://creativecommons.org/licenses/by/2.0/,https://www.flickr.com/people/79122377@N06/,bernhard2013,Grumpy Geier? hinter Gittern,3179701,BspS/mZjYsgVj+CnHHHJdA==,https://c5.staticflickr.com/6/5563/14753580161_0ee75126ec_z.jpg,0.0,Bird,True
8dec3c814f64c1a2,train,https://farm3.staticflickr.com/8330/8399322519_37d4c990a9_o.jpg,https://www.flickr.com/photos/46183897@N00/8399322519,https://creativecommons.org/licenses/by/2.0/,https://www.flickr.com/people/46183897@N00/,Robert Nunnally,northern cardinal,1243720,ariDM0HJ5+sKLZ5luIpcFQ==,https://c8.staticflickr.com/9/8330/8399322519_d12ca03aa1_z.jpg,0.0,Bird,True
fbd49b159a494b97,train,https://farm8.staticflickr.com/2628/3778755173_4a0a0eff64_o.jpg,https://www.flickr.com/photos/bostonphotosphere/3778755173,https://creativecommons.org/licenses/by/2.0/,https://www.flickr.com/people/bostonphotosphere/,Bill Ilott,Boston Public Garden swans,257996,yHJDbvGWubb4W+obeqs7YQ==,https://c2.staticflickr.com/3/2628/3778755173_15f4cddd30_z.jpg?zz=1,0.0,Bird,True
1c48b5eaa95b92f1,train,https://farm2.staticflickr.com/5442/17903833688_e60852a1d1_o.jpg,https://www.flickr.com/photos/127865412@N02/17903833688,https://creativecommons.org/licenses/by/2.0/,https://www.flickr.com/people/127865412@N02/,Urban Kalbermatter,Spatz,8555024,O9/w3EVGEeyziu6cyjd5+w==,https://c5.staticflickr.com/6/5442/17903833688_2682b7b579_z.jpg,0.0,Bird,True
1c6f3a0aaa47d078,train,https://c1.staticflickr.com/5/4097/4771974081_8ae0e1c61b_o.jpg,https://www.flickr.com/photos/boston_public_library/4771974081/,https://creativecommons.org/licenses/by/2.0/,https://www.flickr.com/people/boston_public_library/,Boston Public Library,I Likes to be a Angel,478400,Qp2l0lNEwFl7JYuj4ar7tQ==,https://c5.staticflickr.com/5/4097/4771974081_c3547dc09a_z.jpg,0.0,Bird,True
a50f1963f04a38dc,train,https://c5.staticflickr.com/5/4015/4718282166_0fecb0c8a2_o.jpg,https://www.flickr.com/photos/colleenmorgan/4718282166,https://creativecommons.org/licenses/by/2.0/,https://www.flickr.com/people/colleenmorgan/,Dr._Colleen_Morgan,CLM_2778,474495,GYYqP+/kCm8lif/2U2AKJQ==,https://c6.staticflickr.com/5/4015/4718282166_4d827f30af_z.jpg,0.0,Bird,True
6626a9102443a8bf,train,https://c8.staticflickr.com/9/8137/8824229212_7edbf23ce3_o.jpg,https://www.flickr.com/photos/summonedbyfells/8824229212,https://creativecommons.org/licenses/by/2.0/,https://www.flickr.com/people/summonedbyfells/,summonedbyfells,&quot;FAR ABUNE THE ANGUS STRATHS&quot;,1146809,obGe1gtIIbuGVjQ6IhpfIQ==,https://c2.staticflickr.com/9/8137/8824229212_e9fffa0ca4_z.jpg,0.0,Bird,True
d90eeca7c2770b35,train,https://farm6.staticflickr.com/626/21300097264_6461cd698e_o.jpg,https://www.flickr.com/photos/tangi_bertin/21300097264,https://creativecommons.org/licenses/by/2.0/,https://www.flickr.com/people/tangi_bertin/,tangi bertin,#streetart #paris 13ème : la cigogne,3277976,eXzm6aibsf5M1Rq2a4rfBA==,https://c2.staticflickr.com/1/626/21300097264_8b89574612_z.jpg,0.0,Bird,True
b7ff4c90a862c11b,train,https://c4.staticflickr.com/3/2519/4188528026_a21de9dd5a_o.jpg,https://www.flickr.com/photos/35814052@N06/4188528026,https://creativecommons.org/licenses/by/2.0/,https://www.flickr.com/people/35814052@N06/,desomurchu archive gallery,Hawk sitting on the wind Killiney Bay,375813,JHH0Pa3yq1abB8HXjE2Wbw==,https://c2.staticflickr.com/3/2519/4188528026_53789581cc_z.jpg,0.0,Bird,True
9c8937caa9b922b5,train,https://farm6.staticflickr.com/6200/6097429402_4af9d1ff55_o.jpg,https://www.flickr.com/photos/biodivlibrary/6097429402,https://creativecommons.org/licenses/by/2.0/,https://www.flickr.com/people/biodivlibrary/,Biodiversity Heritage Library,n210_w1150,547532,tH7pSPqTku4uXV/bmZZg6Q==,https://c6.staticflickr.com/7/6200/6097429402_ff475fac25_z.jpg,0.0,Bird,True
11b6847e693b570c,train,https://c5.staticflickr.com/8/7664/17279144935_3db05a90ab_o.jpg,https://www.flickr.com/photos/9364326@N04/17279144935,https://creativecommons.org/licenses/by/2.0/,https://www.flickr.com/people/9364326@N04/,tomline43,Hatching dinosaurs.,4307996,A+Ym2K2HmXaabWOf5xvWyA==,https://c1.staticflickr.com/8/7664/17279144935_22b0e186c3_z.jpg,0.0,Bird,True
9b88c16ff7b9672d,train,https://c6.staticflickr.com/6/5529/12023879383_23b9778058_o.jpg,https://www.flickr.com/photos/zhangya/12023879383,https://creativecommons.org/licenses/by/2.0/,https://www.flickr.com/people/zhangya/,_zhang,DSC_3137,1641141,V94s0NEWLvwAbL4fqQ0QmA==,https://c5.staticflickr.com/6/5529/12023879383_56cd1783ba_z.jpg,0.0,Bird,True
36d3d977ddbdc677,train,https://farm8.staticflickr.com/7754/17659475724_81dca62d45_o.jpg,https://www.flickr.com/photos/regexman/17659475724,https://creativecommons.org/licenses/by/2.0/,https://www.flickr.com/people/regexman/,regexman,Windy Hill 2015-05-30,1722850,h4701cVjD7DKtiPFnnLQBg==,https://c3.staticflickr.com/8/7754/17659475724_7f070fe108_z.jpg,0.0,Bird,True
a8518e217e8c3477,train,https://farm8.staticflickr.com/8620/15813276370_039151a62c_o.jpg,https://www.flickr.com/photos/mrthk/15813276370,https://creativecommons.org/licenses/by/2.0/,https://www.flickr.com/people/mrthk/,MrT HK,Bavarian Forest National Park - Wolves 2,8043431,YMJ9DOxWBjTWbJzc/q3Deg==,https://c8.staticflickr.com/9/8620/15813276370_01a48dfe13_z.jpg,0.0,Bird,True
0795e3c514116899,train,https://c2.staticflickr.com/1/262/19902446330_9971ea3e94_o.jpg,https://www.flickr.com/photos/biodivlibrary/19902446330,https://creativecommons.org/licenses/by/2.0/,https://www.flickr.com/people/biodivlibrary/,Biodiversity Heritage Library,n106_w1150,694177,l8r78ePARRJwV30Ik2e1bg==,https://c2.staticflickr.com/1/262/19902446330_6dd8e80c3d_z.jpg,0.0,Bird,True
5580a1f6bcc3d913,train,https://farm4.staticflickr.com/5189/5741107389_71d522d7ae_o.jpg,https://www.flickr.com/photos/athomeinscottsdale/5741107389,https://creativecommons.org/licenses/by/2.0/,https://www.flickr.com/people/athomeinscottsdale/,Dru Bloomfield,Dru - Before Coffee,2476181,Z7t/auTfaA4PZr7cVFwNpQ==,https://c4.staticflickr.com/6/5189/5741107389_38d2aa1543_z.jpg,0.0,Bird,True
8dde34ce984e7113,train,https://farm4.staticflickr.com/5469/9713435701_03a1e7bc2d_o.jpg,https://www.flickr.com/photos/atoach/9713435701,https://creativecommons.org/licenses/by/2.0/,https://www.flickr.com/people/atoach/,Tim Green,Norland Scarecrow Trail: Finding Nemo,5978401,LISFuC+O2J58awrQTEO+fw==,https://c8.staticflickr.com/6/5469/9713435701_27264c4b42_z.jpg,0.0,Bird,True
9934a2b8f08b1a49,train,https://c2.staticflickr.com/9/8631/15880219347_9fc62b501a_o.jpg,https://www.flickr.com/photos/tapeda88/15880219347,https://creativecommons.org/licenses/by/2.0/,https://www.flickr.com/people/tapeda88/,David  Talens,Martin2014_1-3,4317479,HcFQlBfRk6DTfsvQ/EWFOg==,https://c6.staticflickr.com/9/8631/15880219347_61a6985d35_z.jpg,0.0,Bird,True
865435905eb94719,train,https://c2.staticflickr.com/9/8121/8624882698_36e469e640_o.jpg,https://www.flickr.com/photos/sbern/8624882698,https://creativecommons.org/licenses/by/2.0/,https://www.flickr.com/people/sbern/,Stefan Berndtsson,Tofsvipa / Northern Lapwing,444088,+IsZlB5Hp2aVk8u3uBwtag==,https://c2.staticflickr.com/9/8121/8624882698_cac2b168c2_z.jpg,0.0,Bird,True
87816c8b7c684322,train,https://farm3.staticflickr.com/6166/6206729925_c49866c7ce_o.jpg,https://www.flickr.com/photos/bachmont/6206729925,https://creativecommons.org/licenses/by/2.0/,https://www.flickr.com/people/bachmont/,bachmont,el pico,1318328,KxHt+u6F3twJHS6WyaQxFA==,https://c2.staticflickr.com/7/6166/6206729925_f1f7a19f0f_z.jpg,0.0,Bird,True
001dbcaa03b3de53,train,https://farm4.staticflickr.com/7551/16121879612_692ea351b6_o.jpg,https://www.flickr.com/photos/14824807@N00/16121879612,https://creativecommons.org/licenses/by/2.0/,https://www.flickr.com/people/14824807@N00/,Larry,"Mud banks, Tantramar River. Sackville, NB",9132466,D2hwCtwtfMBK/C5bc7IRUw==,https://c4.staticflickr.com/8/7551/16121879612_019921ee4d_z.jpg,,Bird,True
e07dfa788c612b24,train,https://farm5.staticflickr.com/3113/2804752885_57a9325d4d_o.jpg,https://www.flickr.com/photos/frankblacknoir/2804752885,https://creativecommons.org/licenses/by/2.0/,https://www.flickr.com/people/frankblacknoir/,Frank Black Noir,Almohadon de Plumas,124867,5K8g/q9On7AKyVBquzhz/w==,https://c2.staticflickr.com/4/3113/2804752885_17ff86df19_z.jpg?zz=1,0.0,Bird,True
31df21e23f152a04,train,https://farm5.staticflickr.com/6169/6185833681_0f505d2138_o.jpg,https://www.flickr.com/photos/contusion/6185833681,https://creativecommons.org/licenses/by/2.0/,https://www.flickr.com/people/contusion/,Courtney &quot;Coco&quot; Mault,Penguins at the New York Aquarium,4880386,Y8+gykdfoRNRXyyQf+z87Q==,https://c6.staticflickr.com/7/6169/6185833681_b2ca7e8f80_z.jpg,0.0,Bird,True
a98c7b07a7a86b13,train,https://farm4.staticflickr.com/475/18798300274_ee09ff6bb5_o.jpg,https://www.flickr.com/photos/barrigoni/18798300274,https://creativecommons.org/licenses/by/2.0/,https://www.flickr.com/people/barrigoni/,HarmonyonPlanetEarth,Black-chinned Hummingbird (female) | Gila Cliff Dwellings | NM 15 | Gila National Forest | NM  | 2015-06-22at10-20-182,98868,cb9ggX31fD9bbOAYiDkPNg==,https://c5.staticflickr.com/1/475/18798300274_e6771db92f_z.jpg,0.0,Bird,True
9ded89ae9d6756e0,train,https://farm1.staticflickr.com/78/200905822_6b9ace36d3_o.jpg,https://www.flickr.com/photos/40765798@N00/200905822,https://creativecommons.org/licenses/by/2.0/,https://www.flickr.com/people/40765798@N00/,sabianmaggy,Bird,294690,X/UB79Ld+4Ek+6iiT8+bgw==,https://c7.staticflickr.com/1/78/200905822_6b9ace36d3_z.jpg,0.0,Bird,True
9b73b19a67d92b53,train,https://farm4.staticflickr.com/2948/15506807032_ccb12a3ca0_o.jpg,https://www.flickr.com/photos/92252798@N07/15506807032,https://creativecommons.org/licenses/by/2.0/,https://www.flickr.com/people/92252798@N07/,Dick Culbert,Amazona festiva,143540,7xKHFYIYsEBAdlpmBTaulg==,https://c8.staticflickr.com/3/2948/15506807032_46b3339a54_z.jpg,0.0,Bird,True
04aa56a1957d4fb7,train,https://farm8.staticflickr.com/8352/8335553065_615f6897b2_o.jpg,https://www.flickr.com/photos/cogdog/8335553065,https://creativecommons.org/licenses/by/2.0/,https://www.flickr.com/people/cogdog/,Alan Levine,The Entire Sky in an Icicle,5187726,boBq6x8p3LqrRpHkmPKTZw==,https://c8.staticflickr.com/9/8352/8335553065_09afda455f_z.jpg,0.0,Bird,True
b7a67e88f52c3ee1,train,https://farm2.staticflickr.com/2185/2223398921_2536f3e381_o.jpg,https://www.flickr.com/photos/ddebold/2223398921,https://creativecommons.org/licenses/by/2.0/,https://www.flickr.com/people/ddebold/,Don DeBold,Robin on my Deck,560800,gdXLFHCLfcmpWPdcSQYY7g==,https://c6.staticflickr.com/3/2185/2223398921_145c0814d0_z.jpg,0.0,Bird,True
2e3dc45302a74bca,train,https://c3.staticflickr.com/6/5600/15025854993_83df3fdb89_o.jpg,https://www.flickr.com/photos/nordique/15025854993,https://creativecommons.org/licenses/by/2.0/,https://www.flickr.com/people/nordique/,Peter Stevens,Taking a big sip!,3741110,Hr2LFrKt7M0MHlNcHZ45qw==,https://c2.staticflickr.com/6/5600/15025854993_ac4c19e531_z.jpg,0.0,Bird,True
616b5faec0a8edf8,train,https://c1.staticflickr.com/4/3892/14367254617_9ae2c41dfe_o.jpg,https://www.flickr.com/photos/99385036@N06/14367254617,https://creativecommons.org/licenses/by/2.0/,https://www.flickr.com/people/99385036@N06/,Tobias Franz,Owl,1351007,jrVJJMdjzEMzTy8pJ7ZVxw==,https://c4.staticflickr.com/4/3892/14367254617_cbf967195a_z.jpg,0.0,Bird,True
168a58353147dca2,train,https://farm3.staticflickr.com/4083/5056643637_9247703bf0_o.jpg,https://www.flickr.com/photos/32550372@N05/5056643637,https://creativecommons.org/licenses/by/2.0/,https://www.flickr.com/people/32550372@N05/,Kozy,72,5388511,UFGu0YolrUgvErx3TuA5Ng==,https://c2.staticflickr.com/5/4083/5056643637_b5a11007f9_z.jpg,0.0,Bird,True
5923fdd456e6f5a7,train,https://farm8.staticflickr.com/6178/6141586177_e34127d780_o.jpg,https://www.flickr.com/photos/worldcantwait/6141586177,https://creativecommons.org/licenses/by/2.0/,https://www.flickr.com/people/worldcantwait/,Debra Sweet,NYC 9-11-11- Boots memorial,85822,PyH0cZh60AlSGDaZGgITwg==,https://c6.staticflickr.com/7/6178/6141586177_f6b8f54d27_z.jpg,0.0,Bird,True
9c846b441d407a6e,train,https://c7.staticflickr.com/4/3025/2888014418_23249e32e5_o.jpg,https://www.flickr.com/photos/michaelspencer/2888014418,https://creativecommons.org/licenses/by/2.0/,https://www.flickr.com/people/michaelspencer/,Michael_Spencer,Emo Seagull,843918,hmoWkbOquqlg/PfqRYQtyg==,https://c5.staticflickr.com/4/3025/2888014418_616330b2c5_z.jpg,0.0,Bird,True
b5f40d6a4b73ba04,train,https://farm5.staticflickr.com/3145/3047370881_fb14efc4fa_o.jpg,https://www.flickr.com/photos/endogamia/3047370881,https://creativecommons.org/licenses/by/2.0/,https://www.flickr.com/people/endogamia/,Feans,avespa - wasp 33,982939,AB6e+r4UtkIbHB114U/rYw==,https://c1.staticflickr.com/4/3145/3047370881_5be4a7ab34_z.jpg,0.0,Bird,True
2dadce473648bd6b,train,https://c4.staticflickr.com/1/341/19259515201_44de9129cc_o.jpg,https://www.flickr.com/photos/kkoshy/19259515201,https://creativecommons.org/licenses/by/2.0/,https://www.flickr.com/people/kkoshy/,Koshy Koshy,"Yellow-wattled Lapwing Juvenile Sonkhaliya, Rajasthan 2014 August",429346,wpB3/0pxaae2AA/euNFOhg==,https://c2.staticflickr.com/1/341/19259515201_6127b78d05_z.jpg,,Bird,True
0bf9a657e6419219,train,https://c2.staticflickr.com/3/2724/4382098288_ce962d9a24_o.jpg,https://www.flickr.com/photos/yimhafiz/4382098288,https://creativecommons.org/licenses/by/2.0/,https://www.flickr.com/people/yimhafiz/,Hafiz Issadeen,Loten's Sunbird,404028,CV0oDwzOFhbzEJIaldglwQ==,https://c1.staticflickr.com/3/2724/4382098288_1651185c56_z.jpg,0.0,Bird,True
9e034ac019c95fe9,train,https://c2.staticflickr.com/3/2197/2179568830_8706f37f08_o.jpg,https://www.flickr.com/photos/briangratwicke/2179568830,https://creativecommons.org/licenses/by/2.0/,https://www.flickr.com/people/briangratwicke/,Brian Gratwicke,White whiskered puffbird,4598005,pjM3Lgcvp7trcsI488CpEg==,https://c8.staticflickr.com/3/2197/2179568830_270e2ce572_z.jpg,0.0,Bird,True
5d75d7c609cbf901,train,https://farm2.staticflickr.com/4002/4519792811_8f9862a088_o.jpg,https://www.flickr.com/photos/bfishadow/4519792811,https://creativecommons.org/licenses/by/2.0/,https://www.flickr.com/people/bfishadow/,bfishadow,Seagull Standing Nearby (Take 2),1773927,ufxjZ+uoIp5cv1UUiS4IdA==,https://c6.staticflickr.com/5/4002/4519792811_0d1218bb13_z.jpg,0.0,Bird,True
3ee288d5ea27fe3a,train,https://c3.staticflickr.com/9/8636/16066718683_70249c1b9e_o.jpg,https://www.flickr.com/photos/tinz/16066718683,https://creativecommons.org/licenses/by/2.0/,https://www.flickr.com/people/tinz/,Martyn Smith,"Arctic transport, Longyearbyen",544142,zpUUImTj81h5ig8gBPtYqA==,https://c4.staticflickr.com/9/8636/16066718683_96fa750c45_z.jpg,,Bird,True
577d35143dd53662,train,https://farm3.staticflickr.com/4011/4505452385_87bbe52175_o.jpg,https://www.flickr.com/photos/sodexousa/4505452385,https://creativecommons.org/licenses/by/2.0/,https://www.flickr.com/people/sodexousa/,Sodexo USA,DSC03310,1383396,QZp9PMPJhZEaJ24DwOJjkw==,https://c2.staticflickr.com/5/4011/4505452385_85ab375f61_z.jpg,0.0,Bird,True
02cede1f6c54aacd,train,https://c6.staticflickr.com/4/3299/3491867252_a6d39cef19_o.jpg,https://www.flickr.com/photos/ctam/3491867252/,https://creativecommons.org/licenses/by/2.0/,https://www.flickr.com/people/ctam/,Cristóbal Alvarado Minic,Gonzalito [Yellow oriole] (Icterus nigrogularis),148531,rKsozFKvj3umiK7OFiyp2Q==,https://c5.staticflickr.com/4/3299/3491867252_0eeab0abc2_z.jpg?zz=1,0.0,Bird,True
c6eed24a2cfdd05a,train,https://c3.staticflickr.com/4/3220/2738642787_62cae2b7a2_o.jpg,https://www.flickr.com/photos/crazytales562/2738642787,https://creativecommons.org/licenses/by/2.0/,https://www.flickr.com/people/crazytales562/,Chris Chan,Jonathan Livingston Seagull,381406,w7Vyt/uH9pSkcYEQ6V0afg==,https://c5.staticflickr.com/4/3220/2738642787_b42d6072f7_z.jpg?zz=1,0.0,Bird,True
1f8a56658088858f,train,https://c8.staticflickr.com/3/2353/1919090554_0badd60081_o.jpg,https://www.flickr.com/photos/santarosa/1919090554,https://creativecommons.org/licenses/by/2.0/,https://www.flickr.com/people/santarosa/,SantaRosa OLD SKOOL,The dance                                   .......................DSCF0968a,399907,IvgjlpQ8dhE7LY6E5H+vUg==,https://c2.staticflickr.com/3/2353/1919090554_291450cfe3_z.jpg,0.0,Bird,True
0735e417bdb974d2,train,https://farm3.staticflickr.com/3693/12834740184_87967c2dcc_o.jpg,https://www.flickr.com/photos/mole555/12834740184,https://creativecommons.org/licenses/by/2.0/,https://www.flickr.com/people/mole555/,Joel Solomon,Photo,12337,YCuH61GkAaKBh/3c59LHAQ==,,,Bird,True
91b7c106fcc4f4d3,train,https://farm4.staticflickr.com/8533/8632073437_11325bca63_o.jpg,https://www.flickr.com/photos/bobolink/8632073437,https://creativecommons.org/licenses/by/2.0/,https://www.flickr.com/people/bobolink/,Robert Taylor,Red-breasted Nuthatch_8292,1170797,GWf/lQY7y3UhsMDK8IEEPg==,https://c6.staticflickr.com/9/8533/8632073437_1c5bdd9771_z.jpg,0.0,Bird,True
b7d29c987853d7bd,train,https://c6.staticflickr.com/8/7054/6773468382_7d4b801a22_o.jpg,https://www.flickr.com/photos/37873897@N06/6773468382,https://creativecommons.org/licenses/by/2.0/,https://www.flickr.com/people/37873897@N06/,Flavio~,Gold at Agamon (little lake) HaHula,1271885,Udb0Cl42n3blr+G7nZayQA==,https://c4.staticflickr.com/8/7054/6773468382_aeee191b2e_z.jpg,0.0,Bird,True
83dcc33a7a8f1fba,train,https://c3.staticflickr.com/1/605/21955593896_4a7156fe9a_o.jpg,https://www.flickr.com/photos/brookebida/21955593896,https://creativecommons.org/licenses/by/2.0/,https://www.flickr.com/people/brookebida/,Libertarian Girl,"#nooneownsantartica #penguins #pause Wait a minute! Nope, no one, owns #crazy",48413,Amk2aVSFtAS9UjI57FXUOg==,https://c1.staticflickr.com/1/605/21955593896_8bf6cb06b8_z.jpg,,Bird,True
abb4e0469a518120,train,https://farm1.staticflickr.com/3436/3405409642_aae16d1f71_o.jpg,https://www.flickr.com/photos/lauraleedooley/3405409642/,https://creativecommons.org/licenses/by/2.0/,https://www.flickr.com/people/lauraleedooley/,Laura Lee Dooley,DSC07664,150021,wcRVMMR+g5Agjs42oue0Hg==,https://c8.staticflickr.com/4/3436/3405409642_b5b25c4fce_z.jpg?zz=1,0.0,Bird,True
06fe57dfa5ead01f,train,https://c8.staticflickr.com/3/2766/4138742418_a3eda919c3_o.jpg,https://www.flickr.com/photos/adavey/4138742418,https://creativecommons.org/licenses/by/2.0/,https://www.flickr.com/people/adavey/,A.Davey,Magnificent Frigatebirds on Display,4207081,FRPbR9afxvviNZwNiTxDlw==,https://c6.staticflickr.com/3/2766/4138742418_94dfe1091c_z.jpg,0.0,Bird,True
ed1aed00d1344109,train,https://c2.staticflickr.com/8/7283/9291588943_812e871263_o.jpg,https://www.flickr.com/photos/desertriversaudubon/9291588943,https://creativecommons.org/licenses/by/2.0/,https://www.flickr.com/people/desertriversaudubon/,Desert Rivers Audubon,Male Burrowing Owl keeps an eye out for threats to his nest.,282451,JacnOAfh3CT6qzEqnt8EMg==,https://c7.staticflickr.com/8/7283/9291588943_bc1ee9c931_z.jpg,0.0,Bird,True
78c9c8ad9875b615,train,https://farm6.staticflickr.com/5261/5630768459_8fae436c0c_o.jpg,https://www.flickr.com/photos/mehrensvard/5630768459,https://creativecommons.org/licenses/by/2.0/,https://www.flickr.com/people/mehrensvard/,Martin Ehrensvärd,"24 Bumped into five herons on the north western tip of Helgenæs, three of which are in the picture",508561,0E1YVoaYKFv7tx0G+6NJVA==,https://c6.staticflickr.com/6/5261/5630768459_49ea971ce6_z.jpg,,Bird,True
9d8186fd3a9250bb,train,https://c4.staticflickr.com/9/8516/8581411152_b8ae044fde_o.jpg,https://www.flickr.com/photos/7877146@N06/8581411152,https://creativecommons.org/licenses/by/2.0/,https://www.flickr.com/people/7877146@N06/,Kumar Gauraw,San Antonio Water World - Samu Show,6762773,YMmi9qhFijCt6IOCAPm8Zg==,https://c1.staticflickr.com/9/8516/8581411152_a0d0602233_z.jpg,0.0,Bird,True
4da833d198255331,train,https://farm2.staticflickr.com/5151/5806415067_cd113bf90b_o.jpg,https://www.flickr.com/photos/stevendepolo/5806415067,https://creativecommons.org/licenses/by/2.0/,https://www.flickr.com/people/stevendepolo/,Steven Depolo,"Backyard Bird Bath May 31, 20115",477770,a0T9DWyBktq+4PtHyWI+qA==,https://c6.staticflickr.com/6/5151/5806415067_3c15128782_z.jpg,,Bird,True
1c78f0eda91bd8ae,train,https://c7.staticflickr.com/6/5204/5277441606_c740596200_o.jpg,https://www.flickr.com/photos/anderspee/5277441606,https://creativecommons.org/licenses/by/2.0/,https://www.flickr.com/people/anderspee/,Anders Porter,"after all that, he got away",147746,/ZecpIXq3ZwYNfnt+T+vHQ==,https://c2.staticflickr.com/6/5204/5277441606_4d4f96d45e_z.jpg,,Cat,True
849585a2193ae260,train,https://farm1.staticflickr.com/27/37493160_93fa240b18_o.jpg,https://www.flickr.com/photos/spring_dew/37493160,https://creativecommons.org/licenses/by/2.0/,https://www.flickr.com/people/spring_dew/,Spring Dew,dryer,10747,P/bnAUL97bAsdOX3Jh6Mvw==,,,Cat,True
43f773164096300d,train,https://c6.staticflickr.com/8/7040/6800783330_3d462161f7_o.jpg,https://www.flickr.com/photos/tomitapio/6800783330,https://creativecommons.org/licenses/by/2.0/,https://www.flickr.com/people/tomitapio/,Tomi Tapio K,Getoffmylawners,1044489,WT9xEKs5t29Gn0qFdbH0rA==,https://c1.staticflickr.com/8/7040/6800783330_26c310a145_z.jpg,0.0,Cat,True
697ec539ea0d1575,train,https://farm6.staticflickr.com/5226/5635468583_33247013e6_o.jpg,https://www.flickr.com/photos/julianortegam/5635468583,https://creativecommons.org/licenses/by/2.0/,https://www.flickr.com/people/julianortegam/,Julián Ortega Martínez,Gatos tragones,338304,7NiBudiGPS4+KVUVhZWC9A==,https://c5.staticflickr.com/6/5226/5635468583_ab8daae494_z.jpg,0.0,Cat,True
8ab65ee65ad0f962,train,https://farm3.staticflickr.com/6074/6137515598_ccac41bf57_o.jpg,https://www.flickr.com/photos/50628848@N07/6137515598,https://creativecommons.org/licenses/by/2.0/,https://www.flickr.com/people/50628848@N07/,Smeet Chowdhury,Playful pet,4188691,H7r/qke32yTTFNr0+mka3Q==,https://c6.staticflickr.com/7/6074/6137515598_b8ef31fae7_z.jpg,0.0,Cat,True
cbf2f75d0caf2807,train,https://farm8.staticflickr.com/5210/5260261495_8efd321d57_o.jpg,https://www.flickr.com/photos/dkeats/5260261495,https://creativecommons.org/licenses/by/2.0/,https://www.flickr.com/people/dkeats/,Derek Keats,"Margay (Felis wiedi), a spotted cat native to Middle and South America",459777,5AjTcYOX1zGsdyKSK1dYaQ==,https://c2.staticflickr.com/6/5210/5260261495_52110e03fe_z.jpg,,Cat,True
28713c86f311024d,train,https://c6.staticflickr.com/1/30/38860304_b8ea930a1e_o.jpg,https://www.flickr.com/photos/carmen05/38860304,https://creativecommons.org/licenses/by/2.0/,https://www.flickr.com/people/carmen05/,Carmen Martín,HPIM1256,84196,PXaKnKzDt5oxAPZKl6gcqA==,https://c6.staticflickr.com/1/30/38860304_b8ea930a1e_z.jpg?zz=1,0.0,Cat,True
9833809c799cfa3b,train,https://c4.staticflickr.com/9/8815/17696421214_be6f2bd0c1_o.jpg,https://www.flickr.com/photos/harlequeen/17696421214,https://creativecommons.org/licenses/by/2.0/,https://www.flickr.com/people/harlequeen/,Neil McIntosh,Scorch relaxing,785831,u2g1vm0Pupf5RCJr7isw1Q==,https://c1.staticflickr.com/9/8815/17696421214_e65a3c65a4_z.jpg,0.0,Cat,True
806f8a34afb62637,train,https://farm8.staticflickr.com/3398/3556414720_76526c086f_o.jpg,https://www.flickr.com/photos/davidmasters/3556414720,https://creativecommons.org/licenses/by/2.0/,https://www.flickr.com/people/davidmasters/,David Masters,Camping Out in the Bothy Tonight,530406,+31fTs7vHODQB+yH8yG94A==,https://c1.staticflickr.com/4/3398/3556414720_546d53d85d_z.jpg,0.0,Cat,True
3b6e296302d6554b,train,https://c4.staticflickr.com/9/8502/8422271955_3032819fa1_o.jpg,https://www.flickr.com/photos/pftqg/8422271955,https://creativecommons.org/licenses/by/2.0/,https://www.flickr.com/people/pftqg/,Patrick Quinn-Graham,Close up,4664468,56xbxX+UhMa6vhD6yr6kRw==,https://c3.staticflickr.com/9/8502/8422271955_dbd4b2c29d_z.jpg,0.0,Cat,True
5132890e0710e3b7,train,https://farm8.staticflickr.com/2424/4090664846_769d3c6f95_o.jpg,https://www.flickr.com/photos/otakuchick/4090664846,https://creativecommons.org/licenses/by/2.0/,https://www.flickr.com/people/otakuchick/,Natalie Greco,VBSS boarding - pretty high up,155336,R8Y98j8sq0H0vrIU/lLbyw==,https://c5.staticflickr.com/3/2424/4090664846_25928f04f6_z.jpg?zz=1,0.0,Cat,True
b23eaff15abdb3c3,train,https://farm4.staticflickr.com/5004/5222290399_1efe73dd66_o.jpg,https://www.flickr.com/photos/nostri-imago/5222290399,https://creativecommons.org/licenses/by/2.0/,https://www.flickr.com/people/nostri-imago/,Cliff,Griffin & Harlee,4660512,2gC2HwqjZPPkERABE8OhLA==,https://c6.staticflickr.com/6/5004/5222290399_f62a0f1d0d_z.jpg,0.0,Cat,True
58d6c6691aafa464,train,https://farm5.staticflickr.com/5333/7196878798_b36f10c93b_o.jpg,https://www.flickr.com/photos/29278394@N00/7196878798,https://creativecommons.org/licenses/by/2.0/,https://www.flickr.com/people/29278394@N00/,normanack,We were wondering what was wrong with this chicken.,289985,An7wEGwCgzv0NICRiex4lA==,https://c3.staticflickr.com/6/5333/7196878798_7f14ffb0ab_z.jpg,0.0,Cat,True
1c1074ceb314f7cc,train,https://c5.staticflickr.com/9/8046/8090131230_5eaab40df4_o.jpg,https://www.flickr.com/photos/thepuzzler/8090131230,https://creativecommons.org/licenses/by/2.0/,https://www.flickr.com/people/thepuzzler/,Dan Brown,"BrewDog – Hello, My Name Is Beastie",488909,wFpWXtsLXrZZ4DfWTzSrYg==,https://c3.staticflickr.com/9/8046/8090131230_bd0de5d472_z.jpg,,Cat,True
1f190057113e9073,train,https://farm4.staticflickr.com/2282/2443315404_f42fb0b04a_o.jpg,https://www.flickr.com/photos/brownpau/2443315404,https://creativecommons.org/licenses/by/2.0/,https://www.flickr.com/people/brownpau/,brownpau,IMG_2231.JPG,2896627,FDPj1b9k0hzZ6T0NM814JQ==,https://c2.staticflickr.com/3/2282/2443315404_eb78ed004e_z.jpg,90.0,Cat,True
1500ee317094f187,train,https://farm8.staticflickr.com/156/329638318_f4b94f7d8a_o.jpg,https://www.flickr.com/photos/puroticorico/329638318,https://creativecommons.org/licenses/by/2.0/,https://www.flickr.com/people/puroticorico/,Richie Diesterheft,Trantula and I,309847,0dCO9qYjwgI/QW/2uTbvCg==,https://c5.staticflickr.com/1/156/329638318_f4b94f7d8a_z.jpg,0.0,Cat,True
ffcb2f4c9e46ce09,train,https://c2.staticflickr.com/4/3768/8946508895_2907eede8c_o.jpg,https://www.flickr.com/photos/39551170@N02/8946508895,https://creativecommons.org/licenses/by/2.0/,https://www.flickr.com/people/39551170@N02/,Simon_sees,Tasmanian Devil,972588,Re2zW2zhkc2TRdE6r/sGjw==,https://c7.staticflickr.com/4/3768/8946508895_8c5eb0f430_z.jpg,0.0,Cat,True
d2040f568f3582e2,train,https://farm3.staticflickr.com/2084/5826483092_70cd6c9806_o.jpg,https://www.flickr.com/photos/jennaddenda/5826483092,https://creativecommons.org/licenses/by/2.0/,https://www.flickr.com/people/jennaddenda/,Jenn Turner,Wintergreen Transfer,2171581,TvpaytqQfrShJvlHtMOtAA==,https://c7.staticflickr.com/3/2084/5826483092_1066d0c5fa_z.jpg,0.0,Cat,True
0efc977e33ea8f49,train,https://c2.staticflickr.com/1/143/319077532_db48e1f798_o.jpg,https://www.flickr.com/photos/48827789@N00/319077532,https://creativecommons.org/licenses/by/2.0/,https://www.flickr.com/people/48827789@N00/,Lori,rodents..er...i mean cats...on patrol,308558,le0jdHOX2yGcgrWsxRDi0g==,https://c2.staticflickr.com/1/143/319077532_db48e1f798_z.jpg?zz=1,0.0,Cat,True
94cf558cfbd559e2,train,https://farm3.staticflickr.com/8029/8015113095_da16e551e0_o.jpg,https://www.flickr.com/photos/col_and_tasha/8015113095,https://creativecommons.org/licenses/by/2.0/,https://www.flickr.com/people/col_and_tasha/,Col Ford and Natasha de Vere,The Decent,7673620,uZwNcB06kjeo56K3Mk1xzQ==,https://c7.staticflickr.com/9/8029/8015113095_000d0520cb_z.jpg,0.0,Cat,True
8d05c13965297feb,train,https://c4.staticflickr.com/5/4102/4906732963_4914f6c56f_o.jpg,https://www.flickr.com/photos/kellycree/4906732963,https://creativecommons.org/licenses/by/2.0/,https://www.flickr.com/people/kellycree/,Kelly Cree,Meditated 20 minutes. Pwny is the master of meditation!!,128429,oivf7VTdoS4qK4vuXeR1lw==,https://c7.staticflickr.com/5/4102/4906732963_504f4113fa_z.jpg,0.0,Cat,True
0497c9cb6448ea4e,train,https://c7.staticflickr.com/6/5514/9486173241_1cf0a0e4c5_o.jpg,https://www.flickr.com/photos/45131642@N00/9486173241,https://creativecommons.org/licenses/by/2.0/,https://www.flickr.com/people/45131642@N00/,Phil Parker,Sacks outside shed,407230,p5No067cRt1ifpX7ij3mYQ==,https://c7.staticflickr.com/6/5514/9486173241_9fb43ca45d_z.jpg,0.0,Cat,True
7af5d5dd89b5e170,train,https://farm1.staticflickr.com/5516/12103555645_da38c9a2ef_o.jpg,https://www.flickr.com/photos/37053660@N02/12103555645,https://creativecommons.org/licenses/by/2.0/,https://www.flickr.com/people/37053660@N02/,Sarah,1:12 scale Victorian style Iceskates,353735,a3X5igTXuTtBCzW2My+0EA==,https://c7.staticflickr.com/6/5516/12103555645_8b5fb51637_z.jpg,0.0,Cat,True
9775bb789e4c97ce,train,https://c7.staticflickr.com/3/2475/3581002545_0df3a0eafe_o.jpg,https://www.flickr.com/photos/everyskyline/3581002545,https://creativecommons.org/licenses/by/2.0/,https://www.flickr.com/people/everyskyline/,Michael Whitney,photo (1),124157,F3WanY9vnXhJfAH0OxgzQw==,https://c5.staticflickr.com/3/2475/3581002545_699b63962c_z.jpg?zz=1,0.0,Cat,True
b3fb438c55290d94,train,https://farm5.staticflickr.com/5442/6908182032_12d681bdd8_o.jpg,https://www.flickr.com/photos/colinsite/6908182032,https://creativecommons.org/licenses/by/2.0/,https://www.flickr.com/people/colinsite/,monkeywing,Stefan,7398190,Wl0n8y0pGGj2qhG0C4P3rA==,https://c5.staticflickr.com/6/5442/6908182032_d1cfe21a00_z.jpg,0.0,Cat,True
dad6c610d2af6118,train,https://c1.staticflickr.com/2/1157/5153842149_6f1f635aa6_o.jpg,https://www.flickr.com/photos/bixentro/5153842149,https://creativecommons.org/licenses/by/2.0/,https://www.flickr.com/people/bixentro/,bixentro,Rubbish Tank,2202558,QHkKf7/idS4cx+kL+GkmHw==,https://c2.staticflickr.com/2/1157/5153842149_7c9dea360e_z.jpg,0.0,Cat,True
1044577a6349ea5b,train,https://c4.staticflickr.com/1/200/519193971_9075b9924c_o.jpg,https://www.flickr.com/photos/c_j_ryan/519193971/,https://creativecommons.org/licenses/by/2.0/,https://www.flickr.com/people/c_j_ryan/,c_j_ryan,Unity 007,440791,EffYYpx5Zg50EhxR03QtHA==,https://c3.staticflickr.com/1/200/519193971_22448b78c3_z.jpg,0.0,Cat,True
b4b75dd0876cea77,train,https://farm8.staticflickr.com/746/21723246695_fdf0b21fc0_o.jpg,https://www.flickr.com/photos/57634952@N00/21723246695,https://creativecommons.org/licenses/by/2.0/,https://www.flickr.com/people/57634952@N00/,Khairil Yusof,20150926_0014,7503872,wdX6pABJWviIrgFf+Efl0w==,https://c3.staticflickr.com/1/746/21723246695_bb6b9eee08_z.jpg,0.0,Cat,True
e274a93874af6ad2,train,https://farm3.staticflickr.com/8071/8289917095_2eba39f8f3_o.jpg,https://www.flickr.com/photos/dorofo2504/8289917095,https://creativecommons.org/licenses/by/2.0/,https://www.flickr.com/people/dorofo2504/,Doug Ford,Blank board ready to paint.,3022543,/vWsI9ZTn55a/5Fun6JkCg==,https://c2.staticflickr.com/9/8071/8289917095_8c0da3a43d_z.jpg,0.0,Cat,True
769488e93468c6bd,train,https://c6.staticflickr.com/4/3577/5800820106_f10ca93e6d_o.jpg,https://www.flickr.com/photos/chikawatanabe/5800820106,https://creativecommons.org/licenses/by/2.0/,https://www.flickr.com/people/chikawatanabe/,Chika Watanabe,Zzzz (as always),2207693,VPpvfwYF0kQztUc2XcOeaw==,https://c6.staticflickr.com/4/3577/5800820106_12f9a5ea47_z.jpg,0.0,Cat,True
2276b26a934d409c,train,https://c5.staticflickr.com/1/101/273981824_146f568af1_o.jpg,https://www.flickr.com/photos/flametree/273981824,https://creativecommons.org/licenses/by/2.0/,https://www.flickr.com/people/flametree/,Mara 1,Pandy,82644,p4qCIILqUbmJUwhwHObx9w==,,,Cat,True
c1b1c39daf16ea81,train,https://farm2.staticflickr.com/4089/4982955240_6cd6a2d381_o.jpg,https://www.flickr.com/photos/30486689@N08/4982955240/,https://creativecommons.org/licenses/by/2.0/,https://www.flickr.com/people/30486689@N08/,Stephanie Clifford,IMG_2618,2297954,RwcYiO8woFz+jfJjx4YVOg==,https://c8.staticflickr.com/5/4089/4982955240_b4f6c69c01_z.jpg,270.0,Cat,True
94f359b33b5aefa8,train,https://c1.staticflickr.com/4/3750/12843614295_0a9b26b9c9_o.jpg,https://www.flickr.com/photos/gareth1953/12843614295,https://creativecommons.org/licenses/by/2.0/,https://www.flickr.com/people/gareth1953/,Gareth Williams,Redhill Xmas 2013 - Aftermath - Total Wipeout,4160276,DVwhUSEHDQYEpusvrzvFTQ==,https://c1.staticflickr.com/4/3750/12843614295_cbab74d36c_z.jpg,0.0,Cat,True
97108fd26fb48fda,train,https://c3.staticflickr.com/4/3692/12160453364_694106b02a_o.jpg,https://www.flickr.com/photos/jgonzac/12160453364,https://creativecommons.org/licenses/by/2.0/,https://www.flickr.com/people/jgonzac/,Jaime González,I'm watching you,1374118,4G7GdZnm4yAqsX017tw45w==,https://c5.staticflickr.com/4/3692/12160453364_ce17c08993_z.jpg,0.0,Cat,True
23b156e5303d0839,train,https://c2.staticflickr.com/8/7595/16752175015_b0cf56b546_o.jpg,https://www.flickr.com/photos/titrans/16752175015,https://creativecommons.org/licenses/by/2.0/,https://www.flickr.com/people/titrans/,Pieter &amp; Renée Lanser,NL*Suzeley Jo's Minneapolis,1162232,MZF6Xj9tp6cn7hXEvK6tnA==,https://c5.staticflickr.com/8/7595/16752175015_3e4c85ae3b_z.jpg,0.0,Cat,True
0cd4725a5b9aaecf,train,https://c8.staticflickr.com/4/3929/15374620428_38afe36544_o.jpg,https://www.flickr.com/photos/akasped/15374620428,https://creativecommons.org/licenses/by/2.0/,https://www.flickr.com/people/akasped/,edward stojakovic,Los Angeles - Oct 2014,1542017,t/CkhrHh4JaSLjf0Ztc+YA==,https://c8.staticflickr.com/4/3929/15374620428_4d3e83f4cf_z.jpg,270.0,Cat,True
284f2b893e39cfc1,train,https://farm2.staticflickr.com/2729/4254402624_aaba7d89d7_o.jpg,https://www.flickr.com/photos/granite-charlotte/4254402624,https://creativecommons.org/licenses/by/2.0/,https://www.flickr.com/people/granite-charlotte/,Granite  Charlotte Countertops,"Caledonia Granite Countertop - Monroe, NC",24260,y5V9y6QLgniod7msmwTLIg==,,,Cat,True
4a1e09f0991ef1e4,train,https://farm5.staticflickr.com/5530/9549578224_428a93384c_o.jpg,https://www.flickr.com/photos/yaketyyakyak/9549578224,https://creativecommons.org/licenses/by/2.0/,https://www.flickr.com/people/yaketyyakyak/,Dave Catchpole,Hidcote Manor Garden (NT),357426,oxlymeiZ8uGeHeN7O5GV0Q==,https://c6.staticflickr.com/6/5530/9549578224_6914b30872_z.jpg,0.0,Cat,True
7bc3f65ed40d0d5e,train,https://c7.staticflickr.com/3/2804/4339295189_5a40f0e5fa_o.jpg,https://www.flickr.com/photos/outatbobs/4339295189,https://creativecommons.org/licenses/by/2.0/,https://www.flickr.com/people/outatbobs/,Out at Bob&#x27;s,Lounging,89144,Flxcqa/W3KR8ddiHV0kvMg==,https://c6.staticflickr.com/3/2804/4339295189_c0359329e2_z.jpg?zz=1,0.0,Cat,True
0871695be6cde98c,train,https://c5.staticflickr.com/9/8228/8414658452_509406cd03_o.jpg,https://www.flickr.com/photos/59523088@N04/8414658452,https://creativecommons.org/licenses/by/2.0/,https://www.flickr.com/people/59523088@N04/,Poot The dutch,Hay pose,624694,VlFjmqItOgsbTyiPDXQVsQ==,https://c7.staticflickr.com/9/8228/8414658452_3c39b911ef_z.jpg,270.0,Cat,True
2bf2fa54f0848233,train,https://farm4.staticflickr.com/7398/9802442394_687fe293b7_o.jpg,https://www.flickr.com/photos/frosch50/9802442394,https://creativecommons.org/licenses/by/2.0/,https://www.flickr.com/people/frosch50/,Georgie Pauwels,unexpected protagonists,2101984,hpFeq/0DQPgyuqGMkwTjiA==,https://c5.staticflickr.com/8/7398/9802442394_1f22f3d9b1_z.jpg,0.0,Cat,True
fc986b719d7dfbea,train,https://c3.staticflickr.com/1/38/84174534_bccd57eebd_o.jpg,https://www.flickr.com/photos/stephenduncanjr/84174534,https://creativecommons.org/licenses/by/2.0/,https://www.flickr.com/people/stephenduncanjr/,Stephen Duncan,Gretchen Desk Shelf Full Length,87191,G3E6ISXDObixMnfv6Hol8w==,https://c4.staticflickr.com/1/38/84174534_bccd57eebd_z.jpg?zz=1,0.0,Cat,True
4c37d88fe2272297,train,https://farm8.staticflickr.com/7287/16364427878_59cd54f7ca_o.jpg,https://www.flickr.com/photos/adidat16/16364427878,https://creativecommons.org/licenses/by/2.0/,https://www.flickr.com/people/adidat16/,justin.winchester,Dexter & Murphy 2015 101,5118416,rDrbE5x+LtOPfUQLRGLuIQ==,https://c3.staticflickr.com/8/7287/16364427878_bd5071f3b2_z.jpg,0.0,Cat,True
6a4ce6f8044617a7,train,https://farm8.staticflickr.com/2255/2233032180_3f28e5265a_o.jpg,https://www.flickr.com/photos/mil8/2233032180,https://creativecommons.org/licenses/by/2.0/,https://www.flickr.com/people/mil8/,Marc Levin,finish line,138532,qCgBGjGM9uRWZRH9yN/9bA==,https://c6.staticflickr.com/3/2255/2233032180_b044b79fb1_z.jpg,0.0,Cat,True
af8505df2a04fa74,train,https://farm5.staticflickr.com/3942/15403426869_15f1920c80_o.jpg,https://www.flickr.com/photos/tomcrouse/15403426869/,https://creativecommons.org/licenses/by/2.0/,https://www.flickr.com/people/tomcrouse/,Tom Crouse,Still Life Blue Gels,5113884,Eo2K0vEWxdjL4ds+4T3LPg==,https://c1.staticflickr.com/4/3942/15403426869_6eba1e8d6c_z.jpg,0.0,Cat,True
06d7ffa0b2ffa35d,train,https://c6.staticflickr.com/2/1251/951793547_97b18dddd4_o.jpg,https://www.flickr.com/photos/shurav/951793547,https://creativecommons.org/licenses/by/2.0/,https://www.flickr.com/people/shurav/,Shura,"Italië, Huis 1",60676,aF+pqA1WJZ4MrvSqjaXn9A==,https://c1.staticflickr.com/2/1251/951793547_f6545581b7_z.jpg?zz=1,,Cat,True
d89725342deb2ae4,train,https://farm5.staticflickr.com/7283/8740601643_62f9256804_o.jpg,https://www.flickr.com/photos/ikewinski/8740601643,https://creativecommons.org/licenses/by/2.0/,https://www.flickr.com/people/ikewinski/,Mike Lewinski,Photobomb,3604480,PnsALWf2A/P7qHfDUZeOlQ==,https://c1.staticflickr.com/8/7283/8740601643_3f22d8bd36_z.jpg,0.0,Cat,True
b533f3312d1aa278,train,https://c1.staticflickr.com/1/172/406110144_b3772c68d9_o.jpg,https://www.flickr.com/photos/justbecause/406110144,https://creativecommons.org/licenses/by/2.0/,https://www.flickr.com/people/justbecause/,Bonbon,bright lights big kitty,152097,lgbDsgZYgggaGsixmURWcg==,https://c2.staticflickr.com/1/172/406110144_2014429560_z.jpg?zz=1,0.0,Cat,True
8479ca6c178c584c,train,https://c5.staticflickr.com/6/5056/5562462044_839185c64f_o.jpg,https://www.flickr.com/photos/ideowl/5562462044,https://creativecommons.org/licenses/by/2.0/,https://www.flickr.com/people/ideowl/,ideowl,Gratuitous Kitten Footage 1,38421,u412R+AutzCp3b4LhV0rGA==,,,Cat,True
f51cd14064cdb547,train,https://farm8.staticflickr.com/3666/12034797985_f6c88dd956_o.jpg,https://www.flickr.com/photos/78428166@N00/12034797985,https://creativecommons.org/licenses/by/2.0/,https://www.flickr.com/people/78428166@N00/,Tony Alter,"Sunday, Another Day Of Rest",2646980,WQDhhves2LYZ2MYjqLyyvw==,https://c8.staticflickr.com/4/3666/12034797985_03f1495cd5_z.jpg,,Cat,True
5dc43bdfe4c1b723,train,https://farm4.staticflickr.com/3026/2888016786_c21c94cc14_o.jpg,https://www.flickr.com/photos/petyosi/2888016786,https://creativecommons.org/licenses/by/2.0/,https://www.flickr.com/people/petyosi/,Petyo Ivanov,WAT AR U LUKING AT?,173580,2PDoq/aDxULlNzWwBNqOnA==,https://c7.staticflickr.com/4/3026/2888016786_570f4e7076_z.jpg?zz=1,0.0,Cat,True
0a4ce7e77ea6b855,train,https://farm6.staticflickr.com/4048/4315664081_28604ba71e_o.jpg,https://www.flickr.com/photos/colinsite/4315664081,https://creativecommons.org/licenses/by/2.0/,https://www.flickr.com/people/colinsite/,monkeywing,100125145143,1440808,pvfPblA8XHojSHObLlrhHA==,https://c8.staticflickr.com/5/4048/4315664081_4c16314999_z.jpg,0.0,Cat,True
bf9476707b59fbe3,train,https://farm4.staticflickr.com/3281/2606408498_bbcb089875_o.jpg,https://www.flickr.com/photos/medea_material/2606408498,https://creativecommons.org/licenses/by/2.0/,https://www.flickr.com/people/medea_material/,medea_material,la sombra obscena de galo,329437,UuIAwzj3aADw7Gxvo1S7ZA==,https://c8.staticflickr.com/4/3281/2606408498_e02cc2e359_z.jpg,0.0,Cat,True
002ba651da665f7a,train,https://c3.staticflickr.com/3/2330/2126561907_bd54642fe2_o.jpg,https://www.flickr.com/photos/14906526@N03/2126561907,https://creativecommons.org/licenses/by/2.0/,https://www.flickr.com/people/14906526@N03/,rupesh nanaiah,cat,779924,3W4DG+xitVvsI7KYH/cJwQ==,https://c6.staticflickr.com/3/2330/2126561907_7d113821fc_z.jpg,0.0,Cat,True
6c42fe77f44bcea6,train,https://farm7.staticflickr.com/7368/9146259447_310a9628d3_o.jpg,https://www.flickr.com/photos/dominicspics/9146259447,https://creativecommons.org/licenses/by/2.0/,https://www.flickr.com/people/dominicspics/,Dominic Alves,"藤本 壮介 Sou Fujimoto Pavilion, Serpentine Gallery",12091821,39dTGuOl4DsmzJOhUupNCg==,https://c2.staticflickr.com/8/7368/9146259447_54633078e2_z.jpg,,Cat,True
a61441f8e3fd1ae1,train,https://farm2.staticflickr.com/2202/1588928075_249d215265_o.jpg,https://www.flickr.com/photos/bragadocchio/1588928075,https://creativecommons.org/licenses/by/2.0/,https://www.flickr.com/people/bragadocchio/,Bill Slawski,In Front of the Newark Academy,164750,k2qEGBr8PN0HHXjruDBM9Q==,https://c6.staticflickr.com/3/2202/1588928075_620d03d818_z.jpg?zz=1,0.0,Cat,True
41e39beb862153c9,train,https://c2.staticflickr.com/2/1276/1108180621_ffd4c1fa1b_o.jpg,https://www.flickr.com/photos/jondissed/1108180621,https://creativecommons.org/licenses/by/2.0/,https://www.flickr.com/people/jondissed/,Jonathan Lidbeck,"My neighbor the hot, blue-eyed blond",358123,kOK/vsrKkPDZ9oo22svP/g==,https://c6.staticflickr.com/2/1276/1108180621_3ea0a2771b_z.jpg?zz=1,,Cat,True
47409af13511aa88,train,https://c1.staticflickr.com/4/3006/2555058996_33a57c490a_o.jpg,https://www.flickr.com/photos/enixii/2555058996,https://creativecommons.org/licenses/by/2.0/,https://www.flickr.com/people/enixii/,chia ying Yang,圍爐,606420,khkf9ccovKPXV01fZZPTew==,https://c6.staticflickr.com/4/3006/2555058996_97573ca03c_z.jpg,0.0,Cat,True
6a16a10c19f74bdb,train,https://c4.staticflickr.com/3/2135/2143546741_7dc6459086_o.jpg,https://www.flickr.com/photos/vicwj/2143546741,https://creativecommons.org/licenses/by/2.0/,https://www.flickr.com/people/vicwj/,Vicky WJ,xmas2007 023,304595,FutysqFDQE9UHlb4OMuf+A==,https://c4.staticflickr.com/3/2135/2143546741_49d94f3c93_z.jpg?zz=1,0.0,Cat,True
73e278c24822aa67,train,https://farm8.staticflickr.com/5334/8973191122_f6410cef54_o.jpg,https://www.flickr.com/photos/akras/8973191122,https://creativecommons.org/licenses/by/2.0/,https://www.flickr.com/people/akras/,Andrey,Come with me,2171742,CwW7A7YLz8c/4pCYk0PxqA==,https://c4.staticflickr.com/6/5334/8973191122_c64b23115d_z.jpg,0.0,Cat,True
a0c00afff7b0738a,train,https://c3.staticflickr.com/5/4008/4597378684_846d802762_o.jpg,https://www.flickr.com/photos/rinzewind/4597378684,https://creativecommons.org/licenses/by/2.0/,https://www.flickr.com/people/rinzewind/,José María Mateos,Señoras que tienen a palomas como amigas,4582827,uIU8ruwkz1cLs3WsbyHu3w==,https://c1.staticflickr.com/5/4008/4597378684_51ef3957ba_z.jpg,0.0,Cat,True
9229d28a7142a821,train,https://farm2.staticflickr.com/1129/854086050_178476ae91_o.jpg,https://www.flickr.com/photos/kisluvkis/854086050,https://creativecommons.org/licenses/by/2.0/,https://www.flickr.com/people/kisluvkis/,Julie Krawczyk (German),"Turts and Mavs, showin luv",379376,maXh539LG18XkUS+vw/sGQ==,https://c4.staticflickr.com/2/1129/854086050_31f4e3e207_z.jpg,,Cat,True
9a81c2df9171010c,train,https://c5.staticflickr.com/4/3190/2978276527_a6243056e4_o.jpg,https://www.flickr.com/photos/brokentrinkets/2978276527,https://creativecommons.org/licenses/by/2.0/,https://www.flickr.com/people/brokentrinkets/,Ben Becker,Salem Witch Museum Witch Pit #2,1569820,20AUOy2NFlmlVIv0V+VDYQ==,https://c8.staticflickr.com/4/3190/2978276527_ed8f1c4c03_z.jpg,0.0,Cat,True
e99f33f3417bdafa,train,https://c3.staticflickr.com/9/8084/8338899880_b5581eb67b_o.jpg,https://www.flickr.com/photos/larsjuh/8338899880,https://creativecommons.org/licenses/by/2.0/,https://www.flickr.com/people/larsjuh/,larsjuh,Kitten,11101672,TsTKqshpoVddcSKLpj0K3Q==,https://c7.staticflickr.com/9/8084/8338899880_7a1dba913c_z.jpg,0.0,Cat,True
4010ee64d582a464,train,https://farm5.staticflickr.com/3787/9086203205_d710b452c6_o.jpg,https://www.flickr.com/photos/10990983@N07/9086203205,https://creativecommons.org/licenses/by/2.0/,https://www.flickr.com/people/10990983@N07/,Ken Cook,Flowers,114533,1aDE+AVBrEv1z3e9BDPOVA==,https://c3.staticflickr.com/4/3787/9086203205_f8215fe703_z.jpg,0.0,Cat,True
aa4ccadc89b2ad81,train,https://farm2.staticflickr.com/1270/1373798627_15db14087f_o.jpg,https://www.flickr.com/photos/rejfl/1373798627,https://creativecommons.org/licenses/by/2.0/,https://www.flickr.com/people/rejfl/,Raphael Schön,"Stray Cat in Sámos City (Vathí), Greece",1890104,Mff9BBtw4zS/6D7Tzaz4zA==,https://c2.staticflickr.com/2/1270/1373798627_22f053ef9c_z.jpg,,Cat,True
2cbc5b7c4cde3c0c,train,https://c5.staticflickr.com/8/7175/6584896483_e7ddcc6446_o.jpg,https://www.flickr.com/photos/77799978@N00/6584896483/,https://creativecommons.org/licenses/by/2.0/,https://www.flickr.com/people/77799978@N00/,Ryan Vaarsi,little old man in Culver City,468952,SzmcWjvC3kMvJBBMdY/Yfg==,https://c5.staticflickr.com/8/7175/6584896483_56bff69979_z.jpg,0.0,Cat,True
e8bc0777972a9705,train,https://farm6.staticflickr.com/7348/10164185224_55e9af3817_o.jpg,https://www.flickr.com/photos/mighty55/10164185224/,https://creativecommons.org/licenses/by/2.0/,https://www.flickr.com/people/mighty55/,Jordan Robinson,Bailey dog in her usual resting place. #tripods #cutedog,62175,WU6IV/fTFozON7yQnQqfVA==,https://c7.staticflickr.com/8/7348/10164185224_2c5c3e59c2_z.jpg,0.0,Cat,True
33ca3aa19f4e031e,train,https://c7.staticflickr.com/5/4153/5131102776_b862028a02_o.jpg,https://www.flickr.com/photos/yortw/5131102776,https://creativecommons.org/licenses/by/2.0/,https://www.flickr.com/people/yortw/,Yortw,Spike in Bed,332843,svCiaQHu59AAlWAKaUJxNQ==,https://c5.staticflickr.com/5/4153/5131102776_130ba06383_z.jpg,0.0,Cat,True
d9e0096b7bdf14fc,train,https://c5.staticflickr.com/3/2608/3713756278_a106cc9b5c_o.jpg,https://www.flickr.com/photos/8561899@N04/3713756278,https://creativecommons.org/licenses/by/2.0/,https://www.flickr.com/people/bmente/,B.,Times!,420542,PbQb+b12tk9L9nWkh5nNWA==,https://c6.staticflickr.com/3/2608/3713756278_1b1f86fa1d_z.jpg,0.0,Cat,True
dc15e07e97a65475,train,https://farm6.staticflickr.com/5049/5319246286_0f3d534584_o.jpg,https://www.flickr.com/photos/cleverclevergirl/5319246286,https://creativecommons.org/licenses/by/2.0/,https://www.flickr.com/people/cleverclevergirl/,cleverclevergirl,Brian wanted to read. Meli had other ideas.,1190840,UM+DtB3E7BEOVwOLBvnL6Q==,https://c7.staticflickr.com/6/5049/5319246286_43d97ea12a_z.jpg,0.0,Cat,True
03ed17e9faecd65d,train,https://c6.staticflickr.com/8/7291/11610376144_2ef600ea53_o.jpg,https://www.flickr.com/photos/66755335@N05/11610376144,https://creativecommons.org/licenses/by/2.0/,https://www.flickr.com/people/66755335@N05/,Geneva Vanderzeil apairandasparediy.com,Do What You Love in 2014,325521,bhiNx0x7Mys3HRmLsDTDIQ==,https://c6.staticflickr.com/8/7291/11610376144_0e83bc277f_z.jpg,0.0,Cat,True
b3426374290fedd6,train,https://farm7.staticflickr.com/87/262128502_fec2c4c66e_o.jpg,https://www.flickr.com/photos/anthrovik/262128502,https://creativecommons.org/licenses/by/2.0/,https://www.flickr.com/people/anthrovik/,victoria,rabbit sleeps,64284,WeO+LsvaVINJqueMzns6Tw==,https://c5.staticflickr.com/1/87/262128502_fec2c4c66e_z.jpg?zz=1,0.0,Cat,True
53e90aa2f5735031,train,https://farm2.staticflickr.com/3467/3382460062_39d556262a_o.jpg,https://www.flickr.com/photos/piecesofalice/3382460062,https://creativecommons.org/licenses/by/2.0/,https://www.flickr.com/people/piecesofalice/,piecesofalice,The Look of...Thinly Veiled Miffed-ness,74606,Axe5e5nZY86MEQjTEr00Kg==,,,Cat,True
b5e2c86f138d172b,train,https://c4.staticflickr.com/9/8049/8106046346_bd216349ca_o.jpg,https://www.flickr.com/photos/cambodia4kidsorg/8106046346,https://creativecommons.org/licenses/by/2.0/,https://www.flickr.com/people/cambodia4kidsorg/,Cambodia4kids.org Beth Kanter,cat photo nancy smith,178008,yDuwGiiyzr8czjL+ulTIKw==,https://c3.staticflickr.com/9/8049/8106046346_952c15a675_z.jpg,0.0,Cat,True
d47a4d5f32ff7e77,train,https://farm8.staticflickr.com/5321/17973364271_7a3b887e56_o.jpg,https://www.flickr.com/photos/rikkis_refuge/17973364271,https://creativecommons.org/licenses/by/2.0/,https://www.flickr.com/people/rikkis_refuge/,Rikki&#x27;s  Refuge,LICK!,47133,RVh+2duu6+Q1GlkYw1IkvQ==,https://c7.staticflickr.com/6/5321/17973364271_093e36a3ed_z.jpg,0.0,Cat,True
3a78c2b95c44bcb2,train,https://farm3.staticflickr.com/2169/2049673234_753d773c05_o.jpg,https://www.flickr.com/photos/evaclicks/2049673234,https://creativecommons.org/licenses/by/2.0/,https://www.flickr.com/people/evaclicks/,Eva,CATWALK,456573,skIb900idkWKHgVWe3L7YQ==,https://c3.staticflickr.com/3/2169/2049673234_e5c5661bbd_z.jpg,0.0,Cat,True
b8d58df7b8ef0289,train,https://c2.staticflickr.com/5/4040/4618703702_6251e93976_o.jpg,https://www.flickr.com/photos/gillyberlin/4618703702,https://creativecommons.org/licenses/by/2.0/,https://www.flickr.com/people/gillyberlin/,GillyBerlin,Post für die Katzis,229387,6u07p7RAytNwPKWJEmUk0g==,https://c6.staticflickr.com/5/4040/4618703702_fdc0e978d3_z.jpg,0.0,Cat,True
f99f07429e5ce57b,train,https://c4.staticflickr.com/1/123/351388688_40e630dda6_o.jpg,https://www.flickr.com/photos/peagreenchick/351388688,https://creativecommons.org/licenses/by/2.0/,https://www.flickr.com/people/peagreenchick/,peagreengirl,Soap Ad,38154,MnqBEVk6hvtLNTFT3JY1Iw==,,,Cat,True
9ad43b8a22c06a3a,train,https://c3.staticflickr.com/1/97/224644263_9c15de09e4_o.jpg,https://www.flickr.com/photos/rileyroxx/224644263,https://creativecommons.org/licenses/by/2.0/,https://www.flickr.com/people/rileyroxx/,Richard Riley,Cartman Does The Meercat,291735,CZEG4SEACAGrONmUuMllmg==,https://c4.staticflickr.com/1/97/224644263_9c15de09e4_z.jpg,0.0,Cat,True
3bac0bce218627bd,train,https://c6.staticflickr.com/8/7406/10715969175_670776c99d_o.jpg,https://www.flickr.com/photos/arascats/10715969175,https://creativecommons.org/licenses/by/2.0/,https://www.flickr.com/people/arascats/,Rocky Mountain Feline Rescue (formerly known as Animal Rescue and Adpotion Society),Andie_2670,3208803,5s7uAGBE5xw+crbzu03NIg==,https://c3.staticflickr.com/8/7406/10715969175_4033b34e89_z.jpg,0.0,Cat,True
bd98b2387f36d4a6,train,https://farm7.staticflickr.com/7494/15512894064_d884bd1da7_o.jpg,https://www.flickr.com/photos/arascats/15512894064,https://creativecommons.org/licenses/by/2.0/,https://www.flickr.com/people/arascats/,Rocky Mountain Feline Rescue (formerly known as Animal Rescue and Adpotion Society),Mobley_7047,679544,n8P4gZbirj73GYk642qDOA==,https://c2.staticflickr.com/8/7494/15512894064_ccb3e6f246_z.jpg,0.0,Cat,True
927f11c665d86182,train,https://farm3.staticflickr.com/240/457612590_fb22daf0a1_o.jpg,https://www.flickr.com/photos/zanastardust/457612590,https://creativecommons.org/licenses/by/2.0/,https://www.flickr.com/people/zanastardust/,Rosana Prada,it was delicious,672412,USI9jkbfQcUhNVnOk8owrg==,https://c7.staticflickr.com/1/240/457612590_d53e19afe0_z.jpg,0.0,Cat,True
1fa6f949e30cb222,train,https://farm3.staticflickr.com/147/396639715_c55652f39c_o.jpg,https://www.flickr.com/photos/justbecause/396639715,https://creativecommons.org/licenses/by/2.0/,https://www.flickr.com/people/justbecause/,Bonbon,Dizzy enjoys licking the sunlight,143028,hkG1edlQ0Rrt+3NTmoCdLg==,https://c8.staticflickr.com/1/147/396639715_c55652f39c_z.jpg?zz=1,0.0,Cat,True
f74180bc418d0f69,train,https://c2.staticflickr.com/8/7498/15814821759_b18fc1849e_o.jpg,https://www.flickr.com/photos/rikkis_refuge/15814821759,https://creativecommons.org/licenses/by/2.0/,https://www.flickr.com/people/rikkis_refuge/,Rikki&#x27;s  Refuge,Out for a stroll.,149164,6U7+zR4edyo3jfdfq9s7MA==,https://c3.staticflickr.com/8/7498/15814821759_09e37f7338_z.jpg,0.0,Cat,True
cb2cb95eb6b33828,train,https://c1.staticflickr.com/4/3821/9595382515_5ff066960a_o.jpg,https://www.flickr.com/photos/mikecattell/9595382515,https://creativecommons.org/licenses/by/2.0/,https://www.flickr.com/people/mikecattell/,Mike Cattell,Untitled,3746339,eicA0P9pJG+BRQRkEaHmiw==,https://c8.staticflickr.com/4/3821/9595382515_c3202a8991_z.jpg,0.0,Cat,True
522dd3a2bca7d6fe,train,https://c7.staticflickr.com/8/7228/7118735191_17a6306e65_o.jpg,https://www.flickr.com/photos/capcase/7118735191,https://creativecommons.org/licenses/by/2.0/,https://www.flickr.com/people/capcase/,James Case,Little Girl Kitten,737317,vuf7ncyUOIzMBZlDejHgLw==,https://c4.staticflickr.com/8/7228/7118735191_d39a4d0981_z.jpg,0.0,Cat,True
87ef6775515c3c8c,train,https://c5.staticflickr.com/1/67/183626332_7cecdcf298_o.jpg,https://www.flickr.com/photos/steelmore/183626332,https://creativecommons.org/licenses/by/2.0/,https://www.flickr.com/people/steelmore/,Ste Elmore,Grant2,89385,uDEVcfrsSb9yOZnnPlDcMQ==,,,Cat,True
82dbec7916f1b2a4,train,https://farm5.staticflickr.com/2441/3602771302_2307437994_o.jpg,https://www.flickr.com/photos/7326810@N08/3602771302,https://creativecommons.org/licenses/by/2.0/,https://www.flickr.com/people/7326810@N08/,Jean,Unbridled Song colt,487402,XipJ7zsNAMjX7at/qvEing==,https://c2.staticflickr.com/3/2441/3602771302_003dcf6efa_z.jpg,0.0,Cat,True
b2f0f61833b2d2ac,train,https://c5.staticflickr.com/5/4138/4903501844_001f7b1fca_o.jpg,https://www.flickr.com/photos/_tar0_/4903501844,https://creativecommons.org/licenses/by/2.0/,https://www.flickr.com/people/_tar0_/,Taro the Shiba Inu,taro shiba teefs! attack the toilet paper roll!,2706316,60zv2Ir0SGFzE4aYiwoKMA==,https://c1.staticflickr.com/5/4138/4903501844_2d3d97d82b_z.jpg,0.0,Cat,True
37dd1edacfa599ac,train,https://c5.staticflickr.com/6/5558/15282435556_1c7b7735fd_o.jpg,https://www.flickr.com/photos/ultrakml/15282435556,https://creativecommons.org/licenses/by/2.0/,https://www.flickr.com/people/ultrakml/,Katherine Lim,Masked gown girl spraying butterflies,3323165,aVGhVdQRzegfAyV/qiUxMA==,https://c5.staticflickr.com/6/5558/15282435556_536ecf508a_z.jpg,0.0,Cat,True
96b928cef5929c66,train,https://farm7.staticflickr.com/8426/7568560152_9c7a1e4b4c_o.jpg,https://www.flickr.com/photos/zeevveez/7568560152,https://creativecommons.org/licenses/by/2.0/,https://www.flickr.com/people/zeevveez/,zeevveez,Hidding Kitten,330809,f6J6PqOxGGLNx0LQTlL2Ew==,https://c7.staticflickr.com/9/8426/7568560152_acd43be02f_z.jpg,0.0,Cat,True
5730649817edd583,train,https://farm4.staticflickr.com/139/320298576_8c4fa0d4d7_o.jpg,https://www.flickr.com/photos/48436108@N00/320298576,https://creativecommons.org/licenses/by/2.0/,https://www.flickr.com/people/48436108@N00/,feelnyankee,Vegas Hogs & Heifers,32931,PtwnPlqdenDCz6L3dKj/Sw==,https://c5.staticflickr.com/1/139/320298576_8c4fa0d4d7_z.jpg?zz=1,0.0,Cat,True
934a00f72e1068f0,train,https://farm1.staticflickr.com/5225/5674169606_efa7ba5e9a_o.jpg,https://www.flickr.com/photos/citoyen_du_monde_inc/5674169606,https://creativecommons.org/licenses/by/2.0/,https://www.flickr.com/people/citoyen_du_monde_inc/,Alejandro De La Cruz,Easter Bunny,2562455,yE7JEGNbW1PvORet1lG5ZA==,https://c2.staticflickr.com/6/5225/5674169606_e445c83880_z.jpg,0.0,Cat,True
f3edc8cb54b830ba,train,https://c3.staticflickr.com/3/2887/9532904965_0a24136800_o.jpg,https://www.flickr.com/photos/mshipp/9532904965,https://creativecommons.org/licenses/by/2.0/,https://www.flickr.com/people/mshipp/,Matthew,Relax,1354696,IwXoB3aiGEDDQ4XOay3WgA==,https://c4.staticflickr.com/3/2887/9532904965_18d38b60ee_z.jpg,0.0,Cat,True
e1f1e1bc12a8db00,train,https://farm1.staticflickr.com/197/502489690_4bda59ec6e_o.jpg,https://www.flickr.com/photos/immortel/502489690,https://creativecommons.org/licenses/by/2.0/,https://www.flickr.com/people/immortel/,Immortel,Staring with spooky eyes,782393,crxbjX89yZHz0h2rvgs53w==,https://c3.staticflickr.com/1/197/502489690_37b69eba59_z.jpg,0.0,Cat,True
8ba8aea0f5482452,train,https://farm3.staticflickr.com/8298/8000056029_a8aa85ac13_o.jpg,https://www.flickr.com/photos/frontierofficial/8000056029,https://creativecommons.org/licenses/by/2.0/,https://www.flickr.com/people/frontierofficial/,Frontierofficial,Namibia Wildlife and Conservation 2012 by Emma Fisher,55503,nqMn5a1DksT3mumv/WcdXg==,https://c7.staticflickr.com/9/8298/8000056029_d24bc5f80a_z.jpg,0.0,Cat,True
363251edb7cf9117,train,https://farm8.staticflickr.com/85/229122325_ae160cb35e_o.jpg,https://www.flickr.com/photos/mrconguito/229122325,https://creativecommons.org/licenses/by/2.0/,https://www.flickr.com/people/mrconguito/,Pedro Dias,Gato siamês a espreitar,1287785,o3kVOqc2RIZ4tswn4eWf6g==,https://c1.staticflickr.com/1/85/229122325_ae160cb35e_z.jpg,0.0,Cat,True
08a90aaa1baca1b8,train,https://c1.staticflickr.com/9/8273/8706111327_01ac596b36_o.jpg,https://www.flickr.com/photos/ramblinglibrarian/8706111327,https://creativecommons.org/licenses/by/2.0/,https://www.flickr.com/people/ramblinglibrarian/,ArtistIvanChew,&quot;Snoozy Dog&quot; (#124: Project 365 Sketches),42526,xqm/7QyQsoDAVVveZgmfUQ==,https://c6.staticflickr.com/9/8273/8706111327_f5c36e7926_z.jpg,0.0,Cat,True
123c1c97ec4dda67,train,https://farm8.staticflickr.com/53/112734368_f55d5b3ff7_o.jpg,https://www.flickr.com/photos/victor_nunez/112734368,https://creativecommons.org/licenses/by/2.0/,https://www.flickr.com/people/victor_nunez/,Victor Manuel,gato,359315,GNLVWJWS+cZZBK1/YOLGaA==,https://c4.staticflickr.com/1/53/112734368_f55d5b3ff7_z.jpg,0.0,Cat,True
11dc62824cee5c50,train,https://farm1.staticflickr.com/2528/4107666434_0bebfff221_o.jpg,https://www.flickr.com/photos/motomachi24/4107666434,https://creativecommons.org/licenses/by/2.0/,https://www.flickr.com/people/motomachi24/,Ryuichi IKEDA,fujiko,665965,6jZcKqU0eoHn2nIOshCSpw==,https://c2.staticflickr.com/3/2528/4107666434_13d848b419_z.jpg,0.0,Cat,True
d9eb4da6018cfe94,train,https://farm5.staticflickr.com/145/335184839_559097036d_o.jpg,https://www.flickr.com/photos/ansik/335184839,https://creativecommons.org/licenses/by/2.0/,https://www.flickr.com/people/ansik/,Anssi Koskinen,voltti kolossa,1370108,iCyy5bhUtk5eC5gTOBeLzg==,https://c5.staticflickr.com/1/145/335184839_559097036d_z.jpg,0.0,Cat,True
cda2dc13643ec565,train,https://farm6.staticflickr.com/8355/8325451487_c05c5599d7_o.jpg,https://www.flickr.com/photos/minorleo/8325451487,https://creativecommons.org/licenses/by/2.0/,https://www.flickr.com/people/minorleo/,Guido A,Newton & Tequila,481294,qywKFu4b7OvdfN/U9BYLKQ==,https://c5.staticflickr.com/9/8355/8325451487_f2ae9fd25c_z.jpg,0.0,Cat,True
0055141363d9a00e,train,https://c7.staticflickr.com/6/5585/14652747537_26a0be1ea5_o.jpg,https://www.flickr.com/photos/sarafinalps/14652747537,https://creativecommons.org/licenses/by/2.0/,https://www.flickr.com/people/sarafinalps/,Sarafina LPS,otter,26309,2LVyujQvvewWGIKr4am9YQ==,,,Cat,True
d178ded6a6ae8f84,train,https://farm5.staticflickr.com/3448/3983223202_6ca0d29c13_o.jpg,https://www.flickr.com/photos/fishermansdaughter/3983223202,https://creativecommons.org/licenses/by/2.0/,https://www.flickr.com/people/fishermansdaughter/,fishermansdaughter,and a little warming shelf,2812096,vIp4zEFzx3XrBMhzYKwZbA==,https://c8.staticflickr.com/4/3448/3983223202_dff1b74a59_z.jpg,90.0,Cat,True
a5678302ba02971e,train,https://c7.staticflickr.com/4/3503/4083361656_423f895639_o.jpg,https://www.flickr.com/photos/ingermaaike2/4083361656,https://creativecommons.org/licenses/by/2.0/,https://www.flickr.com/people/ingermaaike2/,inger maaike,Happy cats,1358693,2ZvSrod5WOkBNJegW3NBig==,https://c6.staticflickr.com/4/3503/4083361656_ae53983f19_z.jpg,0.0,Cat,True
09f31eb96846f25f,train,https://c8.staticflickr.com/4/3284/3129624944_c6280e9d30_o.jpg,https://www.flickr.com/photos/seat850/3129624944,https://creativecommons.org/licenses/by/2.0/,https://www.flickr.com/people/seat850/,Craig Howell,"Ok kid, have a sniff....",4848591,RHd1EsYe7bONwVmUV9T2nA==,https://c1.staticflickr.com/4/3284/3129624944_a9f4a324bd_z.jpg,,Cat,True
2cba7ff6a4d057c3,train,https://farm4.staticflickr.com/3696/9670690548_e244b9d88d_o.jpg,https://www.flickr.com/photos/bsabarnowl/9670690548,https://creativecommons.org/licenses/by/2.0/,https://www.flickr.com/people/bsabarnowl/,Bill McChesney,27360 Christopher Robin Ever Present on my Desk,2112298,59sb6FKSNQpYyS2pyeIXjw==,https://c7.staticflickr.com/4/3696/9670690548_a4fd60a1f2_z.jpg,0.0,Cat,True
fc9306c3a07517f7,train,https://farm8.staticflickr.com/3263/2743654158_4457e2fcb9_o.jpg,https://www.flickr.com/photos/brenbot/2743654158,https://creativecommons.org/licenses/by/2.0/,https://www.flickr.com/people/brenbot/,Brenna,Craig and Catnip Cane,502248,eGGwdSm3ExZa5fc04aJTYw==,https://c1.staticflickr.com/4/3263/2743654158_9cc035cd24_z.jpg,0.0,Cat,True
df885e928b3a30bd,train,https://c6.staticflickr.com/6/5014/5519613147_40af47d824_o.jpg,https://www.flickr.com/photos/jbmellquist/5519613147,https://creativecommons.org/licenses/by/2.0/,https://www.flickr.com/people/jbmellquist/,JB Mellquist,11,4697246,28jRAa1rAHVMRd/lW+6rEA==,https://c6.staticflickr.com/6/5014/5519613147_88d1038ab3_z.jpg,0.0,Cat,True
5ef29e8eb4087ab1,train,https://farm2.staticflickr.com/7066/6895071943_31fcb03a18_o.jpg,https://www.flickr.com/photos/follow777/6895071943,https://creativecommons.org/licenses/by/2.0/,https://www.flickr.com/people/follow777/,Milan Klusacek,035,116250,9Vo1gAGOaIafYaDn15YnbA==,https://c7.staticflickr.com/8/7066/6895071943_8b63ee8186_z.jpg,0.0,Cat,True
e223af36bf29cf77,train,https://farm8.staticflickr.com/4021/4263176873_ec7a2d7e1f_o.jpg,https://www.flickr.com/photos/pldms/4263176873,https://creativecommons.org/licenses/by/2.0/,https://www.flickr.com/people/pldms/,shellac,Jump,2724355,2ZTSsHCJjd7aD/ZeWl2YLw==,https://c5.staticflickr.com/5/4021/4263176873_b7975c09d9_z.jpg,0.0,Cat,True
57bdcc85fc286f14,train,https://farm5.staticflickr.com/8325/8375281593_aa7e511d4c_o.jpg,https://www.flickr.com/photos/jackyboo/8375281593,https://creativecommons.org/licenses/by/2.0/,https://www.flickr.com/people/jackyboo/,Sad_Catherine,13/365,1101777,1hDxGdT6YHBQ8pH2Un51qg==,https://c5.staticflickr.com/9/8325/8375281593_66a53f92ea_z.jpg,0.0,Cat,True
6eab5cf17b0dc2cf,train,https://c8.staticflickr.com/1/154/329907944_452954ffef_o.jpg,https://www.flickr.com/photos/poisonbabyfood/329907944,https://creativecommons.org/licenses/by/2.0/,https://www.flickr.com/people/poisonbabyfood/,craigfinlay,fucking osker,156384,lm3GPC8rvmXXHVHYpac7YQ==,https://c8.staticflickr.com/1/154/329907944_452954ffef_z.jpg?zz=1,0.0,Cat,True
dc8c8a84edcc5711,train,https://farm2.staticflickr.com/7359/13044942715_61a906afbf_o.jpg,https://www.flickr.com/photos/iblee/13044942715,https://creativecommons.org/licenses/by/2.0/,https://www.flickr.com/people/iblee/,lee leblanc,got a little heading to RodeoAustin,92445,u1YkUnmeomp9vgJSJYv/Kg==,https://c4.staticflickr.com/8/7359/13044942715_48da381a8b_z.jpg,270.0,Cat,True
888359efd3c7b7c2,train,https://farm3.staticflickr.com/3078/2587412697_c29dbc31ab_o.jpg,https://www.flickr.com/photos/editor/2587412697,https://creativecommons.org/licenses/by/2.0/,https://www.flickr.com/people/editor/,Bart Everson,Bilal Nip,707378,ulSj//jJJ6KmGl+SABC/iQ==,https://c7.staticflickr.com/4/3078/2587412697_eb00e8b448_z.jpg,0.0,Cat,True
61351b5280a9be9a,train,https://c3.staticflickr.com/3/2850/11481489086_fa9b3c2f2a_o.jpg,https://www.flickr.com/photos/yamauchibukuro/11481489086/,https://creativecommons.org/licenses/by/2.0/,https://www.flickr.com/people/yamauchibukuro/,yamauchi,よもぎ,10300740,eh7SM+gmFZovCAECwGHizw==,https://c6.staticflickr.com/3/2850/11481489086_4fd81e343e_z.jpg,0.0,Cat,True
6ad6082df36264d2,train,https://farm3.staticflickr.com/3086/2552260485_0e4c8ca58b_o.jpg,https://www.flickr.com/photos/flower/2552260485,https://creativecommons.org/licenses/by/2.0/,https://www.flickr.com/people/flower/,Tiger Lily,My Upstairs Neighbor,1900903,OqNwVPpm6W96f/hhcGFsgw==,https://c3.staticflickr.com/4/3086/2552260485_e05a5a06bc_z.jpg,0.0,Cat,True
526d3340a62cc182,train,https://farm3.staticflickr.com/8453/8071937291_be1688d885_o.jpg,https://www.flickr.com/photos/watershedpost/8071937291,https://creativecommons.org/licenses/by/2.0/,https://www.flickr.com/people/watershedpost/,Watershed Post,Kerhonkson bear,148142,5+A7g88F4qQcQ3lQB9+zOQ==,https://c1.staticflickr.com/9/8453/8071937291_eea0ca3b2f_z.jpg,0.0,Cat,True
405dc33fae3a3e55,train,https://farm6.staticflickr.com/1269/1090959940_1eefef5245_o.jpg,https://www.flickr.com/photos/colinsite/1090959940,https://creativecommons.org/licenses/by/2.0/,https://www.flickr.com/people/colinsite/,monkeywing,Christmas Colin,990911,wcfDMwvudwBBAjuytQoonw==,https://c5.staticflickr.com/2/1269/1090959940_1d10738205_z.jpg,0.0,Cat,True
62be708e1d231e86,train,https://farm7.staticflickr.com/5217/5393411373_78216f84cd_o.jpg,https://www.flickr.com/photos/35860821@N03/5393411373,https://creativecommons.org/licenses/by/2.0/,https://www.flickr.com/people/35860821@N03/,jkostya,A keen wolf eye,731160,akwdSKvl4D0EbujMtMFcTA==,https://c6.staticflickr.com/6/5217/5393411373_1e5d029f86_z.jpg,0.0,Cat,True
3ddae3197c804c5c,train,https://c5.staticflickr.com/7/6041/6228545593_f134f899c7_o.jpg,https://www.flickr.com/photos/chuckthephotographer/6228545593,https://creativecommons.org/licenses/by/2.0/,https://www.flickr.com/people/chuckthephotographer/,Chuck Abbe,Cats,932488,DLF7TUDjSoRhixK7LSM/4w==,https://c7.staticflickr.com/7/6041/6228545593_66f608b7f2_z.jpg,0.0,Cat,True
a24c101868d6df1d,train,https://c6.staticflickr.com/8/7149/6454461247_bd38ed74a8_o.jpg,https://www.flickr.com/photos/alternativeroute/6454461247/,https://creativecommons.org/licenses/by/2.0/,https://www.flickr.com/people/alternativeroute/,Jacques,Kitty loves Rega,126017,CS61RZpeWS5FD0TZz+E78Q==,https://c2.staticflickr.com/8/7149/6454461247_ac1868ed27_z.jpg,0.0,Cat,True
d3fcdee97079fc59,train,https://c2.staticflickr.com/5/4053/4642162471_f8dfac20b7_o.jpg,https://www.flickr.com/photos/jeffreyww/4642162471,https://creativecommons.org/licenses/by/2.0/,https://www.flickr.com/people/jeffreyww/,jeffreyw,ready,320609,U6epZgInNo0JRJ2wpFFYgA==,https://c8.staticflickr.com/5/4053/4642162471_03cfee3cb3_z.jpg,0.0,Cat,True
4fc3e3a25778a3ef,train,https://c8.staticflickr.com/8/7349/9221862505_09a5e3e4db_o.jpg,https://www.flickr.com/photos/41507974@N00/9221862505,https://creativecommons.org/licenses/by/2.0/,https://www.flickr.com/people/41507974@N00/,barbara fister,Kroshka napping,2249328,e1p4dYcL3PgytiWN6CENNg==,https://c8.staticflickr.com/8/7349/9221862505_5c618990ce_z.jpg,0.0,Cat,True
c8dff7cb58779011,train,https://farm2.staticflickr.com/4154/5074757613_e19cc979da_o.jpg,https://www.flickr.com/photos/16971556@N06/5074757613,https://creativecommons.org/licenses/by/2.0/,https://www.flickr.com/people/16971556@N06/,faeryhedgehog,Cat reading book,2541147,8RTRIqDSualO5d7sYAQdyQ==,https://c5.staticflickr.com/5/4154/5074757613_d3ab8098bb_z.jpg,0.0,Cat,True
2537df7cf4cc5dc0,train,https://farm1.staticflickr.com/5217/5406000566_4a405645bb_o.jpg,https://www.flickr.com/photos/tiagopadua/5406000566,https://creativecommons.org/licenses/by/2.0/,https://www.flickr.com/people/tiagopadua/,Tiago Pádua,Cat sleeping,138338,2q2fg1sssgk+/jULTjZnwA==,https://c5.staticflickr.com/6/5217/5406000566_c3d93535d9_z.jpg,0.0,Cat,True
7c45a2bf339dc358,train,https://c1.staticflickr.com/7/6202/6038810420_c35d569307_o.jpg,https://www.flickr.com/photos/kees2rhearts/6038810420,https://creativecommons.org/licenses/by/2.0/,https://www.flickr.com/people/kees2rhearts/,kees2rhearts,Jiminy as a puppy,365691,hO19kH7GDXcmTUnk2ovh3Q==,https://c5.staticflickr.com/7/6202/6038810420_61111ec0f5_z.jpg,0.0,Cat,True
bbe9a6cd5edc307e,train,https://c7.staticflickr.com/9/8477/8220025562_7c919e5f3d_o.jpg,https://www.flickr.com/photos/snaks/8220025562,https://creativecommons.org/licenses/by/2.0/,https://www.flickr.com/people/snaks/,k.steudel,Citizen Snips,4491365,TK3iSK7SHUj8KO8Flhy+Og==,https://c1.staticflickr.com/9/8477/8220025562_0f8d458351_z.jpg,270.0,Cat,True
57f37434216bb389,train,https://c2.staticflickr.com/6/5042/5200697644_a7bdf9a2c5_o.jpg,https://www.flickr.com/photos/bengallagher/5200697644,https://creativecommons.org/licenses/by/2.0/,https://www.flickr.com/people/bengallagher/,ben.gallagher,Stroking Fiji,1119388,k4K+xBgzigXE/u86v/2w4Q==,https://c1.staticflickr.com/6/5042/5200697644_812e3081c2_z.jpg,0.0,Cat,True
aecdc2864d388cf4,train,https://farm5.staticflickr.com/2860/11584217325_32694a22a2_o.jpg,https://www.flickr.com/photos/sami/11584217325,https://creativecommons.org/licenses/by/2.0/,https://www.flickr.com/people/sami/,Sami Niemelä,Final christmas present arrived #grumpycat #shapeways #3dprinting,62367,yR3un2u7bCXMIV5s/xcDYw==,https://c8.staticflickr.com/3/2860/11584217325_58d6ba7b03_z.jpg,0.0,Cat,True
c94f0f7365507e85,train,https://farm6.staticflickr.com/161/355259856_1737f9f4be_o.jpg,https://www.flickr.com/photos/bludgeoner86/355259856,https://creativecommons.org/licenses/by/2.0/,https://www.flickr.com/people/bludgeoner86/,Justin Taylor,IMG_0224,1979064,b+03dikuN3opMI8E0582AA==,https://c3.staticflickr.com/1/161/355259856_1737f9f4be_z.jpg,0.0,Cat,True
645da96ad4f20d02,train,https://farm3.staticflickr.com/2056/2357722696_9b8d277ee6_o.jpg,https://www.flickr.com/photos/johnjack/2357722696,https://creativecommons.org/licenses/by/2.0/,https://www.flickr.com/people/johnjack/,Random McRandomhead,IMG_0870,2087485,YgeDdXM3un2nd0aYuxvfQA==,https://c7.staticflickr.com/3/2056/2357722696_3e48f095cc_z.jpg,270.0,Cat,True
f076e6cdae796026,train,https://farm7.staticflickr.com/5596/14901095373_9a52fa6644_o.jpg,https://www.flickr.com/photos/cdorobek/14901095373/,https://creativecommons.org/licenses/by/2.0/,https://www.flickr.com/people/cdorobek/,cdorobek,Nick loving origami,114365,pXEl/lCzeO8MxHdjJkqAvg==,https://c2.staticflickr.com/6/5596/14901095373_64cd3fd933_z.jpg,0.0,Cat,True
ebe0a6ff96e39d88,train,https://c1.staticflickr.com/4/3280/2955529286_32f542f9bc_o.jpg,https://www.flickr.com/photos/selmer/2955529286,https://creativecommons.org/licenses/by/2.0/,https://www.flickr.com/people/selmer/,Selmer van Alten,Wodan in bed,3565896,Ut9DuTHgkfMvitRVARBo0w==,https://c5.staticflickr.com/4/3280/2955529286_5ba4422af8_z.jpg,0.0,Cat,True
10b0badf26f6c082,train,https://farm3.staticflickr.com/26/66287126_d01a9492fe_o.jpg,https://www.flickr.com/photos/altemark/66287126,https://creativecommons.org/licenses/by/2.0/,https://www.flickr.com/people/altemark/,altemark,One happy cat,70913,LBdkIHOBgV9PP3joZ/i0BA==,https://c1.staticflickr.com/1/26/66287126_d01a9492fe_z.jpg?zz=1,0.0,Cat,True
54358180b5aeee2f,train,https://c8.staticflickr.com/4/3647/3308813819_1a65341700_o.jpg,https://www.flickr.com/photos/montse/3308813819,https://creativecommons.org/licenses/by/2.0/,https://www.flickr.com/people/montse/,Montserrat Labiaga Ferrer,Saltando sobre la sombra,1784144,c2L56xVaQdNQaUSFTrTttQ==,https://c3.staticflickr.com/4/3647/3308813819_95a5a0c542_z.jpg,0.0,Cat,True
328b4b33de993bda,train,https://c3.staticflickr.com/9/8356/8258287194_dc39d651cd_o.jpg,https://www.flickr.com/photos/akras/8258287194,https://creativecommons.org/licenses/by/2.0/,https://www.flickr.com/people/akras/,Andrey,Portrait,1813646,gi/ITOF0qh7UYxUPEbPg5Q==,https://c3.staticflickr.com/9/8356/8258287194_40d2a72e6a_z.jpg,0.0,Cat,True
aa4bf3c2e6c8ae01,train,https://farm2.staticflickr.com/7578/15591159970_8e8ac4ce57_o.jpg,https://www.flickr.com/photos/usdagov/15591159970,https://creativecommons.org/licenses/by/2.0/,https://www.flickr.com/people/usdagov/,U.S. Department of Agriculture,Washington State Census Infographic,573614,hWL4vJ3ARYx63KRsb59Row==,https://c8.staticflickr.com/8/7578/15591159970_3fc596c237_z.jpg,0.0,Cat,True
0003d782eaaf8e66,train,https://farm7.staticflickr.com/7165/6577342333_bb4a922604_o.jpg,https://www.flickr.com/photos/mcleod/6577342333,https://creativecommons.org/licenses/by/2.0/,https://www.flickr.com/people/mcleod/,Scott McLeod,Isabel surfing 2,537162,BMXQu4QOIsYZyMwlM9F/Hw==,https://c2.staticflickr.com/8/7165/6577342333_8ff80d57c5_z.jpg,0.0,Cat,True
000c87f93da846de,train,https://c7.staticflickr.com/9/8364/8326714646_38d53cb587_o.jpg,https://www.flickr.com/photos/lokesh/8326714646,https://creativecommons.org/licenses/by/2.0/,https://www.flickr.com/people/lokesh/,Lokesh Dhakar,undefined,106228,IaNDxoHegRNqxnGiVWyxDQ==,https://c2.staticflickr.com/9/8364/8326714646_0f9883c3e0_z.jpg,0.0,Cat,True
3a05084bdcd5d58c,train,https://c5.staticflickr.com/4/3717/9447551869_c0a1097c1d_o.jpg,https://www.flickr.com/photos/97930879@N02/9447551869,https://creativecommons.org/licenses/by/2.0/,https://www.flickr.com/people/97930879@N02/,tommy japan,U1833088,107791,YvaTHEu5aavmGMFKMDRAYw==,https://c1.staticflickr.com/4/3717/9447551869_15f57ff577_z.jpg,0.0,Cat,True
2968f3d6882bab1b,train,https://c4.staticflickr.com/3/2650/4086032866_96ea944087_o.jpg,https://www.flickr.com/photos/globochem/4086032866,https://creativecommons.org/licenses/by/2.0/,https://www.flickr.com/people/globochem/,globochem3x1minus1,turquoise hexagon sun,330413,j3wbX13FvquXOOGiFNNs4A==,https://c7.staticflickr.com/3/2650/4086032866_1a3c07b369_z.jpg,0.0,Cat,True
5d8ec5a83ba2c73a,train,https://c3.staticflickr.com/2/1007/1331584367_e87a000d51_o.jpg,https://www.flickr.com/photos/toobydoo/1331584367,https://creativecommons.org/licenses/by/2.0/,https://www.flickr.com/people/toobydoo/,Tobias Vemmenby,Zzzzz,402809,qvMJvqcsG8f11DZN+TBSyg==,https://c8.staticflickr.com/2/1007/1331584367_9d34dd21ce_z.jpg,0.0,Cat,True
00da412f816658c8,train,https://c1.staticflickr.com/3/2721/4292748996_66d26c46b3_o.jpg,https://www.flickr.com/photos/capo_sfu/4292748996,https://creativecommons.org/licenses/by/2.0/,https://www.flickr.com/people/capo_sfu/,Tomasics József,demons,11203,WcAnqi85ixj6P+RcKnDVGQ==,,,Cat,True
81d46787df106868,train,https://c1.staticflickr.com/4/3291/2942773911_c1b8a5178a_o.jpg,https://www.flickr.com/photos/boboroshi/2942773911,https://creativecommons.org/licenses/by/2.0/,https://www.flickr.com/people/boboroshi/,John Athayde,Kitty now. Work later.,2340353,qbPZj4hIPar7fCAtjZLq2g==,https://c1.staticflickr.com/4/3291/2942773911_6a8acd2553_z.jpg,0.0,Cat,True
135f463b87077809,train,https://c2.staticflickr.com/4/3342/3235710833_306ef925e2_o.jpg,https://www.flickr.com/photos/33211138@N08/3235710833,https://creativecommons.org/licenses/by/2.0/,https://www.flickr.com/people/33211138@N08/,Meliha Tila Sadık,Prenses,157603,H2oT+jEyQOUBND/Aq3KWwQ==,https://c5.staticflickr.com/4/3342/3235710833_bde9d68839_z.jpg?zz=1,0.0,Cat,True
5681627fbc3a5b53,train,https://farm4.staticflickr.com/2651/3685157821_5e59f563e2_o.jpg,https://www.flickr.com/photos/ivette01/3685157821/,https://creativecommons.org/licenses/by/2.0/,https://www.flickr.com/people/ivette01/,Ivette Quiñónez,Tai - patita hinchada,689072,yY673FartlJEuvBy4DubDA==,https://c6.staticflickr.com/3/2651/3685157821_364ba1981a_z.jpg?zz=1,0.0,Cat,True
cee80dd88f24c645,train,https://farm6.staticflickr.com/8181/8026835075_9e655714f0_o.jpg,https://www.flickr.com/photos/78428166@N00/8026835075,https://creativecommons.org/licenses/by/2.0/,https://www.flickr.com/people/78428166@N00/,Tony Alter,The Hunt Is On,10209721,Q6drCaY6WBU+mQaZYp6cuQ==,https://c1.staticflickr.com/9/8181/8026835075_55d734d440_z.jpg,0.0,Cat,True
0ca4f07ae2d7fea9,train,https://c2.staticflickr.com/6/5494/10889970034_65cda7461e_o.jpg,https://www.flickr.com/photos/bortescristian/10889970034,https://creativecommons.org/licenses/by/2.0/,https://www.flickr.com/people/bortescristian/,Cristian Bortes,La bunici,6827837,zX3CtmZV+S0mvKYvh8+aaw==,https://c5.staticflickr.com/6/5494/10889970034_e8a5401326_z.jpg,0.0,Cat,True
007326de8719cca7,train,https://farm8.staticflickr.com/3925/14857715807_2a35dd17d0_o.jpg,https://www.flickr.com/photos/lovinkat/14857715807,https://creativecommons.org/licenses/by/2.0/,https://www.flickr.com/people/lovinkat/,lovinkat,Untitled,5395961,zuqeDKdQfjojOVGlRQWgvw==,https://c7.staticflickr.com/4/3925/14857715807_47e1516383_z.jpg,0.0,Cat,True
283d1c78659daf5f,train,https://c8.staticflickr.com/3/2607/4168567388_3a39fc33c5_o.jpg,https://www.flickr.com/photos/andrec/4168567388,https://creativecommons.org/licenses/by/2.0/,https://www.flickr.com/people/andrec/,andrechinn,Morgan recreates a scene from the Wizard of Oz,3401494,k7wIrx5pcpoYSYG6J48VKg==,https://c1.staticflickr.com/3/2607/4168567388_2cba185a43_z.jpg,0.0,Cat,True
70d869aec461fb3b,train,https://c4.staticflickr.com/1/8/7480700_c5b21792bb_o.jpg,https://www.flickr.com/photos/jurvetson/7480700,https://creativecommons.org/licenses/by/2.0/,https://www.flickr.com/people/jurvetson/,Steve Jurvetson,Easter Bunnies,442277,XoUWIclSagM6o5s4TFGsJw==,https://c1.staticflickr.com/1/8/7480700_c5b21792bb_z.jpg?zz=1,0.0,Cat,True
89c39d0001a00cc6,train,https://farm7.staticflickr.com/5085/5274318524_db318e8976_o.jpg,https://www.flickr.com/photos/yakinik/5274318524,https://creativecommons.org/licenses/by/2.0/,https://www.flickr.com/people/yakinik/,Hajime Nagahata,高度に発達した湯たんぽは旦那と区別がつかない,73996,wlgS1yTEEqX6Qdki1tIy2g==,https://c5.staticflickr.com/6/5085/5274318524_609c2b8e3b_z.jpg,0.0,Cat,True
67c9747583600701,train,https://farm2.staticflickr.com/64/225399131_5931eadff9_o.jpg,https://www.flickr.com/photos/kekka/225399131,https://creativecommons.org/licenses/by/2.0/,https://www.flickr.com/people/kekka/,Kristin Kokkersvold,Twisted cat,52693,WMrxgHrs6dyz/3QgIvaUeg==,https://c6.staticflickr.com/1/64/225399131_5931eadff9_z.jpg?zz=1,0.0,Cat,True
c4c54d1093634c58,train,https://c1.staticflickr.com/1/441/19346850936_f6c0888bea_o.jpg,https://www.flickr.com/photos/amici-con-la-coda/19346850936,https://creativecommons.org/licenses/by/2.0/,https://www.flickr.com/people/amici-con-la-coda/,Amici con la coda,MIRTILLO e KIWI,146154,ioXHogl60LRDvQBrMv0Jlg==,https://c7.staticflickr.com/1/441/19346850936_eda0e494d7_z.jpg,0.0,Cat,True
9ea57c1bda5229de,train,https://c7.staticflickr.com/4/3497/3467698037_2aaa813fe1_o.jpg,https://www.flickr.com/photos/rikkis_refuge/3467698037,https://creativecommons.org/licenses/by/2.0/,https://www.flickr.com/people/rikkis_refuge/,Rikki&#x27;s  Refuge,Rabies Vaccinations,1337104,EHSaLMLDWgXkiV7D05kQpQ==,https://c2.staticflickr.com/4/3497/3467698037_dffcede355_z.jpg,0.0,Cat,True
96ad7dde9390cf08,train,https://c1.staticflickr.com/1/525/19192536860_890f547721_o.jpg,https://www.flickr.com/photos/iv4quad/19192536860,https://creativecommons.org/licenses/by/2.0/,https://www.flickr.com/people/iv4quad/,John Carkeet,Zoominations,1445486,/isnk4B5GZPvC+pBs6m18Q==,https://c6.staticflickr.com/1/525/19192536860_415b7e5cb6_z.jpg,0.0,Cat,True
9fd860870c93f1e9,train,https://c2.staticflickr.com/1/60/229400680_10421b3fbb_o.jpg,https://www.flickr.com/photos/oceanyamaha/229400680,https://creativecommons.org/licenses/by/2.0/,https://www.flickr.com/people/oceanyamaha/,ocean yamaha,20060826_mg_3998.jpg,1447047,LRBSB2fj16gvt0XN81z3kw==,https://c2.staticflickr.com/1/60/229400680_10421b3fbb_z.jpg,0.0,Cat,True
4182457233337efa,train,https://c3.staticflickr.com/7/6134/5996400631_5c6f182049_o.jpg,https://www.flickr.com/photos/violettalough/5996400631,https://creativecommons.org/licenses/by/2.0/,https://www.flickr.com/people/violettalough/,Violette79,Visiting Cookie.,539693,yvnFqpXNwobisigrLQ6Grw==,https://c2.staticflickr.com/7/6134/5996400631_e5d8d13551_z.jpg,0.0,Cat,True
713a953138ef6eeb,train,https://c4.staticflickr.com/8/7446/11369359014_ae178fb8e6_o.jpg,https://www.flickr.com/photos/tradlands/11369359014,https://creativecommons.org/licenses/by/2.0/,https://www.flickr.com/people/tradlands/,Tradlands,Storm watch. #tradlands,85838,WKEHnJRdahEbPMN9jZJYkQ==,https://c8.staticflickr.com/8/7446/11369359014_4ff5d9d215_z.jpg,0.0,Cat,True
2b62944039497b33,train,https://farm4.staticflickr.com/8235/8356676458_246a87cd2e_o.jpg,https://www.flickr.com/photos/brownpau/8356676458,https://creativecommons.org/licenses/by/2.0/,https://www.flickr.com/people/brownpau/,brownpau,Sleeping Martha,2883584,1CW5bZETWL1jov7EamMxEQ==,https://c7.staticflickr.com/9/8235/8356676458_4037be246c_z.jpg,0.0,Cat,True
d7a3c2cea055c0fc,train,https://c5.staticflickr.com/4/3479/3807475018_e17721154e_o.jpg,https://www.flickr.com/photos/tomislavmedak/3807475018,https://creativecommons.org/licenses/by/2.0/,https://www.flickr.com/people/tomislavmedak/,tomislav medak,Barbaresco: Oliver and Hardy and co.,330898,RjeV7zmxzr/4iWm79mJpCQ==,https://c7.staticflickr.com/4/3479/3807475018_75ef14f960_z.jpg,0.0,Cat,True
bb7f42124434d295,train,https://farm6.staticflickr.com/3805/8777184287_067011f761_o.jpg,https://www.flickr.com/photos/pldms/8777184287,https://creativecommons.org/licenses/by/2.0/,https://www.flickr.com/people/pldms/,shellac,On the hunt,3688306,lvILL3j/pbKti4Zu7Noufg==,https://c4.staticflickr.com/4/3805/8777184287_c611828866_z.jpg,0.0,Cat,True
e559f3ec79602361,train,https://farm2.staticflickr.com/160/383727353_f6d2887dc2_o.jpg,https://www.flickr.com/photos/yamauchibukuro/383727353,https://creativecommons.org/licenses/by/2.0/,https://www.flickr.com/people/yamauchibukuro/,yamauchi,後ろから,372908,Ifw6oADSCyDGdvPNZKD8BQ==,https://c4.staticflickr.com/1/160/383727353_f6d2887dc2_z.jpg?zz=1,0.0,Cat,True
5b0f83dbfbc0f028,train,https://c1.staticflickr.com/9/8501/8344275493_56166f2f33_o.jpg,https://www.flickr.com/photos/katya-boltanova/8344275493,https://creativecommons.org/licenses/by/2.0/,https://www.flickr.com/people/katya-boltanova/,Katya Boltanova,IMG_7060,7400579,eS1/WGxqooAOaubBttP3dA==,https://c1.staticflickr.com/9/8501/8344275493_6ee5236d2c_z.jpg,0.0,Cat,True
59717109208f049c,train,https://c5.staticflickr.com/3/2941/15100715808_1fc2e081d7_o.jpg,https://www.flickr.com/photos/atoach/15100715808,https://creativecommons.org/licenses/by/2.0/,https://www.flickr.com/people/atoach/,Tim Green,Fox and Hound,12661808,UiQ4/zKeErUdOTID5UI2ig==,https://c6.staticflickr.com/3/2941/15100715808_c3f458f3e3_z.jpg,0.0,Cat,True
c57b7b90f460eba0,train,https://farm1.staticflickr.com/439/18545316374_9a8c6531e8_o.jpg,https://www.flickr.com/photos/theseawolf/18545316374,https://creativecommons.org/licenses/by/2.0/,https://www.flickr.com/people/theseawolf/,Justin Donne,Gorgeous window dressing,101377,cIQZnlW59Yicl5nw12q7Kw==,https://c1.staticflickr.com/1/439/18545316374_6c71ea5be7_z.jpg,0.0,Cat,True
f6380344cf9f3521,train,https://farm2.staticflickr.com/7378/9799543703_4eeaa03b43_o.jpg,https://www.flickr.com/photos/amada_stream/9799543703,https://creativecommons.org/licenses/by/2.0/,https://www.flickr.com/people/amada_stream/,Liga Eglite,Boy_,337243,7BimROEx8G+b6E/3mD9QWg==,https://c2.staticflickr.com/8/7378/9799543703_f0d2177662_z.jpg,0.0,Cat,True
53ac8b8429429619,train,https://c2.staticflickr.com/4/3586/3327764230_c4664360e7_o.jpg,https://www.flickr.com/photos/midnightmountain/3327764230,https://creativecommons.org/licenses/by/2.0/,https://www.flickr.com/people/midnightmountain/,foolish gold,"Bear, June 1983",219135,pk0vJWGZK8cHH8XMIdbEnw==,,,Cat,True
001512d120e1e800,train,https://farm1.staticflickr.com/5487/11028671166_af7542a97f_o.jpg,https://www.flickr.com/photos/o_0/11028671166/,https://creativecommons.org/licenses/by/2.0/,https://www.flickr.com/people/o_0/,Guilhem Vellut,Cats @ Okutama Station,4751049,B05j4Z7TO1wSOqazG/yrow==,https://c4.staticflickr.com/6/5487/11028671166_37165c1411_z.jpg,0.0,Cat,True
1dd1af64469d8454,train,https://farm5.staticflickr.com/3007/2543544477_3c811cd710_o.jpg,https://www.flickr.com/photos/kellinahandbasket/2543544477,https://creativecommons.org/licenses/by/2.0/,https://www.flickr.com/people/kellinahandbasket/,kellinahandbasket,Adam...I Think,64150,GqReqXiDwNiYAJgb3+lktg==,https://c6.staticflickr.com/4/3007/2543544477_dda32092e8_z.jpg?zz=1,0.0,Cat,True
0d247adaa87e4587,train,https://farm8.staticflickr.com/7043/6801652614_65c675f185_o.jpg,https://www.flickr.com/photos/69302634@N02/6801652614,https://creativecommons.org/licenses/by/2.0/,https://www.flickr.com/people/69302634@N02/,Helena Jacoba,Lindsay,2147718,LWq763DDtaufHV7eoqJDVw==,https://c1.staticflickr.com/8/7043/6801652614_49b2fc06fe_z.jpg,0.0,Cat,True
61c4e111ffc99b7f,train,https://c8.staticflickr.com/5/4033/4301801229_a035762071_o.jpg,https://www.flickr.com/photos/_lovenothing/4301801229,https://creativecommons.org/licenses/by/2.0/,https://www.flickr.com/people/_lovenothing/,Zoe,She was using the force to open the door.,3097331,qmJJknc6+ngEuzxlG26+3g==,https://c5.staticflickr.com/5/4033/4301801229_88416b4b2e_z.jpg,0.0,Cat,True
ec2d6dd029d3aa77,train,https://farm8.staticflickr.com/2462/3829839401_49432efe7c_o.jpg,https://www.flickr.com/photos/sunshinecity/3829839401,https://creativecommons.org/licenses/by/2.0/,https://www.flickr.com/people/sunshinecity/,sunshinecity,Untitled,339910,u+yAHICSUXFBTeApwlEcOA==,https://c4.staticflickr.com/3/2462/3829839401_2e64ee8c56_z.jpg?zz=1,0.0,Cat,True
9a3ad9f48c65bf0c,train,https://c5.staticflickr.com/8/7733/18434014901_b25c9792ef_o.jpg,https://www.flickr.com/photos/aloha75/18434014901,https://creativecommons.org/licenses/by/2.0/,https://www.flickr.com/people/aloha75/,Sam Howzit,Tiki Room Window,1099450,wEtdmfPmObTzBhow/PJ15A==,https://c6.staticflickr.com/8/7733/18434014901_29d21a9667_z.jpg,0.0,Cat,True
bd7c8b605e0af9e3,train,https://farm4.staticflickr.com/5306/5701313841_a2c4e8bd41_o.jpg,https://www.flickr.com/photos/47096398@N08/5701313841,https://creativecommons.org/licenses/by/2.0/,https://www.flickr.com/people/47096398@N08/,Esther Lee,Chelsea Flea Market,485141,uPmsKhP4KN3Cdajti1B1oA==,https://c6.staticflickr.com/6/5306/5701313841_f2cf96f38f_z.jpg,0.0,Cat,True
6f501322e6f4e275,train,https://farm6.staticflickr.com/1323/1165473587_109f119728_o.jpg,https://www.flickr.com/photos/librarianavengers/1165473587,https://creativecommons.org/licenses/by/2.0/,https://www.flickr.com/people/librarianavengers/,Erica Firment,I has a kitteh,70688,TiSEBC8F0bD0tn+qGKcfgg==,https://c5.staticflickr.com/2/1323/1165473587_caf992f7ff_z.jpg?zz=1,0.0,Cat,True
3f09b5f5070456f3,train,https://farm4.staticflickr.com/3586/3455177395_01ea2ee401_o.jpg,https://www.flickr.com/photos/marionenkevin/3455177395,https://creativecommons.org/licenses/by/2.0/,https://www.flickr.com/people/marionenkevin/,Kevin,Dog walking the girl,190705,mTjH97n37ZrIpEHjefOJbA==,https://c6.staticflickr.com/4/3586/3455177395_6d306355b2_z.jpg?zz=1,0.0,Dog,True
e379372c26a7317a,train,https://c3.staticflickr.com/1/700/20105859284_eba3ae0f05_o.jpg,https://www.flickr.com/photos/cravenjade/20105859284,https://creativecommons.org/licenses/by/2.0/,https://www.flickr.com/people/cravenjade/,Jade Craven,Tiger quoll yawning,7093316,vZqs3pnI03km+sLHENCW+g==,https://c4.staticflickr.com/1/700/20105859284_7c3bed2672_z.jpg,0.0,Dog,True
3772fdab7b8d95f0,train,https://farm1.staticflickr.com/5260/5431068403_5d0d5c73b7_o.jpg,https://www.flickr.com/photos/jondissed/5431068403,https://creativecommons.org/licenses/by/2.0/,https://www.flickr.com/people/jondissed/,Jonathan Lidbeck,DSC00333,377355,fA7OuRKxPBArrrZwb/1fxA==,https://c3.staticflickr.com/6/5260/5431068403_168e0cb53e_z.jpg,0.0,Dog,True
7bcf81161e600280,train,https://farm1.staticflickr.com/1140/530599153_d669ba60cb_o.jpg,https://www.flickr.com/photos/amanderson/530599153,https://creativecommons.org/licenses/by/2.0/,https://www.flickr.com/people/amanderson/,amanderson2,impressive wall,91620,zzrx3OPw4uoVf0bypeRqng==,https://c2.staticflickr.com/2/1140/530599153_3d2e4b43bc_z.jpg?zz=1,0.0,Dog,True
de2affa8e18a075e,train,https://c7.staticflickr.com/8/7527/16201649476_4c10836b01_o.jpg,https://www.flickr.com/photos/kurok/16201649476,https://creativecommons.org/licenses/by/2.0/,https://www.flickr.com/people/kurok/,Alexey Druzhinin,"Catherine's Park, Pushkin, Russia, June 2014",260472,x5AthOS9Fu2zNrKgdJlWVQ==,https://c7.staticflickr.com/8/7527/16201649476_c5578503a1_z.jpg,,Dog,True
da16bd6b88fe6849,train,https://c2.staticflickr.com/8/7442/12345124964_d2e1027696_o.jpg,https://www.flickr.com/photos/eelkedekker/12345124964,https://creativecommons.org/licenses/by/2.0/,https://www.flickr.com/people/eelkedekker/,Eelke,Doggie,5603715,44FUix89m7MBwGrHNmLRHQ==,https://c7.staticflickr.com/8/7442/12345124964_113f1537d2_z.jpg,0.0,Dog,True
73e3fa1422e9a75a,train,https://c3.staticflickr.com/9/8539/8636566476_15da7eb11a_o.jpg,https://www.flickr.com/photos/denalinps/8636566476,https://creativecommons.org/licenses/by/2.0/,https://www.flickr.com/people/denalinps/,Denali National Park and Preserve,Corrie Mile 9 Landscape - Jacob W. Frank,4727146,JleZ0EgJGdgVsFZCQdTQ2Q==,https://c5.staticflickr.com/9/8539/8636566476_133f7abe2e_z.jpg,0.0,Dog,True
0c1682d0eb8efca4,train,https://farm5.staticflickr.com/4008/4428991251_75aceb84ab_o.jpg,https://www.flickr.com/photos/49024304@N00/4428991251,https://creativecommons.org/licenses/by/2.0/,https://www.flickr.com/people/49024304@N00/,anyjazz65,The trip to Strawberrie Peak,939471,LpgOu4sQw3PX0AYknL047w==,https://c5.staticflickr.com/5/4008/4428991251_53c0d8bc98_z.jpg,0.0,Dog,True
188f9d132efc6d84,train,https://farm5.staticflickr.com/111/306919269_4c116233be_o.jpg,https://www.flickr.com/photos/markwaters/306919269,https://creativecommons.org/licenses/by/2.0/,https://www.flickr.com/people/markwaters/,Mark Waters,Inch Beach,63457,AXFLPhuRqjwBIa5amLHkng==,https://c3.staticflickr.com/1/111/306919269_4c116233be_z.jpg?zz=1,0.0,Dog,True
2e46bde4dcc90493,train,https://farm4.staticflickr.com/6204/6160762722_180cdc4318_o.jpg,https://www.flickr.com/photos/dawn-pinkchick/6160762722,https://creativecommons.org/licenses/by/2.0/,https://www.flickr.com/people/dawn-pinkchick/,Dawn,2011CCC-Softball 016,986146,jFEdPSywiOOfANa4IplFiA==,https://c7.staticflickr.com/7/6204/6160762722_028c3f9b82_z.jpg,0.0,Dog,True
8ddcaf7515bd78d3,train,https://farm4.staticflickr.com/5107/5701978432_dd9c9a3d43_o.jpg,https://www.flickr.com/photos/78428166@N00/5701978432,https://creativecommons.org/licenses/by/2.0/,https://www.flickr.com/people/78428166@N00/,Tony Alter,Fresh Mowed Lawn,3680402,azI+1nvT6UEHIDZ59bwp6w==,https://c4.staticflickr.com/6/5107/5701978432_9df22f8e12_z.jpg,0.0,Dog,True
c1c40f7f716ac740,train,https://farm1.staticflickr.com/101/275680458_a2ac1105f0_o.jpg,https://www.flickr.com/photos/randysonofrobert/275680458,https://creativecommons.org/licenses/by/2.0/,https://www.flickr.com/people/randysonofrobert/,Randy Robertson,Yoshi in Backyard,1976153,dVu4rMrcVYmUCKOjVS2pkA==,https://c7.staticflickr.com/1/101/275680458_a2ac1105f0_z.jpg,0.0,Dog,True
0307cb415ed6b79f,train,https://c8.staticflickr.com/3/2466/3844873654_04ab73fe0f_o.jpg,https://www.flickr.com/photos/amylovesyah/3844873654,https://creativecommons.org/licenses/by/2.0/,https://www.flickr.com/people/amylovesyah/,Amy,Sleepy Rocky,3077183,vQukxWQyJ2ex0nfVNs5eCg==,https://c5.staticflickr.com/3/2466/3844873654_2ba1f64dd9_z.jpg,0.0,Dog,True
0ce43d202e52fc22,train,https://farm3.staticflickr.com/7490/16292279815_86697ef1b9_o.jpg,https://www.flickr.com/photos/cybercafe/16292279815,https://creativecommons.org/licenses/by/2.0/,https://www.flickr.com/people/cybercafe/,markheybo,Millie & Jewel on Southwold beach (again),106756,IYnRctKAGFbEw2x3nxhjNw==,https://c1.staticflickr.com/8/7490/16292279815_5abccbe483_z.jpg,0.0,Dog,True
36315051730973ba,train,https://c3.staticflickr.com/5/4115/4755082017_7580801519_o.jpg,https://www.flickr.com/photos/26531284@N02/4755082017,https://creativecommons.org/licenses/by/2.0/,https://www.flickr.com/people/26531284@N02/,rickpilot_2000,Pawtuckaway Beekeepers Association Summer picnik 8/23/2008,3018089,rpLK6fN8PlAKIG9KAbFR5Q==,https://c3.staticflickr.com/5/4115/4755082017_19d281611b_z.jpg,0.0,Dog,True
58bf20fe619e2cf8,train,https://c1.staticflickr.com/6/5594/14915527126_9229708f7d_o.jpg,https://www.flickr.com/photos/27295482@N00/14915527126,https://creativecommons.org/licenses/by/2.0/,https://www.flickr.com/people/27295482@N00/,Martha Garvey,Mavis finishing off a strawberry Outshine.  #outshinefruitbars,117853,RWTRhk8mr6blV39S4HzLrg==,https://c8.staticflickr.com/6/5594/14915527126_a39a0cf030_z.jpg,0.0,Dog,True
1f388d7b1f650a13,train,https://farm4.staticflickr.com/4149/5161554434_16900d1665_o.jpg,https://www.flickr.com/photos/turoczy/5161554434,https://creativecommons.org/licenses/by/2.0/,https://www.flickr.com/people/turoczy/,Rick Turoczy,Thanks mailchimp!,85019,qGvhopu4khKEmTPKJhLNcQ==,https://c2.staticflickr.com/5/4149/5161554434_2d54ba63bb_z.jpg,0.0,Dog,True
22cbda63a0d7979b,train,https://c4.staticflickr.com/4/3666/10299481713_1707d92ec0_o.jpg,https://www.flickr.com/photos/tammylo/10299481713/,https://creativecommons.org/licenses/by/2.0/,https://www.flickr.com/people/tammylo/,Tammy Lo,Palace of Versailles,4272219,jNshgOgZasRL6IHs/qI2Kg==,https://c7.staticflickr.com/4/3666/10299481713_d64f37fe76_z.jpg,0.0,Dog,True
7d993438447c6044,train,https://farm5.staticflickr.com/5748/20614626678_33e4ce9593_o.jpg,https://www.flickr.com/photos/amoosefloats/20614626678,https://creativecommons.org/licenses/by/2.0/,https://www.flickr.com/people/amoosefloats/,Steven Schwartz,We have a very immature relationship. #catsofinstagram #caturday,33669,zMNlXsfBxGGCDUKRhpHG7w==,https://c8.staticflickr.com/6/5748/20614626678_88a0e4f7dd_z.jpg,0.0,Dog,True
719ccfc0d26f86af,train,https://c8.staticflickr.com/6/5125/5279594416_62c0dc2e02_o.jpg,https://www.flickr.com/photos/kheelcenter/5279594416,https://creativecommons.org/licenses/by/2.0/,https://www.flickr.com/people/kheelcenter/,Kheel Center,Men sewing by hand and machine in a shop,2297121,aFTD1EwoNGeZs+UhbPKV8w==,https://c6.staticflickr.com/6/5125/5279594416_36761f4d99_z.jpg,0.0,Dog,True
d4c6f278c112ef33,train,https://farm4.staticflickr.com/5321/9891472386_5a176e0361_o.jpg,https://www.flickr.com/photos/aaronpk/9891472386,https://creativecommons.org/licenses/by/2.0/,https://www.flickr.com/people/aaronpk/,Aaron Parecki,2013-09-22 18.12.25.jpg,2428470,/VlxntBqikBnDbme7ha4/Q==,https://c1.staticflickr.com/6/5321/9891472386_a1726e8551_z.jpg,0.0,Dog,True
66e13b0af095130a,train,https://c3.staticflickr.com/1/462/19407702894_e872e332ee_o.jpg,https://www.flickr.com/photos/ephoto/19407702894,https://creativecommons.org/licenses/by/2.0/,https://www.flickr.com/people/ephoto/,E Photos,IMG_3926,613990,JiC79ow3duTpaRAEfDPNqA==,https://c8.staticflickr.com/1/462/19407702894_c7976983de_z.jpg,0.0,Dog,True
7a371e08c1ef849c,train,https://c5.staticflickr.com/4/3055/2595199042_32962dbea7_o.jpg,https://www.flickr.com/photos/27620885@N02/2595199042,https://creativecommons.org/licenses/by/2.0/,https://www.flickr.com/people/27620885@N02/,SOCIALisBETTER,Plushes Cool Monster,13692,4XP6sxQgSk2KwgSPI4ve8A==,,,Dog,True
9c4460435b5fd8c2,train,https://farm3.staticflickr.com/8580/15937044642_73ebd67680_o.jpg,https://www.flickr.com/photos/mattwieve/15937044642,https://creativecommons.org/licenses/by/2.0/,https://www.flickr.com/people/mattwieve/,Matt Wiebe,Winona Adventures,1910084,YCl9MowG6VozvXArQdRlEg==,https://c8.staticflickr.com/9/8580/15937044642_e5181007e7_z.jpg,0.0,Dog,True
bc99371e49590a63,train,https://farm4.staticflickr.com/7410/9092234347_ed784052a7_o.jpg,https://www.flickr.com/photos/discgolfer1138/9092234347,https://creativecommons.org/licenses/by/2.0/,https://www.flickr.com/people/discgolfer1138/,Chad Francis,"hey, let's build a fort!",1633731,n5QSNY0qdkfBKcyPntvJng==,https://c2.staticflickr.com/8/7410/9092234347_d8bdf9a01a_z.jpg,,Dog,True
6c08a50973a4a789,train,https://c2.staticflickr.com/5/4036/4377279599_5ddfedd6f8_o.jpg,https://www.flickr.com/photos/pakaloeff/4377279599,https://creativecommons.org/licenses/by/2.0/,https://www.flickr.com/people/pakaloeff/,Paul Luffel,IMG_1459,1632437,9CHZYS4un5Esc+g81cp0Lw==,https://c4.staticflickr.com/5/4036/4377279599_c50f437828_z.jpg,0.0,Dog,True
8ee230eba8b2a54b,train,https://c4.staticflickr.com/8/7654/16316992983_1759101460_o.jpg,https://www.flickr.com/photos/9334511@N06/16316992983/,https://creativecommons.org/licenses/by/2.0/,https://www.flickr.com/people/9334511@N06/,Canine To Five,DSCF5375,974480,4ZwkNYCfbnQ5k5RwdiStZw==,https://c4.staticflickr.com/8/7654/16316992983_d99343b45e_z.jpg,0.0,Dog,True
06bbaa9815e3f5ed,train,https://c6.staticflickr.com/9/8197/8241270861_5a1191cf3e_o.jpg,https://www.flickr.com/photos/julianortegam/8241270861,https://creativecommons.org/licenses/by/2.0/,https://www.flickr.com/people/julianortegam/,Julián Ortega Martínez,Penélope y Tomás,2184801,2CYwB+66xujNtNNO74in/g==,https://c1.staticflickr.com/9/8197/8241270861_0518096348_z.jpg,0.0,Dog,True
b1eafaaf862ba8d8,train,https://c1.staticflickr.com/3/2239/2250999022_2b26402f50_o.jpg,https://www.flickr.com/photos/publicresourceorg/2250999022/,https://creativecommons.org/licenses/by/2.0/,https://www.flickr.com/people/publicresourceorg/,Public.Resource.Org,pcd1100_IMG0016,1362791,uiDEgB3MPDaeiPRi4AafGw==,https://c8.staticflickr.com/3/2239/2250999022_c15d395585_z.jpg,0.0,Dog,True
8f9bf6bb92892378,train,https://c1.staticflickr.com/5/4031/4630135835_7d681f1601_o.jpg,https://www.flickr.com/photos/stevendepolo/4630135835,https://creativecommons.org/licenses/by/2.0/,https://www.flickr.com/people/stevendepolo/,Steven Depolo,"Stamp Out Stigma Grand Rapids May 22, 201010",852875,/FiLkEg/Px5LPfqsQYxI1w==,https://c3.staticflickr.com/5/4031/4630135835_31072c3fa3_z.jpg,,Dog,True
9b51ab8894f86c5f,train,https://c8.staticflickr.com/6/5056/5524076339_63f6d21852_o.jpg,https://www.flickr.com/photos/dwhartwig/5524076339,https://creativecommons.org/licenses/by/2.0/,https://www.flickr.com/people/dwhartwig/,Daniel Hartwig,043,3250181,Q3Ab63+1XmzZhZFIPaeDFg==,https://c6.staticflickr.com/6/5056/5524076339_a6d7333f8e_z.jpg,0.0,Dog,True
ebd89d6a96730f32,train,https://farm3.staticflickr.com/512/18517691801_936a0e59d3_o.jpg,https://flickr.com/48528521@N06/18517691801,https://creativecommons.org/licenses/by/2.0/,https://www.flickr.com/people/twinx_doggies/,Twinkle Enyong,Lemme kiss ya □□□ #MaxShihTzu #shihtzukiss #cute #shihtzu #ShihTzuPhilippines,105622,sS2dn9hcxzXVdX+GKoKXhw==,https://c1.staticflickr.com/1/512/18517691801_8f3d41ab6f_z.jpg,0.0,Dog,True
fab154a6e91c2c44,train,https://farm5.staticflickr.com/3621/3298743422_e01b5b3814_o.jpg,https://www.flickr.com/photos/whitneyinchicago/3298743422,https://creativecommons.org/licenses/by/2.0/,https://www.flickr.com/people/whitneyinchicago/,Whitney,Lincoln Park: North Pond,2738025,Xw6ErvqHlB6WECAVi13dOw==,https://c6.staticflickr.com/4/3621/3298743422_7cbd1b8d53_z.jpg,0.0,Dog,True
8c05d2d437d2ddb3,train,https://farm4.staticflickr.com/4113/4973028711_ebe580245d_o.jpg,https://www.flickr.com/photos/53357045@N02/4973028711,https://creativecommons.org/licenses/by/2.0/,https://www.flickr.com/people/53357045@N02/,Angell Williams,Wolf6,354356,61wvG5rMEJA5lydPOVtFEw==,https://c7.staticflickr.com/5/4113/4973028711_af8911a06b_z.jpg,0.0,Dog,True
53b77bdcb147dd32,train,https://farm3.staticflickr.com/2665/3695265593_38a9666af6_o.jpg,https://www.flickr.com/photos/kingjeorge/3695265593,https://creativecommons.org/licenses/by/2.0/,https://www.flickr.com/people/kingjeorge/,Jeorge Jordan,Untitled,200256,U0hFU5a43t+XAsrnCxSpKg==,https://c1.staticflickr.com/3/2665/3695265593_0de1d5c7cd_z.jpg?zz=1,0.0,Dog,True
0292796441fd0a65,train,https://farm6.staticflickr.com/7160/6623764653_e336205164_o.jpg,https://www.flickr.com/photos/trostle/6623764653,https://creativecommons.org/licenses/by/2.0/,https://www.flickr.com/people/trostle/,Matt Trostle,Rottweiler Running,5487222,d9BT8OENC7kEdRenfteisA==,https://c5.staticflickr.com/8/7160/6623764653_89453858ca_z.jpg,0.0,Dog,True
cd9f19fa10d067c3,train,https://farm4.staticflickr.com/104/296090664_d29a513eea_o.jpg,https://www.flickr.com/photos/bowakon/296090664,https://creativecommons.org/licenses/by/2.0/,https://www.flickr.com/people/bowakon/,Bulaclac Paruparu,Ednalyn and her friends,25640,m6MzV/uLzgbtfZeZ+aqxgA==,,,Dog,True
f55df7113e769dc9,train,https://c2.staticflickr.com/8/7065/6839906330_d88418c0ed_o.jpg,https://www.flickr.com/photos/78428166@N00/6839906330,https://creativecommons.org/licenses/by/2.0/,https://www.flickr.com/people/78428166@N00/,Tony Alter,Cooling Down,4744424,YeHoSHX3CS32H5OYu3VXpg==,https://c8.staticflickr.com/8/7065/6839906330_5037ffd752_z.jpg,0.0,Dog,True
9779e619a3528465,train,https://farm6.staticflickr.com/3789/9781903831_e8abec3f31_o.jpg,https://www.flickr.com/photos/nickimm/9781903831,https://creativecommons.org/licenses/by/2.0/,https://www.flickr.com/people/nickimm/,Nicki Mannix,Untitled,565120,dXP5rLAXlxaD7aqSAT58yQ==,https://c6.staticflickr.com/4/3789/9781903831_4c9442c81e_z.jpg,0.0,Dog,True
4efb36bec1fea2e4,train,https://farm5.staticflickr.com/3689/10528930666_1979f17315_o.jpg,https://www.flickr.com/photos/notionscapital/10528930666,https://creativecommons.org/licenses/by/2.0/,https://www.flickr.com/people/notionscapital/,Mike Licht,Red Sox Fan,4988864,Yb/5Q0qpi7PmOZNc0h+CrA==,https://c5.staticflickr.com/4/3689/10528930666_640095a158_z.jpg,0.0,Dog,True
a96fbd47a400a8ef,train,https://c8.staticflickr.com/3/2362/2238977213_1d21710964_o.jpg,https://www.flickr.com/photos/betsyweber/2238977213,https://creativecommons.org/licenses/by/2.0/,https://www.flickr.com/people/betsyweber/,Betsy Weber,IMG_3819.JPG,205781,ogGWYYQx4ljPKee0GDhIRA==,https://c2.staticflickr.com/3/2362/2238977213_9ebb42c5b4_z.jpg,0.0,Dog,True
82fadd998d36f416,train,https://farm7.staticflickr.com/113/309201338_ecad072cdb_o.jpg,https://www.flickr.com/photos/purpleslog/309201338,https://creativecommons.org/licenses/by/2.0/,https://www.flickr.com/people/purpleslog/,Purple Slog,WAAGR [not GRROW] Fundraiser Announcement - Milwaukee Area,729257,IBvY9RD6X2HraXM7WSfsbg==,https://c2.staticflickr.com/1/113/309201338_ecad072cdb_z.jpg,0.0,Dog,True
ceb3fc077e2174e2,train,https://farm3.staticflickr.com/22/173673545_2a703a0dbc_o.jpg,https://www.flickr.com/photos/animakitty/173673545,https://creativecommons.org/licenses/by/2.0/,https://www.flickr.com/people/animakitty/,animakitty,Wolfpark06 023e,465803,sz3009Dg3BsNQheyzwwoeA==,https://c3.staticflickr.com/1/22/173673545_2a703a0dbc_z.jpg,0.0,Dog,True
d0dbb474eaeaf4ff,train,https://c8.staticflickr.com/7/6062/6059004155_f009683c47_o.jpg,https://www.flickr.com/photos/49889874@N05/6059004155,https://creativecommons.org/licenses/by/2.0/,https://www.flickr.com/people/49889874@N05/,marc falardeau,FIDO WITH RED BALL IN LAKE ONTARIO,300991,tUaIPxXGzvgBTqmMSxDf1w==,https://c6.staticflickr.com/7/6062/6059004155_cf3bd36527_z.jpg,0.0,Dog,True
9c0e07fe6de216f5,train,https://farm6.staticflickr.com/2166/2150097638_1968ae24b3_o.jpg,https://www.flickr.com/photos/compelling/2150097638,https://creativecommons.org/licenses/by/2.0/,https://www.flickr.com/people/compelling/,Compelling Media + Design,Dutch,635426,XMLGBK7DP4SEiSOX1WKoLQ==,https://c2.staticflickr.com/3/2166/2150097638_0d410f00dd_z.jpg?zz=1,0.0,Dog,True
4544fb5518cfbf69,train,https://c2.staticflickr.com/4/3285/2975456329_781b498102_o.jpg,https://www.flickr.com/photos/jblndl/2975456329,https://creativecommons.org/licenses/by/2.0/,https://www.flickr.com/people/jblndl/,Môsieur J. [version 9.1],Untitled,6555178,15tppx/E9zMKleF9OM0p9A==,https://c7.staticflickr.com/4/3285/2975456329_20a4e52779_z.jpg,0.0,Dog,True
1d93fd7fd827eb03,train,https://farm4.staticflickr.com/2055/2066103239_b96da8fe91_o.jpg,https://www.flickr.com/photos/justin/2066103239,https://creativecommons.org/licenses/by/2.0/,https://www.flickr.com/people/justin/,Justin Hall,Pixley leaves her first elevator ride,191804,bCx6MEDBfIGP0nQhINEFvg==,https://c3.staticflickr.com/3/2055/2066103239_b1ce1126f9_z.jpg?zz=1,0.0,Dog,True
859318d24892fcdb,train,https://c4.staticflickr.com/4/3649/3483829893_e654734819_o.jpg,https://www.flickr.com/photos/mikebaird/3483829893,https://creativecommons.org/licenses/by/2.0/,https://www.flickr.com/people/mikebaird/,Mike Baird,"The 65 foot schooner sailing vessel &quot;Ingomar&quot; sunk off Morro Bay, CA and is salvaged here Tuesday 28 April 2009",5296794,k4R2wIPZPcr/lsoaYS+91A==,https://c3.staticflickr.com/4/3649/3483829893_b53123058f_z.jpg,,Dog,True
2cceab3e325f9f46,train,https://farm7.staticflickr.com/1431/873780377_671d5084ae_o.jpg,https://www.flickr.com/photos/toronjazul/873780377,https://creativecommons.org/licenses/by/2.0/,https://www.flickr.com/people/toronjazul/,Jose Antonio Tovar,amamantando chihuahuas,451716,NPlqSmjRlnXgikxBZ1r5Eg==,https://c1.staticflickr.com/2/1431/873780377_681d944c9c_z.jpg,0.0,Dog,True
aea5b0e643f3cb02,train,https://farm3.staticflickr.com/2924/14389297617_636f0bbc44_o.jpg,https://www.flickr.com/photos/archier/14389297617,https://creativecommons.org/licenses/by/2.0/,https://www.flickr.com/people/archier/,Archie,Joey,2185003,fW6PsMs+Ze5lvjO5yJMZww==,https://c7.staticflickr.com/3/2924/14389297617_23b244f417_z.jpg,0.0,Dog,True
09a3e3db603ceed0,train,https://farm1.staticflickr.com/3095/2894709682_8d35547bf7_o.jpg,https://www.flickr.com/photos/laurw/2894709682,https://creativecommons.org/licenses/by/2.0/,https://www.flickr.com/people/laurw/,Laura Nicola,FIGHT!,122328,G42e0CjCSqV1FotNOVqOFQ==,https://c5.staticflickr.com/4/3095/2894709682_352cc7f9af_z.jpg?zz=1,0.0,Dog,True
663145b23980eebb,train,https://c4.staticflickr.com/3/2063/2391242567_e92115a576_o.jpg,https://www.flickr.com/photos/hendry/2391242567,https://creativecommons.org/licenses/by/2.0/,https://www.flickr.com/people/hendry/,Kai Hendry,img_0455.jpg,1175237,L1w+lfEPUlOXuXMUyRG3pg==,https://c5.staticflickr.com/3/2063/2391242567_53531a5396_z.jpg,0.0,Dog,True
f722017f52f619b0,train,https://farm1.staticflickr.com/64/195316401_49f401a1e6_o.jpg,https://www.flickr.com/photos/steve__s/195316401,https://creativecommons.org/licenses/by/2.0/,https://www.flickr.com/people/steve__s/,Steve Starer,Kidsatthefire2,4284844,cLefubx5zbslAxGuWK5DuQ==,https://c2.staticflickr.com/1/64/195316401_49f401a1e6_z.jpg,0.0,Dog,True
342a9d6eede2bb1a,train,https://c3.staticflickr.com/4/3258/2676836258_cd8b308b11_o.jpg,https://www.flickr.com/photos/feelinglistless/2676836258,https://creativecommons.org/licenses/by/2.0/,https://www.flickr.com/people/feelinglistless/,Stuart Ian Burns,85. SuperFanBanana,498068,11vK26OsAfMM4OqfGs90Kw==,https://c2.staticflickr.com/4/3258/2676836258_6e9b8483ef_z.jpg,0.0,Dog,True
6f7c89f6feb3c74c,train,https://c5.staticflickr.com/5/4120/4823049799_0e2e220677_o.jpg,https://www.flickr.com/photos/x1brett/4823049799,https://creativecommons.org/licenses/by/2.0/,https://www.flickr.com/people/x1brett/,brett jordan,Zak & Chris,3396066,N4XytK24Bi3MMEzvrdMJww==,https://c6.staticflickr.com/5/4120/4823049799_5c584afe74_z.jpg,0.0,Dog,True
20187f477762280c,train,https://c5.staticflickr.com/2/1336/868909221_508f94e8a6_o.jpg,https://www.flickr.com/photos/terminalnomadphotograhy/868909221,https://creativecommons.org/licenses/by/2.0/,https://www.flickr.com/people/terminalnomadphotograhy/,Quinn Mattingly,animalfarm,3512032,1m5pQojpKj64h+IZVlMBzw==,https://c5.staticflickr.com/2/1336/868909221_a5b6a2629b_z.jpg,0.0,Dog,True
9c8d1f21a10eabae,train,https://c7.staticflickr.com/8/7406/8723966946_2206e183c8_o.jpg,https://www.flickr.com/photos/70253321@N00/8723966946,https://creativecommons.org/licenses/by/2.0/,https://www.flickr.com/people/70253321@N00/,fugzu,pubblicità,104710,KpMH2d79JovU4XvGmdS4GA==,https://c5.staticflickr.com/8/7406/8723966946_7e5295e745_z.jpg,0.0,Dog,True
2dec7e8089596313,train,https://farm4.staticflickr.com/20/70266683_b68fbc1448_o.jpg,https://www.flickr.com/photos/harry_plotter/70266683,https://creativecommons.org/licenses/by/2.0/,https://www.flickr.com/people/harry_plotter/,Francisco Muñoz,Matilda paseando,374733,YQmzkT5e6KhU9uR021wUeQ==,https://c7.staticflickr.com/1/20/70266683_b68fbc1448_z.jpg?zz=1,0.0,Dog,True
5c25cff8c73adeb2,train,https://farm3.staticflickr.com/3097/2861844310_25d70f1797_o.jpg,https://www.flickr.com/photos/shamesprivacy/2861844310,https://creativecommons.org/licenses/by/2.0/,https://www.flickr.com/people/shamesprivacy/,Krysta,Shetland Sheepdog,240300,kgoH6HicsduXhoVpijaOhg==,https://c8.staticflickr.com/4/3097/2861844310_d71aea0747_z.jpg?zz=1,0.0,Dog,True
8ec8e2b0665f9772,train,https://farm3.staticflickr.com/8507/8547841752_6aef419d1c_o.jpg,https://www.flickr.com/photos/andrea_arden/8547841752,https://creativecommons.org/licenses/by/2.0/,https://www.flickr.com/people/andrea_arden/,Andrea Arden,NYC Dog Trick Training Class,49893,ncAo9bee1h1IEN3UuulmKg==,https://c3.staticflickr.com/9/8507/8547841752_72aa7de08a_z.jpg,0.0,Dog,True
11143feb22db2ff5,train,https://farm6.staticflickr.com/3516/3889904904_a98b1910a9_o.jpg,https://www.flickr.com/photos/hugomineiro/3889904904,https://creativecommons.org/licenses/by/2.0/,https://www.flickr.com/people/hugomineiro/,Hugo Rodrigues,dalmatas,2481111,tHcAjNKUgBOy6vcD+0Y2rg==,https://c2.staticflickr.com/4/3516/3889904904_7bf74ceb80_z.jpg,0.0,Dog,True
cf1d7bd0911e6a8a,train,https://c3.staticflickr.com/4/3343/3497423161_e6d18b226e_o.jpg,https://www.flickr.com/photos/andreagp/3497423161,https://creativecommons.org/licenses/by/2.0/,https://www.flickr.com/people/andreagp/,Andrea Pokrzywinski,IMG_3359.JPG,4051012,Vuaci09+9RQY3lwvVV6fWQ==,https://c1.staticflickr.com/4/3343/3497423161_403c5619f3_z.jpg,0.0,Dog,True
e84c6268176c463c,train,https://c5.staticflickr.com/8/7366/11824787583_3e8c5abb65_o.jpg,https://www.flickr.com/photos/danipilze/11824787583,https://creativecommons.org/licenses/by/2.0/,https://www.flickr.com/people/danipilze/,Daniel Amariles,Piangüita,3470107,PONkn/90KqLxirAZjomeGA==,https://c2.staticflickr.com/8/7366/11824787583_6867d4ca39_z.jpg,0.0,Dog,True
ca5c1750475ea3a5,train,https://farm6.staticflickr.com/5477/12345262524_3d9ef36cf4_o.jpg,https://www.flickr.com/photos/kerotab/12345262524,https://creativecommons.org/licenses/by/2.0/,https://www.flickr.com/people/kerotab/,Kristin,Finally using the rain coat her auntie @eileenr and uncle @acedtect gave her for Xmas!...she hates the rain,135722,yrZ+oMokGJ0AMOu5s/qh8Q==,https://c1.staticflickr.com/6/5477/12345262524_c932594b23_z.jpg,0.0,Dog,True
91435b95f0869a4b,train,https://c4.staticflickr.com/6/5471/11193909755_44a8fb36b7_o.jpg,https://www.flickr.com/photos/tipsfortravellers/11193909755/,https://creativecommons.org/licenses/by/2.0/,https://www.flickr.com/people/tipsfortravellers/,Gary Bembridge,Miami South Beach,7503609,6XqlYlHTzdgUU9veLk+3Cw==,https://c6.staticflickr.com/6/5471/11193909755_811df33456_z.jpg,0.0,Dog,True
f196178f98a11793,train,https://farm4.staticflickr.com/5098/5581600863_0c164cf357_o.jpg,https://www.flickr.com/photos/natelondon/5581600863,https://creativecommons.org/licenses/by/2.0/,https://www.flickr.com/people/natelondon/,Philip Macdonald,Edward. Dereck Jarman. Production stills.,178751,2w2hKnXo8B7dtITjldGr/w==,https://c7.staticflickr.com/6/5098/5581600863_9e980d8ca9_z.jpg,0.0,Dog,True
b798925ea6d118b7,train,https://farm8.staticflickr.com/7516/16038760338_6c15e7b0ed_o.jpg,https://www.flickr.com/photos/kmore/16038760338,https://creativecommons.org/licenses/by/2.0/,https://www.flickr.com/people/kmore/,kerry morrison,Well that didn't take long. She's settled.,158316,jUeZ27yzZ7hqL5ViiE622g==,https://c8.staticflickr.com/8/7516/16038760338_7d1e2274d5_z.jpg,0.0,Dog,True
001aa1409442a07c,train,https://c5.staticflickr.com/8/7459/15870705504_5180d0c1cd_o.jpg,https://www.flickr.com/photos/9334511@N06/15870705504,https://creativecommons.org/licenses/by/2.0/,https://www.flickr.com/people/9334511@N06/,Canine To Five,DSCF6007,1095075,khJTCQCg4dSLsQzVFJrbbA==,https://c4.staticflickr.com/8/7459/15870705504_f98b444165_z.jpg,0.0,Dog,True
aa635ae83706de6e,train,https://c7.staticflickr.com/5/4104/5056131798_9fef819f36_o.jpg,https://www.flickr.com/photos/mclaineisabella/5056131798,https://creativecommons.org/licenses/by/2.0/,https://www.flickr.com/people/mclaineisabella/,m-a-c,God Of Wonders Beyond Our Galaxy - - -,2005669,MaGals8Pkt9pPPEFO2tLHw==,https://c3.staticflickr.com/5/4104/5056131798_33deecdd99_z.jpg,0.0,Dog,True
afa1754165fb072f,train,https://c8.staticflickr.com/8/7630/16551105534_54035a88da_o.jpg,https://www.flickr.com/photos/donnieray/16551105534,https://creativecommons.org/licenses/by/2.0/,https://www.flickr.com/people/donnieray/,Donnie Ray Jones,Sage in the Grass,2255900,eySdvCcf62V12lYPqQoj4Q==,https://c5.staticflickr.com/8/7630/16551105534_06166a71f6_z.jpg,0.0,Dog,True
b5a0fdba29997d67,train,https://farm8.staticflickr.com/2787/4338552368_25f6613a87_o.jpg,https://www.flickr.com/photos/fofie57/4338552368,https://creativecommons.org/licenses/by/2.0/,https://www.flickr.com/people/fofie57/,Sophie,escorte,434824,3ebOURHZ5ChuBAucd92p3Q==,https://c6.staticflickr.com/3/2787/4338552368_722a793561_z.jpg?zz=1,0.0,Dog,True
a24bac7055419205,train,https://farm6.staticflickr.com/7226/7277862188_df2b1630bc_o.jpg,https://www.flickr.com/photos/mdalmuld/7277862188,https://creativecommons.org/licenses/by/2.0/,https://www.flickr.com/people/mdalmuld/,Marc Dalmulder,The Old Lady,1638829,QM1Em16eJWY+IYKzmocfeg==,https://c8.staticflickr.com/8/7226/7277862188_925bca8a11_z.jpg,0.0,Dog,True
cb3ffa55797f8cf3,train,https://farm4.staticflickr.com/170/445247990_9967caefb9_o.jpg,https://www.flickr.com/photos/chapter3/445247990,https://creativecommons.org/licenses/by/2.0/,https://www.flickr.com/people/chapter3/,Jens karlsson,_MG_0693,325299,OZ399Od4y/EeUSooYoHtuw==,https://c2.staticflickr.com/1/170/445247990_6c24cd21e5_z.jpg,270.0,Dog,True
7008874737cab211,train,https://farm2.staticflickr.com/157/336324873_aec8094eeb_o.jpg,https://www.flickr.com/photos/missfitz/336324873,https://creativecommons.org/licenses/by/2.0/,https://www.flickr.com/people/missfitz/,missfitzphotos,Sam and Santa,213428,b66PWocSYSV3Ac3A19EXcw==,https://c1.staticflickr.com/1/157/336324873_aec8094eeb_z.jpg?zz=1,0.0,Dog,True
38dff244fa7f1c2b,train,https://c4.staticflickr.com/3/2446/4192778942_98c0454f95_o.jpg,https://www.flickr.com/photos/jonmelsa/4192778942,https://creativecommons.org/licenses/by/2.0/,https://www.flickr.com/people/jonmelsa/,Jon-Eric Melsæter,Exciting!,531422,q5bP2PTpseTwO227kWwD5A==,https://c1.staticflickr.com/3/2446/4192778942_398cc1c465_z.jpg,0.0,Dog,True
17d911fd32e53f74,train,https://farm5.staticflickr.com/8167/7154843589_9a7df3f022_o.jpg,https://www.flickr.com/photos/carondulais/7154843589,https://creativecommons.org/licenses/by/2.0/,https://www.flickr.com/people/carondulais/,que ondà/microonda,.,4927054,+h6AuD07cEylQ3DVKpHTGg==,https://c1.staticflickr.com/9/8167/7154843589_c0b2f86892_z.jpg,0.0,Dog,True
3d3e593e9b7e166c,train,https://c5.staticflickr.com/4/3170/3522849769_d58793a265_o.jpg,https://www.flickr.com/photos/uniform-studio/3522849769,https://creativecommons.org/licenses/by/2.0/,https://www.flickr.com/people/uniform-studio/,Martha W McQuade,fritz joins bench monday,2789855,QIjorPXYw1M6Ei7hXwGbsQ==,https://c6.staticflickr.com/4/3170/3522849769_16149192e6_z.jpg,0.0,Dog,True
f27bfcb6110731f7,train,https://farm8.staticflickr.com/5723/21169733203_4bc922c551_o.jpg,https://www.flickr.com/photos/bluespringsfordparts/21169733203,https://creativecommons.org/licenses/by/2.0/,https://www.flickr.com/people/bluespringsfordparts/,Kyle Harris,Did you buy your Ford from a dealer or a private seller?,135319,H+sNkVjVUSLPOXw9IwNO6A==,https://c4.staticflickr.com/6/5723/21169733203_dbacc3fcfc_z.jpg,0.0,Dog,True
9a0cdc7c03bdd168,train,https://c1.staticflickr.com/4/3032/2867323120_c43a2458e6_o.jpg,https://www.flickr.com/photos/oakleyoriginals/2867323120,https://creativecommons.org/licenses/by/2.0/,https://www.flickr.com/people/oakleyoriginals/,OakleyOriginals,Slobber Kong,1589385,AP61Vicv37lZaV0RlbkGwQ==,https://c1.staticflickr.com/4/3032/2867323120_224792d8d9_z.jpg,0.0,Dog,True
c2c6b5cc8f100d9d,train,https://c6.staticflickr.com/8/7567/15787521667_24bde4b1c1_o.jpg,https://www.flickr.com/photos/rikkis_refuge/15787521667,https://creativecommons.org/licenses/by/2.0/,https://www.flickr.com/people/rikkis_refuge/,Rikki&#x27;s  Refuge,Opie between Santa's boots.,50840,weZ7BLbQqAhyFoMRhuOIhw==,https://c8.staticflickr.com/8/7567/15787521667_2857651df6_z.jpg,0.0,Dog,True
a1a722d106db70a7,train,https://farm8.staticflickr.com/4139/4776881568_a664432191_o.jpg,https://www.flickr.com/photos/elsie/4776881568,https://creativecommons.org/licenses/by/2.0/,https://www.flickr.com/people/elsie/,Les Chatfield,I am going to photography you. . .,6371731,Ax7+CcOnZTYKu4R6FqOt9w==,https://c8.staticflickr.com/5/4139/4776881568_1b2fdf5569_z.jpg,0.0,Dog,True
57873ad69ed7024f,train,https://c8.staticflickr.com/9/8186/8376545760_db26feec9c_o.jpg,https://www.flickr.com/photos/jimmybenson/8376545760,https://creativecommons.org/licenses/by/2.0/,https://www.flickr.com/people/jimmybenson/,Jan-Willem Reusink,Mayco Wolfskin :),1182517,PPZ4K6aQQaaS95aVzuqu1w==,https://c8.staticflickr.com/9/8186/8376545760_09701cb3d2_z.jpg,0.0,Dog,True
7e72cf9a5323dd7c,train,https://c5.staticflickr.com/1/7/7370057_7584f85253_o.jpg,https://www.flickr.com/photos/spigoo/7370057,https://creativecommons.org/licenses/by/2.0/,https://www.flickr.com/people/spigoo/,André Mouraux,Suhi in the snow,384741,UexkcBoOPPtiE7mkY5Ms8A==,https://c7.staticflickr.com/1/7/7370057_273f51e5cc_z.jpg,0.0,Dog,True
c496a745c05e16df,train,https://c8.staticflickr.com/4/3944/15482147040_ba460e9e08_o.jpg,https://www.flickr.com/photos/9334511@N06/15482147040/,https://creativecommons.org/licenses/by/2.0/,https://www.flickr.com/people/9334511@N06/,Canine To Five,DSCF9568,5972192,i0Ewaxlua/Dydu95ujmV+g==,https://c1.staticflickr.com/4/3944/15482147040_365fcbe311_z.jpg,0.0,Dog,True
f5a218c9db562827,train,https://farm8.staticflickr.com/3791/11589641396_e62c5a78c3_o.jpg,https://www.flickr.com/photos/laganart/11589641396,https://creativecommons.org/licenses/by/2.0/,https://www.flickr.com/people/laganart/,io. Lagana,Grizmo dog,3971884,6lXS1x2ZLA9NdGaPNgz31A==,https://c5.staticflickr.com/4/3791/11589641396_b5e112d316_z.jpg,0.0,Dog,True
af11f6eeb3d1b616,train,https://farm7.staticflickr.com/5303/5629003958_bc46350afa_o.jpg,https://www.flickr.com/photos/hankzby/5629003958,https://creativecommons.org/licenses/by/2.0/,https://www.flickr.com/people/hankzby/,Henry Zbyszynski,Nothing is practiced,1602879,TcMQdC7RTM2JnD5TPyvyHg==,https://c7.staticflickr.com/6/5303/5629003958_3fbb5c37b7_z.jpg,0.0,Dog,True
8c6c9f0cdbc27c56,train,https://farm7.staticflickr.com/5601/15466292088_063be88443_o.jpg,https://www.flickr.com/photos/bezalel_bc/15466292088,https://creativecommons.org/licenses/by/2.0/,https://www.flickr.com/people/bezalel_bc/,Bezalel Ben-Chaim,"Tel-Aviv, Oct. '14",1555151,0XnZRhUToUY8iArFBDTfgg==,https://c4.staticflickr.com/6/5601/15466292088_8f2b417edc_z.jpg,,Dog,True
239a989ef66496c3,train,https://farm4.staticflickr.com/3905/14922584459_db0380aed6_o.jpg,https://www.flickr.com/photos/ken_mayer/14922584459,https://creativecommons.org/licenses/by/2.0/,https://www.flickr.com/people/ken_mayer/,Ken Mayer,Chisel Branch campsite,2170054,lW80foGhNtMXzyoSxIWe/g==,https://c5.staticflickr.com/4/3905/14922584459_1d2386bf68_z.jpg,0.0,Dog,True
369fc1668e9dc7d7,train,https://farm8.staticflickr.com/3743/10501654155_1515c62045_o.jpg,https://www.flickr.com/photos/deel/10501654155,https://creativecommons.org/licenses/by/2.0/,https://www.flickr.com/people/deel/,dee &amp; tula monstah,#lost kitty in da hood,430742,UepoTj8LIDP/wV4DZOPTyQ==,https://c2.staticflickr.com/4/3743/10501654155_b0a249fc58_z.jpg,0.0,Dog,True
2d2357eb60c221e7,train,https://farm8.staticflickr.com/1204/5099503721_f91f0e7453_o.jpg,https://www.flickr.com/photos/ky_olsen/5099503721,https://creativecommons.org/licenses/by/2.0/,https://www.flickr.com/people/ky_olsen/,Ky,Listening to me practice 1,62911,Ch1KBEb41E4JAQW3y+OJiA==,https://c5.staticflickr.com/2/1204/5099503721_5df4064d91_z.jpg,0.0,Dog,True
9649a6437706fdc0,train,https://farm1.staticflickr.com/164/380256605_31a25bc92b_o.jpg,https://www.flickr.com/photos/jurvetson/380256605,https://creativecommons.org/licenses/by/2.0/,https://www.flickr.com/people/jurvetson/,Steve Jurvetson,Magic Mush,4470425,RF1EMF0Y3a6rxLFQVy+yiQ==,https://c7.staticflickr.com/1/164/380256605_31a25bc92b_z.jpg,0.0,Dog,True
d8039ca7439cb4ad,train,https://c6.staticflickr.com/7/6094/6300785660_2e52d04191_o.jpg,https://www.flickr.com/photos/lindatrawnik/6300785660,https://creativecommons.org/licenses/by/2.0/,https://www.flickr.com/people/lindatrawnik/,kinwart,Pirate two,1132332,uDXqjzeRdLTgi5GeBsPreA==,https://c8.staticflickr.com/7/6094/6300785660_61d5f5c221_z.jpg,0.0,Dog,True
e93d45406a7b5653,train,https://farm4.staticflickr.com/3285/2857719378_4edec53097_o.jpg,https://www.flickr.com/photos/golf_pictures/2857719378,https://creativecommons.org/licenses/by/2.0/,https://www.flickr.com/people/golf_pictures/,Dan Perry,"The Bog Golf Course, Saukville, Wisconsin",655174,xLktDA3/yyNQb74MCn4NIQ==,https://c1.staticflickr.com/4/3285/2857719378_8fef9f28ec_z.jpg,,Dog,True
1e97938958454664,train,https://farm5.staticflickr.com/3022/5815242706_ed99a66446_o.jpg,https://www.flickr.com/photos/lilshepherd/5815242706/,https://creativecommons.org/licenses/by/2.0/,https://www.flickr.com/people/lilshepherd/,Lil Shepherd,In the Pink,997423,wOhmqHDZ66EoT6zSv88eAw==,https://c1.staticflickr.com/4/3022/5815242706_9295eb4541_z.jpg,0.0,Dog,True
3ae7dd36725b5756,train,https://farm7.staticflickr.com/7302/16487709835_03d62708c5_o.jpg,https://www.flickr.com/photos/phylevn/16487709835,https://creativecommons.org/licenses/by/2.0/,https://www.flickr.com/people/phylevn/,phylevn,DSC_0101_2,5392233,W9LLguynr9VEie47FHGcvw==,https://c6.staticflickr.com/8/7302/16487709835_5e7c5c0ee3_z.jpg,0.0,Dog,True
9060e90aed13e926,train,https://farm7.staticflickr.com/8458/8003598953_03eb5cf481_o.jpg,https://www.flickr.com/photos/andrea_arden/8003598953,https://creativecommons.org/licenses/by/2.0/,https://www.flickr.com/people/andrea_arden/,Andrea Arden,Boykin Spaniel,128972,BiZpSH6E+gUeTPFgEStrYw==,https://c1.staticflickr.com/9/8458/8003598953_c3e9f3c311_z.jpg,0.0,Dog,True
79f63ded39f3d248,train,https://c1.staticflickr.com/1/222/518348388_d70f3ce77f_o.jpg,https://www.flickr.com/photos/lesphotosdejerome/518348388,https://creativecommons.org/licenses/by/2.0/,https://www.flickr.com/people/lesphotosdejerome/,Jérôme Decq,"Oops, c'est l'arbre en arriere-plan qui est net... :(",2562353,Rm6pMTKAvzHf/bZbU0m9ZQ==,https://c7.staticflickr.com/1/222/518348388_3407071b90_z.jpg,,Dog,True
8b9460cced29b2f0,train,https://farm1.staticflickr.com/2524/3682423668_bab837c05f_o.jpg,https://www.flickr.com/photos/afropicmusing/3682423668,https://creativecommons.org/licenses/by/2.0/,https://www.flickr.com/people/afropicmusing/,afromusing,Scowling cat?,2863467,fOHL00LcSGU7ZjM3+o6soQ==,https://c1.staticflickr.com/3/2524/3682423668_a6d97f702b_z.jpg,0.0,Dog,True
079a868609128ea2,train,https://farm3.staticflickr.com/5216/5389248427_d6aaf6fc2b_o.jpg,https://www.flickr.com/photos/dlytle/5389248427,https://creativecommons.org/licenses/by/2.0/,https://www.flickr.com/people/dlytle/,davitydave,Meanwhile On Muni,912996,Ernt3FicwMsthSID9Dct6w==,https://c5.staticflickr.com/6/5216/5389248427_f04b053c96_z.jpg,0.0,Dog,True
2e61d3a01eaac424,train,https://farm5.staticflickr.com/7387/9717070866_4c4b71958c_o.jpg,https://www.flickr.com/photos/ileohidalgo/9717070866,https://creativecommons.org/licenses/by/2.0/,https://www.flickr.com/people/ileohidalgo/,Leo Hidalgo,Pitia deportista,414395,F5zYXqGeS3SiBLTirftv1g==,https://c5.staticflickr.com/8/7387/9717070866_413ab9ef2a_z.jpg,0.0,Dog,True
2a7032b975452391,train,https://farm2.staticflickr.com/3825/9218135013_85608a7ca5_o.jpg,https://www.flickr.com/photos/stevendepolo/9218135013,https://creativecommons.org/licenses/by/2.0/,https://www.flickr.com/people/stevendepolo/,Steven Depolo,Puppy Eyes Independence Day Parade,412335,JcQEXvjMq3BEZr1NFvvfWQ==,https://c8.staticflickr.com/4/3825/9218135013_3f71b68c5a_z.jpg,0.0,Dog,True
c0386d0eb35bc8c1,train,https://farm2.staticflickr.com/1401/796128939_8c0c0837a3_o.jpg,https://www.flickr.com/photos/chleong/796128939,https://creativecommons.org/licenses/by/2.0/,https://www.flickr.com/people/chleong/,chee.hong,Old China Cafe,4908357,OfVmzP1SRGZlTenzSV6pvg==,https://c7.staticflickr.com/2/1401/796128939_690a2eb879_z.jpg,0.0,Dog,True
84a1f59e5ca69ccd,train,https://c6.staticflickr.com/1/218/456937112_ee371e4f62_o.jpg,https://www.flickr.com/photos/andrea29/456937112,https://creativecommons.org/licenses/by/2.0/,https://www.flickr.com/people/andrea29/,Andréa,Bessie,21259,OHK0mW9LXFt8TIw5mom8lw==,,,Dog,True
d8760dc5b7d77d15,train,https://farm6.staticflickr.com/8882/18233483809_50385cdc36_o.jpg,https://www.flickr.com/photos/lulu_sunset/18233483809,https://creativecommons.org/licenses/by/2.0/,https://www.flickr.com/people/lulu_sunset/,Lulu_Sunset,Frodo and Joe ♥,2016736,EnZZRVnufSMzKmyTRbGuWQ==,https://c2.staticflickr.com/9/8882/18233483809_3a0dfbb5c7_z.jpg,270.0,Dog,True
37ac0d81585737a0,train,https://farm1.staticflickr.com/4086/5041989763_4c62764077_o.jpg,https://www.flickr.com/photos/msk/5041989763,https://creativecommons.org/licenses/by/2.0/,https://www.flickr.com/people/msk/,msk,_MG_4682,4114440,UuAVhgpadB8JJIxM2T+l1g==,https://c2.staticflickr.com/5/4086/5041989763_b637785235_z.jpg,0.0,Dog,True
14f0d9795e7b522d,train,https://c6.staticflickr.com/6/5247/5237721627_3cb8fbf992_o.jpg,https://www.flickr.com/photos/betsssssy/5237721627,https://creativecommons.org/licenses/by/2.0/,https://www.flickr.com/people/betsssssy/,Betsssssy,Munchie,442321,xoDAgOha9/3nxGQFdpZ5rw==,https://c8.staticflickr.com/6/5247/5237721627_f693280381_z.jpg,0.0,Dog,True
4af310d338963d74,train,https://farm5.staticflickr.com/5209/5238658700_7849b0cd5d_o.jpg,https://www.flickr.com/photos/magharebia/5238658700,https://creativecommons.org/licenses/by/2.0/,https://www.flickr.com/people/magharebia/,Magharebia,101203 Festival celebrates traditional Tunisian cuisine | مهرجان بومرداس يحتفل بالمطبخ التونسي التقليدي  | Un festival célèbre la tradition culinaire tunisienne,2314561,JmfbRLql3m5fMJMFnlJvIQ==,https://c6.staticflickr.com/6/5209/5238658700_bfb71f7514_z.jpg,0.0,Dog,True
b6ca494253309047,train,https://farm8.staticflickr.com/7707/17455175942_494a62fc32_o.jpg,https://www.flickr.com/photos/y_ogagaga/17455175942,https://creativecommons.org/licenses/by/2.0/,https://www.flickr.com/people/y_ogagaga/,y_ogagaga,すべての写真-55,1146525,7X9JNLwADpsj+sL9sFpyZw==,https://c4.staticflickr.com/8/7707/17455175942_744cb9e209_z.jpg,0.0,Dog,True
224c4d4bbc3b61b1,train,https://farm2.staticflickr.com/8223/8268524784_2bdc3016a6_o.jpg,https://www.flickr.com/photos/tahini/8268524784,https://creativecommons.org/licenses/by/2.0/,https://www.flickr.com/people/tahini/,Mr Thinktank,DSCF4496,487159,x0A4mWhwdf4CxKWl+ark3w==,https://c3.staticflickr.com/9/8223/8268524784_4ce8f94244_z.jpg,0.0,Dog,True
f657074eee377b42,train,https://farm3.staticflickr.com/4022/4278880881_be9567af7e_o.jpg,https://www.flickr.com/photos/zolliker/4278880881,https://creativecommons.org/licenses/by/2.0/,https://www.flickr.com/people/zolliker/,J.S. Zolliker,IMG Ramiro Labesti Acopro en su mejor pose,55224,PVT7FkIYIJwDteUkALz0lg==,,,Dog,True
da5d35095db6dee5,train,https://farm6.staticflickr.com/5596/15092232586_875db2a1f2_o.jpg,https://www.flickr.com/photos/70253321@N00/15092232586,https://creativecommons.org/licenses/by/2.0/,https://www.flickr.com/people/70253321@N00/,fugzu,Margot & Nirvana,239778,hl1h19W1WZIKzXA2VpJU/A==,https://c8.staticflickr.com/6/5596/15092232586_cc43b886a1_z.jpg,0.0,Dog,True
0a1d752b2a0789b9,train,https://c2.staticflickr.com/1/154/419903564_dd90d86cb2_o.jpg,https://www.flickr.com/photos/noe0712/419903564,https://creativecommons.org/licenses/by/2.0/,https://www.flickr.com/people/noe0712/,noe**,meets you,479170,9FSVGW/8lR4UhlDRa1/2GA==,https://c2.staticflickr.com/1/154/419903564_829b51027e_z.jpg?zz=1,0.0,Dog,True
ffc1cb01ac63e2fa,train,https://c3.staticflickr.com/4/3586/3305383232_a6d86aaf01_o.jpg,https://www.flickr.com/photos/sidewalk_flying/3305383232,https://creativecommons.org/licenses/by/2.0/,https://www.flickr.com/people/sidewalk_flying/,Seth Sawyers,"Apartment still life, I guess",6745334,/mN4RGOX1B663X+lCCm45Q==,https://c5.staticflickr.com/4/3586/3305383232_0d112f726f_z.jpg,,Dog,True
1cb8c30b5869f192,train,https://farm3.staticflickr.com/625/21343633601_502ff73b6e_o.jpg,https://www.flickr.com/photos/onepointfour/21343633601,https://creativecommons.org/licenses/by/2.0/,https://www.flickr.com/people/onepointfour/,Dustin Gaffke,Focus Tracking Test,1883763,YSH/rqH6IjKpyCFnMSlM6Q==,https://c7.staticflickr.com/1/625/21343633601_731b759042_z.jpg,0.0,Dog,True
deed4f76a58816d2,train,https://farm3.staticflickr.com/3379/3572401338_faceb6a484_o.jpg,https://www.flickr.com/photos/twodolla/3572401338,https://creativecommons.org/licenses/by/2.0/,https://www.flickr.com/people/twodolla/,Wendy Berry,One Sassy Pickle,447377,/bJTmij6Q2dfaUJZHtV2Vg==,https://c1.staticflickr.com/4/3379/3572401338_3b18337d13_z.jpg,0.0,Dog,True
436365d81d32b421,train,https://farm2.staticflickr.com/8481/8233135040_ce709bc09e_o.jpg,https://www.flickr.com/photos/jnissa/8233135040,https://creativecommons.org/licenses/by/2.0/,https://www.flickr.com/people/jnissa/,Jocelyn Saurini,Untitled,2128983,VGPkuS6b1PSq3By4JhJwDA==,https://c3.staticflickr.com/9/8481/8233135040_fc587b35ce_z.jpg,0.0,Dog,True
e1aba6d30fe5f2d7,train,https://farm8.staticflickr.com/2922/14457098486_65d6f138ed_o.jpg,https://www.flickr.com/photos/uncloned/14457098486,https://creativecommons.org/licenses/by/2.0/,https://www.flickr.com/people/uncloned/,Tobias Scheck,lazy sunday,933641,c6L3SfR3FhhHbxZV4zLk7g==,https://c8.staticflickr.com/3/2922/14457098486_2654f66536_z.jpg,0.0,Dog,True
274d472661e71be0,train,https://farm1.staticflickr.com/38/87453523_50cc196fd8_o.jpg,https://www.flickr.com/photos/ktylerconk/87453523,https://creativecommons.org/licenses/by/2.0/,https://www.flickr.com/people/ktylerconk/,Kathleen Tyler Conklin,Duke Murphy,1618366,OHSgslm6NNKsPjE7E6U/1Q==,https://c8.staticflickr.com/1/38/87453523_50cc196fd8_z.jpg,0.0,Dog,True
9e097f431b24464f,train,https://c8.staticflickr.com/5/4003/5080567233_eba33abae2_o.jpg,https://www.flickr.com/photos/eoinlane/5080567233,https://creativecommons.org/licenses/by/2.0/,https://www.flickr.com/people/eoinlane/,Jelly Dude,Nap time,5687646,x6ko/Ue9CybJVp8QqJWfKQ==,https://c4.staticflickr.com/5/4003/5080567233_f2422a3fee_z.jpg,0.0,Dog,True
6521a1275ce4a51f,train,https://c8.staticflickr.com/9/8326/8108091700_cbac51efaf_o.jpg,https://www.flickr.com/photos/petsadviser-pix/8108091700,https://creativecommons.org/licenses/by/2.0/,https://www.flickr.com/people/petsadviser-pix/,Petful,Dog martini costume for Halloween,303485,naaGBiQ8NgcMgd79q4VsIw==,https://c6.staticflickr.com/9/8326/8108091700_5c816f1588_z.jpg,0.0,Dog,True
75c4d7aff27fd9d5,train,https://farm6.staticflickr.com/3477/3467625382_a5b1a2b044_o.jpg,https://www.flickr.com/photos/isfullofcrap/3467625382,https://creativecommons.org/licenses/by/2.0/,https://www.flickr.com/people/isfullofcrap/,Laurence Simon (Crap Mariner),pookie needed blood,176667,HVVChKPtyso2b+zuvM581g==,https://c2.staticflickr.com/4/3477/3467625382_c2e8289802_z.jpg,0.0,Dog,True
00001bcc92282a38,train,https://c1.staticflickr.com/8/7617/16767947440_68d558453b_o.jpg,https://www.flickr.com/photos/807thpao/16767947440,https://creativecommons.org/licenses/by/2.0/,https://www.flickr.com/people/807thpao/,807th Medical Command (Deployment Support),807th Medical Command 2015 Best Warrior Competition: Day 2,2609239,cV43EAx6RZHVfwjBf8LLLg==,https://c7.staticflickr.com/8/7617/16767947440_25e40faa2b_z.jpg,0.0,Dog,True
d11d416f11f015f0,train,https://farm1.staticflickr.com/7174/6607137751_6b25865644_o.jpg,https://www.flickr.com/photos/x1brett/6607137751,https://creativecommons.org/licenses/by/2.0/,https://www.flickr.com/people/x1brett/,brett jordan,"Brook & Sparky, 27-12-11",2666534,BBJe8Vte+R5hJEB4dDCzQA==,https://c6.staticflickr.com/8/7174/6607137751_b989bdbf9a_z.jpg,,Dog,True
7aac08be509cf69a,train,https://c3.staticflickr.com/1/24/62025139_b814ba58fd_o.jpg,https://www.flickr.com/photos/kylemacdonald/62025139,https://creativecommons.org/licenses/by/2.0/,https://www.flickr.com/people/kylemacdonald/,Kyle MacDonald,bb2,88569,W0Bn6q9oNgplEHSpLWockQ==,https://c2.staticflickr.com/1/24/62025139_b814ba58fd_z.jpg?zz=1,0.0,Dog,True
b15fec60ddddd558,train,https://c1.staticflickr.com/3/2109/1683635071_f77ffc4325_o.jpg,https://www.flickr.com/photos/rtds/1683635071,https://creativecommons.org/licenses/by/2.0/,https://www.flickr.com/people/rtds/,Ruth Temple,Lise-sweater,168177,jkpyR45H63GDJa1QyIQmZA==,https://c2.staticflickr.com/3/2109/1683635071_a949ffe657_z.jpg?zz=1,0.0,Dog,True
008513e705fb1837,train,https://farm8.staticflickr.com/4102/4789586541_41ff574d3e_o.jpg,https://www.flickr.com/photos/bibliodyssey/4789586541,https://creativecommons.org/licenses/by/2.0/,https://www.flickr.com/people/bibliodyssey/,Paul K,Tête de singe à la moustache enrubannée,177829,p5TasbaCbc/89w+V73sIpA==,https://c3.staticflickr.com/5/4102/4789586541_046d1a985c_z.jpg,0.0,Dog,True
f7d1034433594345,train,https://farm6.staticflickr.com/1169/916430542_f00b51a9ac_o.jpg,https://www.flickr.com/photos/ferlinka/916430542,https://creativecommons.org/licenses/by/2.0/,https://www.flickr.com/people/ferlinka/,Deb,Posing in the photo/media area,96525,33uVzbu9DpzdjF18yt6y0A==,,,Dog,True
92685d0bcad32d44,train,https://farm5.staticflickr.com/6189/6109430559_371f399967_o.jpg,https://www.flickr.com/photos/___valibubbl3s/6109430559,https://creativecommons.org/licenses/by/2.0/,https://www.flickr.com/people/___valibubbl3s/,Valentina Sepulveda,'vagabunDog,241947,6zGNxctRAJGacVLJJjv28Q==,https://c5.staticflickr.com/7/6189/6109430559_41169f9ef0_z.jpg,0.0,Dog,True
b002a5f983945648,train,https://c1.staticflickr.com/2/1291/5187722138_b7ca762b51_o.jpg,https://www.flickr.com/photos/_tar0_/5187722138,https://creativecommons.org/licenses/by/2.0/,https://www.flickr.com/people/_tar0_/,Taro the Shiba Inu,taro shiba around tempe: by the railroad bridge that passes over tempe town lake,658940,AVauhNzUmui1UPn9kxmHKA==,https://c1.staticflickr.com/2/1291/5187722138_98313abb6e_z.jpg,0.0,Dog,True
0056aef7e2591355,train,https://farm6.staticflickr.com/6204/6106065859_cc1dfc7998_o.jpg,https://www.flickr.com/photos/biodivlibrary/6106065859,https://creativecommons.org/licenses/by/2.0/,https://www.flickr.com/people/biodivlibrary/,Biodiversity Heritage Library,n25_w1150,253917,3XlTNSzx2rNX6fwSEhDM6g==,https://c5.staticflickr.com/7/6204/6106065859_cc3aeba6e9_z.jpg,0.0,Dog,True
97feca13debafb0c,train,https://c5.staticflickr.com/4/3062/2678371794_fdbdd91568_o.jpg,https://www.flickr.com/photos/stepane/2678371794,https://creativecommons.org/licenses/by/2.0/,https://www.flickr.com/people/stepane/,Stefano Panepinto,.,415392,TK/TAEu+iZDIlF9JzFyaOw==,https://c6.staticflickr.com/4/3062/2678371794_ef655a2d8e_z.jpg,0.0,Dog,True
419fcd87388bc229,train,https://c2.staticflickr.com/7/6084/6022675806_85e934dbc3_o.jpg,https://www.flickr.com/photos/spilt-milk/6022675806,https://creativecommons.org/licenses/by/2.0/,https://www.flickr.com/people/spilt-milk/,yoppy,Untitled,57858,v2bUSz4nFvbN6CTDYJ6phw==,https://c1.staticflickr.com/7/6084/6022675806_bf4722cfdc_z.jpg,0.0,Dog,True
2c734e79f0c49ba2,train,https://farm3.staticflickr.com/7468/16006863206_15804ff7dd_o.jpg,https://www.flickr.com/photos/nonmipensarenuocioallasalute/16006863206,https://creativecommons.org/licenses/by/2.0/,https://www.flickr.com/people/nonmipensarenuocioallasalute/,Mattia Formicola,14dicembre2014_3,11970568,wSkE4pbW8S53HmPrae1mJg==,https://c3.staticflickr.com/8/7468/16006863206_33c4087a4f_z.jpg,0.0,Dog,True
211f40d1ede72fb9,train,https://c2.staticflickr.com/1/53/143387870_25f14c69fb_o.jpg,https://www.flickr.com/photos/greensurvey/143387870,https://creativecommons.org/licenses/by/2.0/,https://www.flickr.com/people/greensurvey/,frontriver,2,41599,J0Eb9cWryFRvqtUmgjqYTg==,https://c4.staticflickr.com/1/53/143387870_25f14c69fb_z.jpg?zz=1,0.0,Dog,True
56668324b75286cc,train,https://c5.staticflickr.com/9/8790/17149358250_681311486a_o.jpg,https://www.flickr.com/photos/jeremylevinedesign/17149358250,https://creativecommons.org/licenses/by/2.0/,https://www.flickr.com/people/jeremylevinedesign/,Jeremy Levine,Manna House by Jeremy Levine Design - Photography by Tom Bonner - Job ID 5947,11892764,vjnSENqqfh3e5oSYWPT8BQ==,https://c8.staticflickr.com/9/8790/17149358250_d1458fe6b4_z.jpg,0.0,Dog,True
08748c18a7f39f1a,train,https://c3.staticflickr.com/4/3888/14671093136_112467033c_o.jpg,https://www.flickr.com/photos/srboisvert/14671093136,https://creativecommons.org/licenses/by/2.0/,https://www.flickr.com/people/srboisvert/,stephen boisvert,Gasteria brevifolia 'variegata' @ Cssgc 2014,2463417,x2OMDWZsb60EpVMdEuVqKw==,https://c3.staticflickr.com/4/3888/14671093136_fbae258839_z.jpg,0.0,Dog,True
60b5cfd5226bb86b,train,https://c4.staticflickr.com/7/6167/6238547565_f9d310f7a3_o.jpg,https://www.flickr.com/photos/78428166@N00/6238547565,https://creativecommons.org/licenses/by/2.0/,https://www.flickr.com/people/78428166@N00/,Tony Alter,Excited To See The Vet,756941,WhIrJM1SQ2sYfEVLYNhK0g==,https://c5.staticflickr.com/7/6167/6238547565_eac3e7e940_z.jpg,0.0,Dog,True
48bcab2b4ca03e45,train,https://farm6.staticflickr.com/7358/13130339974_ce527b8727_o.jpg,https://www.flickr.com/photos/45909111@N00/13130339974,https://creativecommons.org/licenses/by/2.0/,https://www.flickr.com/people/45909111@N00/,Gwydion M. Williams,1234_C050004d,837221,vKV9MSwchIJl5Bhffo4XXQ==,https://c2.staticflickr.com/8/7358/13130339974_04fd404903_z.jpg,0.0,Dog,True
c4ed450a5a1faf52,train,https://farm3.staticflickr.com/3218/2917563603_7c6a19bd17_o.jpg,https://www.flickr.com/photos/ddebold/2917563603,https://creativecommons.org/licenses/by/2.0/,https://www.flickr.com/people/ddebold/,Don DeBold,Wildlife Center of Silicon Valley at the Alum Rock Wildlife Festival,1792588,DX8GuXHk52AIIpHIQWPwtw==,https://c8.staticflickr.com/4/3218/2917563603_cc5496873d_z.jpg,0.0,Dog,True
924f585053daf900,train,https://farm1.staticflickr.com/8581/16106805343_2246b57068_o.jpg,https://www.flickr.com/photos/jedimentat/16106805343,https://creativecommons.org/licenses/by/2.0/,https://www.flickr.com/people/jedimentat/,Jedimentat44,IMG_20150305_140142,1321344,4Zab64StTnh8OneYRGKBUg==,https://c8.staticflickr.com/9/8581/16106805343_a93d795a1d_z.jpg,0.0,Dog,True
0046082265c2139c,train,https://c5.staticflickr.com/8/7395/9289762463_cd1abac585_o.jpg,https://www.flickr.com/photos/see-through-the-eye-of-g/9289762463,https://creativecommons.org/licenses/by/2.0/,https://www.flickr.com/people/see-through-the-eye-of-g/,GollyGforce - Living My Worst Nightmare,Peppy Pepper,3121784,Fg0JMpbZhb4EjTT+WjttSw==,https://c5.staticflickr.com/8/7395/9289762463_fcfb799214_z.jpg,0.0,Dog,True
bf78336e05a4bc6e,train,https://c7.staticflickr.com/6/5159/6904927408_4726146e76_o.jpg,https://www.flickr.com/photos/farewellutopia/6904927408,https://creativecommons.org/licenses/by/2.0/,https://www.flickr.com/people/farewellutopia/,farewellutopia,IMAG0207,1235632,VX0ch7iITGLX/A4WzOEm/w==,https://c5.staticflickr.com/6/5159/6904927408_4578544965_z.jpg,0.0,Dog,True
0eee4ccfefaa6b65,train,https://farm6.staticflickr.com/7086/7239784410_df46d5c4a5_o.jpg,https://www.flickr.com/photos/gotovan/7239784410,https://creativecommons.org/licenses/by/2.0/,https://www.flickr.com/people/gotovan/,GoToVan,Black bears in Whistler Olympic Park,9643657,sWQs+2ZRlzeuld6zYFWjmg==,https://c5.staticflickr.com/8/7086/7239784410_deed71c831_z.jpg,0.0,Dog,True
5b97de6dcdfc507b,train,https://c4.staticflickr.com/4/3728/9141377992_8805ee7975_o.jpg,https://www.flickr.com/photos/sheenajibson/9141377992,https://creativecommons.org/licenses/by/2.0/,https://www.flickr.com/people/sheenajibson/,the little red house,www.inthelittleredhouse.blogspot.com,83887,uXAoYQpoL/ge6nzO+a3wuw==,,,Dog,True
df422c3b9411c0b5,train,https://farm6.staticflickr.com/6001/5912526375_3f2daeb9e7_o.jpg,https://www.flickr.com/photos/zergatikez/5912526375,https://creativecommons.org/licenses/by/2.0/,https://www.flickr.com/people/zergatikez/,Apetitu,Untitled,8543313,pY5c6DADYJHSn9Bta7BQfw==,https://c2.staticflickr.com/7/6001/5912526375_da41646ea6_z.jpg,0.0,Dog,True
0d9bbccad3cd7e6c,train,https://c5.staticflickr.com/6/5512/9497859074_2b90aa9202_o.jpg,https://www.flickr.com/photos/nizam/9497859074,https://creativecommons.org/licenses/by/2.0/,https://www.flickr.com/people/nizam/,Nizam Uddin,Denmark-19,5875983,85AwS0om4c0SJE74IE3Nzg==,https://c3.staticflickr.com/6/5512/9497859074_6103953349_z.jpg,0.0,Dog,True
612135fe1fd92d03,train,https://farm4.staticflickr.com/5530/9267127207_4f3ff76f75_o.jpg,https://www.flickr.com/photos/guangtouren/9267127207,https://creativecommons.org/licenses/by/2.0/,https://www.flickr.com/people/guangtouren/,光头人,DSC_3237,628132,gUH4DexJr+0FdQUsuapxfw==,https://c5.staticflickr.com/6/5530/9267127207_936a9dcd8e_z.jpg,0.0,Dog,True
941c5e59920497d7,train,https://farm8.staticflickr.com/7344/12783337384_ab5e65d08a_o.jpg,https://www.flickr.com/photos/hdport/12783337384,https://creativecommons.org/licenses/by/2.0/,https://www.flickr.com/people/hdport/,Hunter Desportes,P2130333,64652,vehIfhw3Aswm4KM6B+9MQw==,https://c2.staticflickr.com/8/7344/12783337384_b3c95214d5_z.jpg,0.0,Dog,True
8f824c8732245ffd,train,https://c6.staticflickr.com/6/5599/15645585385_d1e9b09e19_o.jpg,https://www.flickr.com/photos/dermotohalloran/15645585385,https://creativecommons.org/licenses/by/2.0/,https://www.flickr.com/people/dermotohalloran/,Dermot O&#x27;Halloran,Connemara Pony Show 2014,823312,38v23rjMBbp/Rr2ig9wwGw==,https://c7.staticflickr.com/6/5599/15645585385_d7a594b121_z.jpg,0.0,Dog,True
a1f66db6aab09a34,train,https://farm5.staticflickr.com/4021/4709833158_e2199ca591_o.jpg,https://www.flickr.com/photos/spiderdog/4709833158,https://creativecommons.org/licenses/by/2.0/,https://www.flickr.com/people/spiderdog/,Spider.Dog,Atreyu - Kerrang Signing Tent,884366,BmBQo23qb8GzPTj65wL9JQ==,https://c3.staticflickr.com/5/4021/4709833158_8acfd453d9_z.jpg,0.0,Dog,True
db2580d9806d6eff,train,https://c8.staticflickr.com/9/8440/7928468290_a5702dee56_o.jpg,https://www.flickr.com/photos/88531234@N00/7928468290,https://creativecommons.org/licenses/by/2.0/,https://www.flickr.com/people/88531234@N00/,contraption,it's a puppy,221202,TlDiklCvOTlIkkYTW4DrsQ==,https://c8.staticflickr.com/9/8440/7928468290_49af7be380_z.jpg,0.0,Dog,True
e9dd41a406eec0d9,train,https://c2.staticflickr.com/4/3025/2414271054_8e8bfeaf59_o.jpg,https://www.flickr.com/photos/francapicc/2414271054,https://creativecommons.org/licenses/by/2.0/,https://www.flickr.com/people/francapicc/,jespahjoy,I am going to be brave......:-)))),1677000,/wPDBcPrZ9Zw8tsAm5Vp6w==,https://c8.staticflickr.com/4/3025/2414271054_317b5bf9a4_z.jpg,0.0,Dog,True
df5ba8710711a311,train,https://farm2.staticflickr.com/32/65190731_7e627d2a5b_o.jpg,https://www.flickr.com/photos/elsie/65190731,https://creativecommons.org/licenses/by/2.0/,https://www.flickr.com/people/elsie/,Les Chatfield,JR off somwhere,243882,w1u45MKOWzYrMwCrC/8zOw==,https://c7.staticflickr.com/1/32/65190731_7e627d2a5b_z.jpg?zz=1,0.0,Dog,True
8189e3b1d33e8878,train,https://c1.staticflickr.com/3/2392/2133956170_a3147bd421_o.jpg,https://www.flickr.com/photos/runneralan/2133956170,https://creativecommons.org/licenses/by/2.0/,https://www.flickr.com/people/runneralan/,Alan Kotok,JohnKidsDog2,261756,1QPWiI46LLHib6a47w62jA==,https://c1.staticflickr.com/3/2392/2133956170_6ea5b7f238_z.jpg?zz=1,0.0,Dog,True
b1dbd3339dcff40a,train,https://c3.staticflickr.com/1/543/18056059253_35b9b01768_o.jpg,https://www.flickr.com/photos/charliecowins/18056059253,https://creativecommons.org/licenses/by/2.0/,https://www.flickr.com/people/charliecowins/,Charlie Cowins,Goat Island dog park,5809188,ScXd8SoT/yWVI5DeQH+Akg==,https://c3.staticflickr.com/1/543/18056059253_70de11bddb_z.jpg,0.0,Dog,True
267c3f6c958ba294,train,https://farm5.staticflickr.com/334/19514870910_3643400e10_o.jpg,https://www.flickr.com/photos/nat507/19514870910,https://creativecommons.org/licenses/by/2.0/,https://www.flickr.com/people/nat507/,Nathan Hughes Hamilton,"Map for &quot;Ghost Train to the Eastern Star&quot;, 2008",205942,S4Ch1eBA/QvdOguSVGcSuw==,https://c2.staticflickr.com/1/334/19514870910_fcbf1bf309_z.jpg,,Sheep,True
0007844dce093b4b,train,https://c4.staticflickr.com/3/2594/3972830691_5f9580311e_o.jpg,https://www.flickr.com/photos/cathshannon/3972830691,https://creativecommons.org/licenses/by/2.0/,https://www.flickr.com/people/cathshannon/,Cath S (sn000py),the business ends........,4919460,3HBjfWh4kAybW6gD9OK9lw==,https://c5.staticflickr.com/3/2594/3972830691_6fcdaa1fa0_z.jpg,0.0,Sheep,True
02b5aed263af8999,train,https://c2.staticflickr.com/6/5443/9219145155_a793cf2c60_o.jpg,https://www.flickr.com/photos/jimmybenson/9219145155,https://creativecommons.org/licenses/by/2.0/,https://www.flickr.com/people/jimmybenson/,Jan-Willem Reusink,get-the-picture,1781844,97Lk/A66BCHyrVChaU3tlg==,https://c1.staticflickr.com/6/5443/9219145155_d00c63cced_z.jpg,0.0,Sheep,True
007d7d5d9748f344,train,https://farm5.staticflickr.com/6064/6058866699_1a3e7b0f81_o.jpg,https://www.flickr.com/photos/deburca/6058866699,https://creativecommons.org/licenses/by/2.0/,https://www.flickr.com/people/deburca/,James Burke,From The Stang towards Lanthwaite and Reeth,4012527,iSW+taEZvdoFOxq7f0k7FQ==,https://c7.staticflickr.com/7/6064/6058866699_791f5f0fe6_z.jpg,0.0,Sheep,True
003498506338ef0a,train,https://c3.staticflickr.com/1/193/495498831_bc75705358_o.jpg,https://www.flickr.com/photos/twon/495498831,https://creativecommons.org/licenses/by/2.0/,https://www.flickr.com/people/twon/,Robert Anthony Provost,Monkey eyes,231742,2HznBPcaJPhCCOhY4Lbgow==,https://c1.staticflickr.com/1/193/495498831_c916238834_z.jpg?zz=1,0.0,Sheep,True
000c034c59effe6d,train,https://c6.staticflickr.com/3/2852/9982669373_c60bac5f1b_o.jpg,https://www.flickr.com/photos/mayanais/9982669373,https://creativecommons.org/licenses/by/2.0/,https://www.flickr.com/people/mayanais/,Maya-Anaïs Yataghène,Japan - Tokyo (Yanaka),3858726,QWig5opWLOdNHBTPKWOOXw==,https://c1.staticflickr.com/3/2852/9982669373_a7b6d3291a_z.jpg,0.0,Sheep,True
6df6bc9e1531e696,train,https://farm7.staticflickr.com/2267/2141776425_14daaf73da_o.jpg,https://www.flickr.com/photos/uriel1998/2141776425,https://creativecommons.org/licenses/by/2.0/,https://www.flickr.com/people/uriel1998/,Steven Saus,2007 Festival of Lights at the Cincinnati Zoo,169829,tdmG0BVd88c/twzSTHQQMQ==,https://c7.staticflickr.com/3/2267/2141776425_9c61b6aae5_z.jpg,0.0,Sheep,True
00b0e12f37878107,train,https://farm8.staticflickr.com/5222/5603537096_19b45c4099_o.jpg,https://www.flickr.com/photos/webtreatsetc/5603537096,https://creativecommons.org/licenses/by/2.0/,https://www.flickr.com/people/webtreatsetc/,webtreats,Black Inlay Crystal Clear Bubble Icons Animals | IconsEtc,35576,joHIXYMU29iCoct4yya/Hw==,https://c5.staticflickr.com/6/5222/5603537096_739d6d2ef0_z.jpg,0.0,Sheep,True
0199a8555299780d,train,https://c6.staticflickr.com/3/2437/3983747996_cc8233349f_o.jpg,https://www.flickr.com/photos/knittingajour/3983747996,https://creativecommons.org/licenses/by/2.0/,https://www.flickr.com/people/knittingajour/,Ballee,sheep from germany,1103944,Ks7KIiW8sPTgu1UBWgXQCA==,https://c7.staticflickr.com/3/2437/3983747996_c091a252cd_z.jpg,0.0,Sheep,True
5cd56e66d03c23ea,train,https://c3.staticflickr.com/3/2919/13938956519_50dd21c0ce_o.jpg,https://www.flickr.com/photos/holmesjr/13938956519,https://creativecommons.org/licenses/by/2.0/,https://www.flickr.com/people/holmesjr/,Holmes Palacios Jr.,A Distant Couple,8220616,xVP040x5+84du7ooef57Iw==,https://c3.staticflickr.com/3/2919/13938956519_576f4d1b9f_z.jpg,0.0,Sheep,True
00acc896b696a522,train,https://farm3.staticflickr.com/8540/8615647538_77328dac65_o.jpg,https://www.flickr.com/photos/netogonzalez/8615647538,https://creativecommons.org/licenses/by/2.0/,https://www.flickr.com/people/netogonzalez/,@N3T1O,A late #DetoxMonday #Sportfit #alivebefit #tuesdayWOD,44738,mNc+BuCBxnuvVg2NPdI7DQ==,https://c8.staticflickr.com/9/8540/8615647538_bb5cb6f6a0_z.jpg,0.0,Sheep,True
00226ef91e0db41f,train,https://c8.staticflickr.com/5/4028/5157383326_933350c873_o.jpg,https://www.flickr.com/photos/soukup/5157383326,https://creativecommons.org/licenses/by/2.0/,https://www.flickr.com/people/soukup/,Martha Soukup,I H8 Crowds,123694,ybFOyMDfgdn/icsyL25EFQ==,https://c4.staticflickr.com/5/4028/5157383326_1fed5d1ab9_z.jpg,0.0,Sheep,True
00fd4ce6505792a0,train,https://farm1.staticflickr.com/3427/3266029739_350b60b150_o.jpg,https://www.flickr.com/photos/dr-chuck/3266029739,https://creativecommons.org/licenses/by/2.0/,https://www.flickr.com/people/dr-chuck/,Charles Severance,Sakaiger with Noah on a Bus to the Airport!,44669,FVaEaVnhMTHzYrrGo77K0A==,https://c2.staticflickr.com/4/3427/3266029739_34bc642869_z.jpg?zz=1,0.0,Sheep,True
02ac5096c2dfb38c,train,https://c5.staticflickr.com/6/5347/7415876188_37d79df0d5_o.jpg,https://www.flickr.com/photos/khalidalbaih/7415876188,https://creativecommons.org/licenses/by/2.0/,https://www.flickr.com/people/khalidalbaih/,Khalid Albaih,الفروق,119879,jx5n3fGpKDXGK2otwRqmwA==,https://c7.staticflickr.com/6/5347/7415876188_2dec7ece48_z.jpg,0.0,Sheep,True
007c51f1389e470e,train,https://c7.staticflickr.com/8/7588/17081456250_437f6c2078_o.jpg,https://www.flickr.com/photos/hugo90/17081456250,https://creativecommons.org/licenses/by/2.0/,https://www.flickr.com/people/hugo90/,JOHN LLOYD,1948 Kaiser,964864,bEN6G56FzHSZsEHprnTQ4A==,https://c3.staticflickr.com/8/7588/17081456250_1571eda80c_z.jpg,0.0,Sheep,True
2aeebd61e6fc8372,train,https://farm3.staticflickr.com/8338/8193231904_10107a47eb_o.jpg,https://www.flickr.com/photos/evidasana/8193231904,https://creativecommons.org/licenses/by/2.0/,https://www.flickr.com/people/evidasana/,eVidaSana.com,08_Fitbit_Zip_Prueba,1311244,BDomOBh3zS2JgJo3lCE7hQ==,https://c3.staticflickr.com/9/8338/8193231904_29696a803f_z.jpg,0.0,Sheep,True
1f8e41d4c4dc95f5,train,https://farm6.staticflickr.com/5524/12214131795_c1f0d4e797_o.jpg,https://www.flickr.com/photos/39908901@N06/12214131795,https://creativecommons.org/licenses/by/2.0/,https://www.flickr.com/people/39908901@N06/,m01229,Bighorn Sheep museum,8472546,HQbqAy8Rxe/pRejpkYHU2g==,https://c1.staticflickr.com/6/5524/12214131795_4639728e8c_z.jpg,0.0,Sheep,True
0141f68b794c2061,train,https://farm2.staticflickr.com/4009/4440624635_cf756df504_o.jpg,https://www.flickr.com/photos/howard_roark/4440624635,https://creativecommons.org/licenses/by/2.0/,https://www.flickr.com/people/howard_roark/,Nagesh Jayaraman,If you keep your feathers well oiled the water of criticism will run off as from a duck's back.,224020,py66BK4ohI4nqBXA78QiwQ==,https://c5.staticflickr.com/5/4009/4440624635_364aa67640_z.jpg?zz=1,0.0,Sheep,True
09dd073f4452cca3,train,https://farm4.staticflickr.com/2551/3925494566_ae6fb3bf39_o.jpg,https://www.flickr.com/photos/state_library_south_australia/3925494566,https://creativecommons.org/licenses/by/2.0/,https://www.flickr.com/people/state_library_south_australia/,State Library of South Australia,Champion Lincoln sheep at the Royal Adelaide Show,206076,BnVCiKCVaXjEjcbju3YaGg==,https://c5.staticflickr.com/3/2551/3925494566_d8013e4351_z.jpg?zz=1,0.0,Sheep,True
0002fcb1597cd9b0,train,https://farm1.staticflickr.com/4144/5029844703_6829cb00f9_o.jpg,https://www.flickr.com/photos/calsidyrose/5029844703,https://creativecommons.org/licenses/by/2.0/,https://www.flickr.com/people/calsidyrose/,Calsidyrose,Red and White States,1518794,5Jhy+zI7Au1iWhQ2VOkXRA==,https://c4.staticflickr.com/5/4144/5029844703_2732f74150_z.jpg,0.0,Sheep,True
0003a1857fd3f45b,train,https://c4.staticflickr.com/3/2310/2454484323_c8217030c1_o.jpg,https://www.flickr.com/photos/29839263@N00/2454484323,https://creativecommons.org/licenses/by/2.0/,https://www.flickr.com/people/29839263@N00/,M-n-M,IMG_5023,846092,bV/Br6P05hCZLHJziK7AcQ==,https://c5.staticflickr.com/3/2310/2454484323_489f23367f_z.jpg,0.0,Sheep,True
0297a094707c5f00,train,https://farm1.staticflickr.com/3617/3320447179_d5855b9fa4_o.jpg,https://www.flickr.com/photos/jolives/3320447179,https://creativecommons.org/licenses/by/2.0/,https://www.flickr.com/people/jolives/,Joel Olives,Liberty,808303,NwhyQT1XsDYtqsWqjtlkOw==,https://c5.staticflickr.com/4/3617/3320447179_b45d494fe4_z.jpg,0.0,Sheep,True
0002258437d3e06b,train,https://c4.staticflickr.com/7/6044/6879399862_ab8857393d_o.jpg,https://www.flickr.com/photos/mwlguide/6879399862,https://creativecommons.org/licenses/by/2.0/,https://www.flickr.com/people/mwlguide/,Joel Dinda,Mick VanVossen_29,2655245,EmBD0chsoW/e4ONMF/d9Fg==,https://c2.staticflickr.com/7/6044/6879399862_ff05d564f6_z.jpg,0.0,Sheep,True
008d637a379d3682,train,https://farm3.staticflickr.com/3637/3493125305_b3d1b019e8_o.jpg,https://www.flickr.com/photos/burnhard/3493125305,https://creativecommons.org/licenses/by/2.0/,https://www.flickr.com/people/burnhard/,BurnHard,IMG_0654,146661,XZfupz/G23OG0LKIZTQHjQ==,https://c1.staticflickr.com/4/3637/3493125305_6f4d167461_z.jpg?zz=1,0.0,Sheep,True
02df0b4aa83e521b,train,https://c4.staticflickr.com/4/3266/2489389536_a475f66920_o.jpg,https://www.flickr.com/photos/yellowbookltd/2489389536,https://creativecommons.org/licenses/by/2.0/,https://www.flickr.com/people/yellowbookltd/,John Lord,Ivy Cottage Lane,149170,ETHqUEngzL2X+zjkkKylOA==,https://c6.staticflickr.com/4/3266/2489389536_cf4e3ac479_z.jpg?zz=1,0.0,Sheep,True
b8ce153a19f8133a,train,https://c3.staticflickr.com/3/2878/9490082070_37cd8ee743_o.jpg,https://www.flickr.com/photos/sonstroem/9490082070,https://creativecommons.org/licenses/by/2.0/,https://www.flickr.com/people/sonstroem/,Eric Sonstroem,Icelandic Sheep,2151048,l4oQMQhnHfbnTekMRkwXwQ==,https://c3.staticflickr.com/3/2878/9490082070_be7f1c7459_z.jpg,0.0,Sheep,True
007eb6fd136f7f6c,train,https://c5.staticflickr.com/9/8668/16743934291_83688a04b7_o.jpg,https://www.flickr.com/photos/jancbeck/16743934291,https://creativecommons.org/licenses/by/2.0/,https://www.flickr.com/people/jancbeck/,Jan Beck,"Lake Titicaca, Bolivia",3337493,DTC9pxw0nRhniJrI/yBQfA==,https://c8.staticflickr.com/9/8668/16743934291_f09b5fa169_z.jpg,,Sheep,True
00834dbb530e2793,train,https://farm4.staticflickr.com/7507/15627220198_0ab69a0eb8_o.jpg,https://www.flickr.com/photos/spilt-milk/15627220198,https://creativecommons.org/licenses/by/2.0/,https://www.flickr.com/people/spilt-milk/,yoppy,Untitled,86426,P9r4WIr9ooeQG3TO7buKAA==,https://c5.staticflickr.com/8/7507/15627220198_d1c4c45468_z.jpg,0.0,Sheep,True
003141c65d57000b,train,https://c4.staticflickr.com/6/5236/7179937246_b700c86ba4_o.jpg,https://www.flickr.com/photos/ruocaled/7179937246,https://creativecommons.org/licenses/by/2.0/,https://www.flickr.com/people/ruocaled/,Ruocaled,_DSC0061,1611161,OL+mxOOaA8Zp7JQxfHSTZA==,https://c6.staticflickr.com/6/5236/7179937246_b83359b5b3_z.jpg,0.0,Sheep,True
0000253ea4ecbf19,train,https://c2.staticflickr.com/5/4091/4981992490_11ef957238_o.jpg,https://www.flickr.com/photos/30486689@N08/4981992490,https://creativecommons.org/licenses/by/2.0/,https://www.flickr.com/people/30486689@N08/,Stephanie Clifford,IMG_7296,2241217,tCwknTDwLUzY8M+6QP+xig==,https://c7.staticflickr.com/5/4091/4981992490_0b883ff258_z.jpg,270.0,Sheep,True
000208a3f3477628,train,https://c1.staticflickr.com/6/5307/5676875503_fcb53a01fc_o.jpg,https://www.flickr.com/photos/85451010@N00/5676875503,https://creativecommons.org/licenses/by/2.0/,https://www.flickr.com/people/85451010@N00/,Bas de Reuver,Paterswoldermeer splash 2 (stereo 3D parallel),2687136,/4Ssp+72NUguNDJzvZYd7g==,https://c8.staticflickr.com/6/5307/5676875503_1f92d1ea1f_z.jpg,0.0,Sheep,True
001448075a41a5fc,train,https://c5.staticflickr.com/4/3845/14965408489_cef9853573_o.jpg,https://www.flickr.com/photos/stevebaty/14965408489,https://creativecommons.org/licenses/by/2.0/,https://www.flickr.com/people/stevebaty/,Steve Baty,Bunny! /cc @wearemeld,102512,jmf2vlEctgnie0bbYNQBSg==,https://c4.staticflickr.com/4/3845/14965408489_d3a0fa132b_z.jpg,0.0,Sheep,True
0026bf8038744abd,train,https://c6.staticflickr.com/1/61/198146842_d4bbda758d_o.jpg,https://www.flickr.com/photos/avinashraj/198146842,https://creativecommons.org/licenses/by/2.0/,https://www.flickr.com/people/avinashraj/,Avinash Raj,infest Stamp,338947,WIMNGlf8i6Y3U/vlyCTDtA==,,,Sheep,True
0017c40998b52f43,train,https://farm4.staticflickr.com/5449/7054020095_253ae45fa8_o.jpg,https://www.flickr.com/photos/smemon/7054020095,https://creativecommons.org/licenses/by/2.0/,https://www.flickr.com/people/smemon/,Sean MacEntee,Dublin Zoo,5635001,B6jmnOxhYeUNArPIheKsuA==,https://c7.staticflickr.com/6/5449/7054020095_a2e0b2d545_z.jpg,0.0,Sheep,True
0a7e55c506ec7cc3,train,https://farm4.staticflickr.com/5221/5696756035_0e8f5ed4e1_o.jpg,https://www.flickr.com/photos/rbh/5696756035/,https://creativecommons.org/licenses/by/2.0/,https://www.flickr.com/people/rbh/,RichardBH,Christmas 1977,1060380,XstEmuF+FlXKhzbhgwxAeQ==,https://c4.staticflickr.com/6/5221/5696756035_b84746c3cb_z.jpg,0.0,Sheep,True
0008ea12d9ae2521,train,https://farm2.staticflickr.com/6122/5920718457_c02ca96d20_o.jpg,https://www.flickr.com/photos/ashkan-kankash/5920718457,https://creativecommons.org/licenses/by/2.0/,https://www.flickr.com/people/ashkan-kankash/,Ashkan,Bearded Vulture-Eagle Statue/Pillar,643344,kjuB3y+lYVQ/5DffhD2OOg==,https://c5.staticflickr.com/7/6122/5920718457_d0b8d1d761_z.jpg,0.0,Sheep,True
011c6425c03d027c,train,https://c5.staticflickr.com/4/3011/2695216508_009c1d7ddc_o.jpg,https://www.flickr.com/photos/wm_archiv/2695216508,https://creativecommons.org/licenses/by/2.0/,https://www.flickr.com/people/wm_archiv/,Allie_Caulfield,2007-03-24 04-01 Cloppenburg 032 Tierpark Thüle,3293589,zlrG1qD77KPTGNo9x427DA==,https://c3.staticflickr.com/4/3011/2695216508_fd4c9d25f0_z.jpg,0.0,Sheep,True
5deea35ee684de77,train,https://farm8.staticflickr.com/7025/6650033243_59a4064464_o.jpg,https://www.flickr.com/photos/brenbot/6650033243,https://creativecommons.org/licenses/by/2.0/,https://www.flickr.com/people/brenbot/,Brenna,I drove by the alpaca farm on the way home just because I felt like smiling.,125861,8LnEBEz2RlP8PU/kq1CPcA==,https://c2.staticflickr.com/8/7025/6650033243_b314ae08ac_z.jpg,0.0,Sheep,True
005314efa2ec21af,train,https://c8.staticflickr.com/1/143/404847368_02819046a6_o.jpg,https://www.flickr.com/photos/18534063@N00/404847368,https://creativecommons.org/licenses/by/2.0/,https://www.flickr.com/people/18534063@N00/,Phil Darnell,Jack Danials in Snow 2,337999,Cq6D4KcBviMRwiMR/KDzCw==,https://c8.staticflickr.com/1/143/404847368_02819046a6_z.jpg,0.0,Sheep,True
78f37d3d5a68fa49,train,https://c2.staticflickr.com/5/4007/4439270976_411948b4b2_o.jpg,https://www.flickr.com/photos/25559122@N06/4439270976,https://creativecommons.org/licenses/by/2.0/,https://www.flickr.com/people/25559122@N06/,sammydavisdog,Mary had a little lamb.....,75355,wyvOCuMuDMzLJIBMOZPWgg==,https://c8.staticflickr.com/5/4007/4439270976_ee008cb836_z.jpg?zz=1,0.0,Sheep,True
000284a717e801dd,train,https://c6.staticflickr.com/6/5457/9005783445_6233834b64_o.jpg,https://www.flickr.com/photos/jeronimo_palacios/9005783445,https://creativecommons.org/licenses/by/2.0/,https://www.flickr.com/people/jeronimo_palacios/,Jeronimo Palacios,Untitled,1735875,c0M9YJ+iXjl3fIZxnZHCEA==,https://c4.staticflickr.com/6/5457/9005783445_39a3dc9b41_z.jpg,0.0,Sheep,True
0056aef7e2591355,train,https://farm6.staticflickr.com/6204/6106065859_cc1dfc7998_o.jpg,https://www.flickr.com/photos/biodivlibrary/6106065859,https://creativecommons.org/licenses/by/2.0/,https://www.flickr.com/people/biodivlibrary/,Biodiversity Heritage Library,n25_w1150,253917,3XlTNSzx2rNX6fwSEhDM6g==,https://c5.staticflickr.com/7/6204/6106065859_cc3aeba6e9_z.jpg,0.0,Sheep,True
013336079531b131,train,https://farm2.staticflickr.com/5481/12566363924_de4f88a5fb_o.jpg,https://www.flickr.com/photos/hrns/12566363924,https://creativecommons.org/licenses/by/2.0/,https://www.flickr.com/people/hrns/,Henry Söderlund,Balls of steel with cuddly touch,14390919,ud7/ql5S+fnR3FO3S1DsfA==,https://c2.staticflickr.com/6/5481/12566363924_1d3f73c295_z.jpg,0.0,Sheep,True
002f30e3c5df9681,train,https://farm2.staticflickr.com/6177/6134181873_7ba7cc4d3c_o.jpg,https://www.flickr.com/photos/inspirekelly/6134181873/,https://creativecommons.org/licenses/by/2.0/,https://www.flickr.com/people/inspirekelly/,Kelly Hunter,"Mmm, mud bath goodness",434719,6hEvU93aYB/BInKosyiq+A==,https://c2.staticflickr.com/7/6177/6134181873_fe2df3b03e_z.jpg,,Sheep,True
0190fccdb83944da,train,https://c3.staticflickr.com/1/382/19270168514_d95d71c799_o.jpg,https://www.flickr.com/photos/s2ublack/19270168514,https://creativecommons.org/licenses/by/2.0/,https://www.flickr.com/people/s2ublack/,Stewart Black,Hiding,4543601,S7Mhj5U9KL6fV3mVzRBCuA==,https://c8.staticflickr.com/1/382/19270168514_571354ffbb_z.jpg,0.0,Sheep,True
19bad292ec423552,train,https://farm3.staticflickr.com/8380/8500899536_238ba6944b_o.jpg,https://www.flickr.com/photos/stil_epsilon/8500899536,https://creativecommons.org/licenses/by/2.0/,https://www.flickr.com/people/stil_epsilon/,Still ePsiLoN,Crowded side road ;),675979,5Pcxf7dfwznniDxa50Vfsg==,https://c8.staticflickr.com/9/8380/8500899536_21deee029b_z.jpg,0.0,Sheep,True
084da530b654e623,train,https://farm4.staticflickr.com/8655/16337332147_0e19950492_o.jpg,https://www.flickr.com/photos/tahini/16337332147,https://creativecommons.org/licenses/by/2.0/,https://www.flickr.com/people/tahini/,Mr Thinktank,Chipping Campden February 2914,1076575,wTygRNOXYxGuEsno7P406Q==,https://c2.staticflickr.com/9/8655/16337332147_d5221dacef_z.jpg,0.0,Sheep,True
0044e01a8fa38d09,train,https://c2.staticflickr.com/9/8039/7925816248_b40d0a9f8e_o.jpg,https://www.flickr.com/photos/malindaratz/7925816248,https://creativecommons.org/licenses/by/2.0/,https://www.flickr.com/people/malindaratz/,Malinda Rathnayake,IMG_3012,1688997,0FvkXe4ZqNjt6/GXhbfGpA==,https://c7.staticflickr.com/9/8039/7925816248_520d5cc855_z.jpg,0.0,Sheep,True
e8a93c2a3628b060,train,https://farm1.staticflickr.com/4148/5129626614_4d731a6076_o.jpg,https://www.flickr.com/photos/travelista/5129626614,https://creativecommons.org/licenses/by/2.0/,https://www.flickr.com/people/travelista/,The Travelista,Aidan feeding the lamb,199007,oka2jQAwkbRH7fxkupcF5w==,https://c4.staticflickr.com/5/4148/5129626614_2a7e8832f2_z.jpg,0.0,Sheep,True
006c2dd74627eba9,train,https://c2.staticflickr.com/8/7300/11563135425_365bd24772_o.jpg,https://www.flickr.com/photos/waferboard/11563135425,https://creativecommons.org/licenses/by/2.0/,https://www.flickr.com/people/waferboard/,waferboard,Naturally polished stump,314577,QDYi2dLIszO8zwRAZ9rRuw==,https://c1.staticflickr.com/8/7300/11563135425_3d1df53405_z.jpg,0.0,Sheep,True
000a6c3a2c4d97e7,train,https://farm8.staticflickr.com/7098/7257728300_839b2a47e1_o.jpg,https://www.flickr.com/photos/biodivlibrary/7257728300,https://creativecommons.org/licenses/by/2.0/,https://www.flickr.com/people/biodivlibrary/,Biodiversity Heritage Library,n202_w1150,389921,HWjAovMsWP3ounfAW1w/Zw==,https://c8.staticflickr.com/8/7098/7257728300_225dc18b10_z.jpg,0.0,Sheep,True
02915447a522e97a,train,https://c3.staticflickr.com/9/8656/16626368267_42db86d162_o.jpg,https://www.flickr.com/photos/eamoncurry/16626368267,https://creativecommons.org/licenses/by/2.0/,https://www.flickr.com/people/eamoncurry/,Eamon Curry,"Black Sheep, Dale (Dale Abbey), Derbyshire",2174675,/79l7JRZNrMniyx8XGiCfg==,https://c3.staticflickr.com/9/8656/16626368267_38c0571351_z.jpg,,Sheep,True
9979a1b2b1ec70fd,train,https://c6.staticflickr.com/6/5476/9533387486_97a94b7b7a_o.jpg,https://www.flickr.com/photos/renemensen/9533387486,https://creativecommons.org/licenses/by/2.0/,https://www.flickr.com/people/renemensen/,Alias 0591,Grassmower,7010752,/jR8dhEjjj9iboYmBMUV+Q==,https://c1.staticflickr.com/6/5476/9533387486_649038724b_z.jpg,0.0,Sheep,True
000468989006adbd,train,https://c6.staticflickr.com/4/3067/2910216983_0fe788e467_o.jpg,https://www.flickr.com/photos/leomei/2910216983,https://creativecommons.org/licenses/by/2.0/,https://www.flickr.com/people/leomei/,Lin Mei,Duo Duo,4695915,5UeedqtToPrEtKT95NyRNg==,https://c7.staticflickr.com/4/3067/2910216983_a288150cb6_z.jpg,0.0,Sheep,True
005524e1e5ebadaa,train,https://c3.staticflickr.com/7/6191/6100319566_14741949d1_o.jpg,https://www.flickr.com/photos/afropicmusing/6100319566,https://creativecommons.org/licenses/by/2.0/,https://www.flickr.com/people/afropicmusing/,afromusing,Game Drive .ke - Nairobi National Park,278518,pTnEmdzfbhKRsCUgbHyUJw==,https://c3.staticflickr.com/7/6191/6100319566_fc20fd2843_z.jpg,0.0,Sheep,True
009100dbd2536de6,train,https://farm7.staticflickr.com/4092/5215553409_bccf75f2cf_o.jpg,https://www.flickr.com/photos/kpaulus/5215553409,https://creativecommons.org/licenses/by/2.0/,https://www.flickr.com/people/kpaulus/,Kristine Paulus,Skunk in Manhattan!,54810,QGAOf/C6COUGGq0YVIi6Tg==,https://c7.staticflickr.com/5/4092/5215553409_eeec7ae3eb_z.jpg,0.0,Sheep,True
0067d16d62999b5b,train,https://c4.staticflickr.com/5/4092/4961130293_b5828ceb3b_o.jpg,https://www.flickr.com/photos/bibliodyssey/4961130293,https://creativecommons.org/licenses/by/2.0/,https://www.flickr.com/people/bibliodyssey/,Paul K,Velodona togata (off Somalia),1075326,GeZ6fwl3RGDLUcfxNB+wGQ==,https://c5.staticflickr.com/5/4092/4961130293_999b947648_z.jpg,0.0,Sheep,True
071390ca1c961276,train,https://farm7.staticflickr.com/2947/15194967580_ecd7cdaa98_o.jpg,https://www.flickr.com/photos/overthetuscanstove/15194967580,https://creativecommons.org/licenses/by/2.0/,https://www.flickr.com/people/overthetuscanstove/,judywitts,Traffic jam puglia #divinapuglia,132030,kwQ9mA43uW3UyRNOyh2fNQ==,https://c4.staticflickr.com/3/2947/15194967580_641088e32c_z.jpg,0.0,Sheep,True
6fc1fd4c076c125a,train,https://c3.staticflickr.com/9/8703/17104171538_ee0f69d9d4_o.jpg,https://www.flickr.com/photos/atoach/17104171538,https://creativecommons.org/licenses/by/2.0/,https://www.flickr.com/people/atoach/,Tim Green,Ewe and lambs,4745134,+OFGC6RJaPhHbZHfuwikXw==,https://c3.staticflickr.com/9/8703/17104171538_2d8b31d297_z.jpg,0.0,Sheep,True
008671b11cf951d6,train,https://farm7.staticflickr.com/7515/15712908937_67a99c0814_o.jpg,https://www.flickr.com/photos/rikkis_refuge/15712908937,https://creativecommons.org/licenses/by/2.0/,https://www.flickr.com/people/rikkis_refuge/,Rikki&#x27;s  Refuge,THANKS!!!,74654,/Szq4Of4Z8PNKca0mkDkQw==,https://c7.staticflickr.com/8/7515/15712908937_b95abdd6fa_z.jpg,0.0,Sheep,True
0069894ceadfee77,train,https://farm8.staticflickr.com/7358/9268816841_4095c0c2fa_o.jpg,https://www.flickr.com/photos/othree/9268816841,https://creativecommons.org/licenses/by/2.0/,https://www.flickr.com/people/othree/,othree,Monster University,6235289,pEXsyC0uL0WEU7J4DuX8RA==,https://c1.staticflickr.com/8/7358/9268816841_032ae00c90_z.jpg,0.0,Sheep,True
00e32ed9219749a7,train,https://farm8.staticflickr.com/4109/5034954946_dd7398873d_o.jpg,https://www.flickr.com/photos/54397539@N06/5034954946,https://creativecommons.org/licenses/by/2.0/,https://www.flickr.com/people/54397539@N06/,gordonramsaysubmissions,gordon-ramsay-6,47849,cpubFmMthIWYbCZP/6W4Yg==,,,Sheep,True
584a6be7c1454434,train,https://farm5.staticflickr.com/3567/3392825031_1aedb1d37d_o.jpg,https://www.flickr.com/photos/binaryape/3392825031,https://creativecommons.org/licenses/by/2.0/,https://www.flickr.com/people/binaryape/,Pete Birkinshaw,Lion in the library,2196617,BLN1IFQ65nho6TSuxO6Mwg==,https://c2.staticflickr.com/4/3567/3392825031_9a788862a7_z.jpg,0.0,Sheep,True
00961fb31e1c9bdb,train,https://c4.staticflickr.com/3/2570/3900634853_7f3b31f742_o.jpg,https://www.flickr.com/photos/bibliodyssey/3900634853,https://creativecommons.org/licenses/by/2.0/,https://www.flickr.com/people/bibliodyssey/,Paul K,Chardon - Les Fleurs Animées - JJ Grandville,2699403,agUdLINZqRYGd+LgSBmXhg==,https://c7.staticflickr.com/3/2570/3900634853_f6154ebc4e_z.jpg,0.0,Sheep,True
42dc996dbd416da2,train,https://farm3.staticflickr.com/4078/4919787701_734db07b43_o.jpg,https://www.flickr.com/photos/so__p/4919787701,https://creativecommons.org/licenses/by/2.0/,https://www.flickr.com/people/so__p/,So_P,Mouton à Yongbulakang,2953478,ShLngfKEu8xybuSsJbPDzg==,https://c1.staticflickr.com/5/4078/4919787701_33460f1d80_z.jpg,0.0,Sheep,True
000256419f7c57d8,train,https://c1.staticflickr.com/3/2543/4233294764_3b3efc186d_o.jpg,https://www.flickr.com/photos/yuumi3/4233294764,https://creativecommons.org/licenses/by/2.0/,https://www.flickr.com/people/yuumi3/,Yuumi Yoshida,駒沢公園,570479,WyAh9tUgx52eY1sh78KP2g==,https://c4.staticflickr.com/3/2543/4233294764_7d21b3158d_z.jpg,0.0,Sheep,True
785c5f245096643f,train,https://c8.staticflickr.com/8/7374/8716770189_623ea064bf_o.jpg,https://www.flickr.com/photos/nubobo/8716770189,https://creativecommons.org/licenses/by/2.0/,https://www.flickr.com/people/nubobo/,nubobo,ヒツジ - 浜松市動物園,1610695,IW5nJ6yLU2Vre3rPSbZoWA==,https://c5.staticflickr.com/8/7374/8716770189_7024f1ccdd_z.jpg,0.0,Sheep,True
00331a1da927c44e,train,https://c7.staticflickr.com/8/7399/11384415086_8b1d4d75d9_o.jpg,https://www.flickr.com/photos/kittysfotos/11384415086,https://creativecommons.org/licenses/by/2.0/,https://www.flickr.com/people/kittysfotos/,Kitty Terwolbeck,"Christmas Jan Evertsenstraat, Amsterdam",1687204,DsrCHj+XKsalwj4bp1HlZQ==,https://c6.staticflickr.com/8/7399/11384415086_86a6580159_z.jpg,,Sheep,True
00574360e3de6cbb,train,https://c4.staticflickr.com/1/3/4220472_bcde736d23_o.jpg,https://www.flickr.com/photos/thinkdraw/4220472,https://creativecommons.org/licenses/by/2.0/,https://www.flickr.com/people/thinkdraw/,Think Draw,Dubai Bears,217322,2UWNjRo/uxLO50qT8lYobw==,https://c3.staticflickr.com/1/3/4220472_bcde736d23_z.jpg?zz=1,0.0,Sheep,True
001b8eac86d79744,train,https://farm5.staticflickr.com/3289/3168694228_8d723ab6a0_o.jpg,https://www.flickr.com/photos/austinevan/3168694228,https://creativecommons.org/licenses/by/2.0/,https://www.flickr.com/people/austinevan/,Evan Bench,a goat in a tree,407275,9x0pqzdDEgcoqoCBgI+YCQ==,https://c2.staticflickr.com/4/3289/3168694228_5a2d151408_z.jpg?zz=1,0.0,Sheep,True
